stableRowId,canonicalRelationshipId,sourceEvidence,sourceSha256,sourceAssetKind,role,ownerKind,ownerMigrationKey,currentAutomatedClassification,proposedDecision,privacyStatus,reviewStatus,auditFingerprint,ownerDecision,ownerNotes,reviewer,reviewedAt,evidenceChecked,followUpAction,resolutionStatus,uatRelevance,cutoverBlocker
"p14-owner-007c4ed7003f109569053f56","wix:asset:wix:activity:r9q61:6166c4e00314d43173d4","[""migration/phase9/assets-manifest.jsonl"",""migration/phase9/content-manifest.jsonl"",""migration/phase9/manual-review.csv"",""migration/phase9/source-inventory.jsonl""]","438f1b4beb6586bbf9b8e29daf7fe5ded92b4c4a04360cb6d0b4c2bc385ec50b","document","attachment","activity","wix:activity:r9q61","requires-owner-review","manual-review-required","private-draft","requires-owner-review","50983c7122e4f04a88077ea4d842b3627db88331674f403aebee55d65c8b3b7d","","","","","","","","",""
"p14-owner-0120edd2f69718f0f0adf551","wix:asset:wix:activity:o3j0h:18c3ac26280ecd393526","[""migration/phase9/assets-manifest.jsonl"",""migration/phase9/content-manifest.jsonl"",""migration/phase9/manual-review.csv"",""migration/phase9/source-inventory.jsonl""]","b430da2aa2325a3b911795f829210db760fd2431baca9e811bc65fb060da01e7","image","cover","activity","wix:activity:o3j0h","requires-owner-review","manual-review-required","private-draft","requires-owner-review","68c3ed84ad8f894cecb726ed1ac8c3de99b3830ff3213a769cc5ba6159200336","","","","","","","","",""
"p14-owner-016bdb974d850bb84020569f","wix:asset:wix:activity:fuug2:efb84ab5982115086645","[""migration/phase9/assets-manifest.jsonl"",""migration/phase9/content-manifest.jsonl"",""migration/phase9/manual-review.csv"",""migration/phase9/source-inventory.jsonl""]","b2795bcc14e07aa3a302d004c14746a84841aaacf3ca51ded1ed5f6e8c245abd","image","cover","activity","wix:activity:fuug2","requires-owner-review","manual-review-required","private-draft","requires-owner-review","394fe2518c1a3a03b0297245566eb5eb0a8dec36ac7d79760679b29a1e13e56d","","","","","","","","",""
"p14-owner-021e3be884a4e947f93e1ef1","wix:asset:wix:activity:eove1:d32e0abf3357d30fa66f","[""migration/phase9/assets-manifest.jsonl"",""migration/phase9/content-manifest.jsonl"",""migration/phase9/manual-review.csv"",""migration/phase9/source-inventory.jsonl""]","a32a7eb3fd599e3c4a52bd9033cacce1ad82be8e74152718345a93eb7a554895","document","attachment","activity","wix:activity:eove1","requires-owner-review","manual-review-required","private-draft","requires-owner-review","4b48382b9d7db69b0737155b71c4913382fb16bdfb082723befbdbf7426a1ac2","","","","","","","","",""
"p14-owner-02926d5620205c80f60153d4","wix:asset:wix:activity:ay10r:a6e0d46b5dfdc4e9631f","[""migration/phase9/assets-manifest.jsonl"",""migration/phase9/content-manifest.jsonl"",""migration/phase9/manual-review.csv"",""migration/phase9/source-inventory.jsonl""]","b1aba68bbf014cdbdc03b0f594c779a8aa4e59c13b7fa1c18cde2624763c3bdd","document","attachment","activity","wix:activity:ay10r","requires-owner-review","manual-review-required","private-draft","requires-owner-review","a3d856358bf2c30e78de165e710ba12ad2285f173606a4cfcee1fea186ceb91a","","","","","","","","",""
"p14-owner-0385019907365c79eedee630","wix:asset:wix:activity:lb7xk:db072f26fe62bbc05358","[""migration/phase9/assets-manifest.jsonl"",""migration/phase9/content-manifest.jsonl"",""migration/phase9/manual-review.csv"",""migration/phase9/source-inventory.jsonl""]","0da65f99e640ace4025ac9d46c175fce2ce69118366e34cbf43926e280777c98","document","attachment","activity","wix:activity:lb7xk","requires-owner-review","manual-review-required","private-draft","requires-owner-review","c55ca66fa98df98cd0570c474d8718fa39b366946717d0f72362556b2cacd0f0","","","","","","","","",""
"p14-owner-04cfcede626955708cd4446e","wix:asset:wix:activity:fxl97:8930f65650d2b4c6b1d4","[""migration/phase9/assets-manifest.jsonl"",""migration/phase9/content-manifest.jsonl"",""migration/phase9/manual-review.csv"",""migration/phase9/source-inventory.jsonl""]","11f9745e9a11ecf0b2d14c0c9fe3d2c9df84bb175c30f5329251d5a452608723","image","gallery","activity","wix:activity:fxl97","requires-owner-review","manual-review-required","private-draft","requires-owner-review","b0949657ce7848c5724ad76e77b363c55512ea4f0612c916a07cb3d708734523","","","","","","","","",""
"p14-owner-0539f85c4b40190a89de3ce6","wix:asset:wix:activity:mwqi8:e5066247ba2f0e99a935","[""migration/phase9/assets-manifest.jsonl"",""migration/phase9/content-manifest.jsonl"",""migration/phase9/manual-review.csv"",""migration/phase9/source-inventory.jsonl""]","048d52f4af8f8c25163c86bc3643ffdf07df573ed372bdab64466ac08f1f11b4","image","gallery","activity","wix:activity:mwqi8","requires-owner-review","manual-review-required","private-draft","requires-owner-review","5f72c9fbeb1513d19686ae5cd2d2b336d0593f2936fa5b522e5e4a5a3356166c","","","","","","","","",""
"p14-owner-05765050f9842e98bf2458fe","wix:asset:wix:activity:eeuqi:659bfe21950417ade42d","[""migration/phase9/assets-manifest.jsonl"",""migration/phase9/content-manifest.jsonl"",""migration/phase9/manual-review.csv"",""migration/phase9/source-inventory.jsonl""]","300be5b026b4c3d0ceb7b3c4c690a8b73c927291aab7a240d8d15a38ed4e2a44","document","attachment","activity","wix:activity:eeuqi","requires-owner-review","manual-review-required","private-draft","requires-owner-review","e5cc7600fdc3a4e8e87b4fb01b2f8bf9ccc1b9a0241bc6719f18727528a207f4","","","","","","","","",""
"p14-owner-05b3c210f84d73c58a1a8162","wix:asset:wix:file:5f3e6d8ae5c8f95e2fddd990:5f3e6d8ae5c8f95e2fdd","[""migration/phase9/assets-manifest.jsonl"",""migration/phase9/content-manifest.jsonl"",""migration/phase9/manual-review.csv"",""migration/phase9/source-inventory.jsonl""]","5f3e6d8ae5c8f95e2fddd99026716a029101033a901ccafe501461b38a1f8bae","document","download","file","wix:file:5f3e6d8ae5c8f95e2fddd990","requires-owner-review","manual-review-required","private-draft","requires-owner-review","09336ccaec7e4dd1193c435ec417f0841b72470a895aa53a79744c006d061add","","","","","","","","",""
"p14-owner-07ffec2c6139dbe8c2b7a015","wix:asset:wix:activity:xhbeh:26ca9e9819dcf964467b","[""migration/phase9/assets-manifest.jsonl"",""migration/phase9/content-manifest.jsonl"",""migration/phase9/manual-review.csv"",""migration/phase9/source-inventory.jsonl""]","b80059e1a939067b6575e828b7195f3e0aa6d4d6329f452a4a1925be2a7a661e","document","attachment","activity","wix:activity:xhbeh","requires-owner-review","manual-review-required","private-draft","requires-owner-review","be442f8060979f98a199b6d71460d48bec385f56874254c43a3da1047e692423","","","","","","","","",""
"p14-owner-08797096169e13bcf80ded0d","wix:asset:wix:activity:acrjz:44572b4bc21b3551e2c7","[""migration/phase9/assets-manifest.jsonl"",""migration/phase9/content-manifest.jsonl"",""migration/phase9/manual-review.csv"",""migration/phase9/source-inventory.jsonl""]","8d8486f7faf473ff6936477b932ddde30b5930fc459963fa36d7ec16c35b5a4d","document","attachment","activity","wix:activity:acrjz","requires-owner-review","manual-review-required","private-draft","requires-owner-review","3aeab75cb48390c3c28e4536e73a7a2b0b0b9bef1350af71d54889ac2fa5d640","","","","","","","","",""
"p14-owner-092b2f734c06726cca4ca821","wix:asset:wix:activity:ra9kd:52c145cb042144079df0","[""migration/phase9/assets-manifest.jsonl"",""migration/phase9/content-manifest.jsonl"",""migration/phase9/manual-review.csv"",""migration/phase9/source-inventory.jsonl""]","63a0983ebe2ec86e7bb9796feb88c48e2df229e5281e2819abed15df1dc92649","image","gallery","activity","wix:activity:ra9kd","requires-owner-review","manual-review-required","private-draft","requires-owner-review","37e01f771fc9f77c92344b0d709f9e09cd7ac787d3a4e554dd79f70471108107","","","","","","","","",""
"p14-owner-094060c923e7999a109beaa3","wix:asset:wix:file:edf9ad6849ee0ce35383ffad:edf9ad6849ee0ce35383","[""migration/phase9/assets-manifest.jsonl"",""migration/phase9/content-manifest.jsonl"",""migration/phase9/manual-review.csv"",""migration/phase9/source-inventory.jsonl""]","edf9ad6849ee0ce35383ffad39283a6929dad3571240253b35a3cf593617e504","document","download","file","wix:file:edf9ad6849ee0ce35383ffad","requires-owner-review","manual-review-required","private-draft","requires-owner-review","00a347eb441ad77c70fa802e6a1afce47463c3f880cb3bbabd39d04ddd070e65","","","","","","","","",""
"p14-owner-0af60d8127571f6d8b48f304","source-only:wix:asset-source:bc7bfb75d01f147d4c44bae52b86ad75a7160a59107ab4fc7bb5b84c23f63a8e","[""migration/phase9/source-inventory.jsonl""]","bc7bfb75d01f147d4c44bae52b86ad75a7160a59107ab4fc7bb5b84c23f63a8e","image","unknown","unresolved","","accepted_skip","manual-review-required","public-source","requires-owner-review","1c0e77cd850d593e467c7d49b745e8efd21dec29df927e4c35d9ab40ab130ba9","","","","","","","","",""
"p14-owner-0c4e03c3520c5947882f4c24","wix:asset:wix:activity:fpv52:08baa4ce8a18e9d728cf","[""migration/phase9/assets-manifest.jsonl"",""migration/phase9/content-manifest.jsonl"",""migration/phase9/manual-review.csv"",""migration/phase9/source-inventory.jsonl""]","9acc870bfcd1eec1d2b4c01161b97e4f7dd44efef8ffb4fa062c8818bb340187","image","gallery","activity","wix:activity:fpv52","requires-owner-review","manual-review-required","private-draft","requires-owner-review","0530b5f750a39fef953fe22a0e7c2aa69dc063ff287f0933ca21cf72e1ef5aa5","","","","","","","","",""
"p14-owner-0d26417761adfaed085d7ed1","wix:asset:wix:activity:eove1:5dcbad331ec385a3ed23","[""migration/phase9/assets-manifest.jsonl"",""migration/phase9/content-manifest.jsonl"",""migration/phase9/manual-review.csv"",""migration/phase9/source-inventory.jsonl""]","8ec77327ee29051c712b6373af6a7070ebf6647ffdf63658bb4e16f4da5a2b4e","image","gallery","activity","wix:activity:eove1","requires-owner-review","manual-review-required","private-draft","requires-owner-review","45ce02f7d7ecf2abcf0ba6d79ebbd3b25b898e1c7c6be5042e3f30f9dae7b738","","","","","","","","",""
"p14-owner-0e15bc7957a8cd15db4c4bda","wix:asset:wix:activity:fl2ot:c0753035148641230eeb","[""migration/phase9/assets-manifest.jsonl"",""migration/phase9/content-manifest.jsonl"",""migration/phase9/manual-review.csv"",""migration/phase9/source-inventory.jsonl""]","95427bc780b135860278f3d5e446685dead5b03ea7d3ba0761e832feaac88fa8","document","attachment","activity","wix:activity:fl2ot","requires-owner-review","manual-review-required","private-draft","requires-owner-review","e260f864cb32e366b54dbf2e2d8a3102a49475bd329765881b6ff9a8d233cf79","","","","","","","","",""
"p14-owner-0e5f21892b59be771e3b1eb6","wix:asset:wix:activity:on53s:148be0eb1dcd8cff131a","[""migration/phase9/assets-manifest.jsonl"",""migration/phase9/content-manifest.jsonl"",""migration/phase9/manual-review.csv"",""migration/phase9/source-inventory.jsonl""]","1dbb0bfbb0d16b337c0c1f66d22069270f1cb5841c2d0ecf32b83d2a495e9d9a","document","attachment","activity","wix:activity:on53s","requires-owner-review","manual-review-required","private-draft","requires-owner-review","48a11e013b543b6b94a0572a4256a082de629d18be6f691b7d8a7b7055bad9f7","","","","","","","","",""
"p14-owner-0ea1427a378a383fc95abe36","wix:asset:wix:activity:ra9kd:e06970e3dab51309824d","[""migration/phase9/assets-manifest.jsonl"",""migration/phase9/content-manifest.jsonl"",""migration/phase9/manual-review.csv"",""migration/phase9/source-inventory.jsonl""]","29f850790eb4e9ec7ae15dc36a33eb5636ed425777fc2d09a9104252767cd26e","document","attachment","activity","wix:activity:ra9kd","requires-owner-review","manual-review-required","private-draft","requires-owner-review","9aaee560bb4e588f13244567dcfa0a363d187c8ebe482ce9402392e3dd4f4929","","","","","","","","",""
"p14-owner-0f18908dacb96d3d09ab9de1","wix:asset:wix:activity:fu3bz:01be76cb980ec3a2ceb6","[""migration/phase9/assets-manifest.jsonl"",""migration/phase9/content-manifest.jsonl"",""migration/phase9/manual-review.csv"",""migration/phase9/source-inventory.jsonl""]","70ab063e647542c6b10908fb8d0a5eb800c542f65bbb6f0bb1623456dabeaefc","document","attachment","activity","wix:activity:fu3bz","requires-owner-review","manual-review-required","private-draft","requires-owner-review","0db77d72fd5dadb24ac5677ec0366b4aff2b0df7a25102c5a39ea3b894d63043","","","","","","","","",""
"p14-owner-105dcb3fb8ebcefafc2bcd91","wix:asset:wix:activity:jd4jc:63c99da883c732abd61d","[""migration/phase9/assets-manifest.jsonl"",""migration/phase9/content-manifest.jsonl"",""migration/phase9/manual-review.csv"",""migration/phase9/source-inventory.jsonl""]","9b0b5c7774147da9007432c5b0e4b068d8a5a7157681a3b0afc90d7886d8383e","document","attachment","activity","wix:activity:jd4jc","requires-owner-review","manual-review-required","private-draft","requires-owner-review","feb6ba2c1a4d3b44e9a69cd679c1375033c1daf65b35bc962dd07b7c88b2d54d","","","","","","","","",""
"p14-owner-10ca516f6178ed1b8af0e04a","wix:asset:wix:activity:mwqi8:1ce1c00d836f1ca10608","[""migration/phase9/assets-manifest.jsonl"",""migration/phase9/content-manifest.jsonl"",""migration/phase9/manual-review.csv"",""migration/phase9/source-inventory.jsonl""]","fb70ddd067d7e49107910fde8e26c9f67c3a6e673c297fc084e847037b0d05b6","image","cover","activity","wix:activity:mwqi8","requires-owner-review","manual-review-required","private-draft","requires-owner-review","1555aa85c7661fbce7190640571cbf9aca9d50c72c4092dcb1694ad66e20f2c4","","","","","","","","",""
"p14-owner-111b0b231324e61d42b28a1d","wix:asset:wix:activity:shxze:542c1883f17ae523789b","[""migration/phase9/assets-manifest.jsonl"",""migration/phase9/content-manifest.jsonl"",""migration/phase9/manual-review.csv"",""migration/phase9/source-inventory.jsonl""]","d03b3e4ab5ecae84ade7113b01f04f720f4d815f3660a2a183fe17a24f0068f8","document","attachment","activity","wix:activity:shxze","requires-owner-review","manual-review-required","private-draft","requires-owner-review","c458530ca34227c6eccd74f66edc2ef3f7b63b55153aff75d09860f002378101","","","","","","","","",""
"p14-owner-1195df536d9857dea89a8066","wix:asset:wix:activity:sr7vx:f36d2385b845a35f5ebd","[""migration/phase9/assets-manifest.jsonl"",""migration/phase9/content-manifest.jsonl"",""migration/phase9/manual-review.csv"",""migration/phase9/source-inventory.jsonl""]","23ec0ef30a0b8dcbdf2754383bfc7682792de5891a1b1dce778c8115a7a4cdf4","image","cover","activity","wix:activity:sr7vx","requires-owner-review","manual-review-required","private-draft","requires-owner-review","ec86c3b727f1687d1367b4cf4f412ae87fbd61406ef6257d8b950792ea393b01","","","","","","","","",""
"p14-owner-12122d9232b082ffe83fcfbc","wix:asset:wix:activity:wnlfh:3c361e3f521685998055","[""migration/phase9/assets-manifest.jsonl"",""migration/phase9/content-manifest.jsonl"",""migration/phase9/manual-review.csv"",""migration/phase9/source-inventory.jsonl""]","defae18831c0ce80e91fda2a3be95b356fc170babc7f96bc91a38ce77de806d9","document","attachment","activity","wix:activity:wnlfh","requires-owner-review","manual-review-required","private-draft","requires-owner-review","09424501ef22858cc6e6c17ca61fbbe580999337f071f0571add309fb091ed99","","","","","","","","",""
"p14-owner-132c6b268a400f4158cda5ac","wix:asset:wix:activity:ad87y:529d219d493ce4d6dc03","[""migration/phase9/assets-manifest.jsonl"",""migration/phase9/content-manifest.jsonl"",""migration/phase9/manual-review.csv"",""migration/phase9/source-inventory.jsonl""]","26d4ea21b60c177ec32d6a364df743d72e3cf25e334d44b7efc5ab550e0bd704","document","attachment","activity","wix:activity:ad87y","requires-owner-review","manual-review-required","private-draft","requires-owner-review","9358aba46d19a99f06aedba89bb4a21d6e1deef9753f078611da09c5f4dffe92","","","","","","","","",""
"p14-owner-1371285dbb74a99f923c3e72","wix:asset:wix:activity:xhbeh:5dcbad331ec385a3ed23","[""migration/phase9/assets-manifest.jsonl"",""migration/phase9/content-manifest.jsonl"",""migration/phase9/manual-review.csv"",""migration/phase9/source-inventory.jsonl""]","8ec77327ee29051c712b6373af6a7070ebf6647ffdf63658bb4e16f4da5a2b4e","image","gallery","activity","wix:activity:xhbeh","requires-owner-review","manual-review-required","private-draft","requires-owner-review","77112bc238d5d1cdfdcea96742e458f631fe0764e0dbd903299e2e8de1788167","","","","","","","","",""
"p14-owner-14888a43afdd9621e17df99f","wix:asset:wix:activity:io4hd:010338d6cac1441679d1","[""migration/phase9/assets-manifest.jsonl"",""migration/phase9/content-manifest.jsonl"",""migration/phase9/manual-review.csv"",""migration/phase9/source-inventory.jsonl""]","612e7f9e2003205515d44c7fbf160f0ad4c612ddfbcd6a6bc2a22f1d5d6327ac","document","attachment","activity","wix:activity:io4hd","requires-owner-review","manual-review-required","private-draft","requires-owner-review","c17dad2207960813eb1368fd7f344beda8e12098b87370e3a7f51d09a344fa9f","","","","","","","","",""
"p14-owner-14e024033bc74a55e30c7019","wix:asset:wix:activity:vro4w:150f89771f66a802c130","[""migration/phase9/assets-manifest.jsonl"",""migration/phase9/content-manifest.jsonl"",""migration/phase9/manual-review.csv"",""migration/phase9/source-inventory.jsonl""]","e690d14123d2fc3bfe40455ba7168038635188f889c783c41c58fe9b2b0f88e6","document","attachment","activity","wix:activity:vro4w","requires-owner-review","manual-review-required","private-draft","requires-owner-review","7932cfd62996f160b19f126e361e28f8915c7fbf02ae564d164563831227022a","","","","","","","","",""
"p14-owner-15c4596790acdb18baf3b53d","wix:asset:wix:activity:yq45v:abb4b1acf92bc6e96f28","[""migration/phase9/assets-manifest.jsonl"",""migration/phase9/content-manifest.jsonl"",""migration/phase9/manual-review.csv"",""migration/phase9/source-inventory.jsonl""]","2553a4b71ceed2c7b74df92d5618e6d89b89e9e7a00827668b9fa7b4f8370b66","document","attachment","activity","wix:activity:yq45v","requires-owner-review","manual-review-required","private-draft","requires-owner-review","ec5f8a0ef75fdd83d4373bdab1863b3d8117bc87250c86f5beaebfb86fd16fe5","","","","","","","","",""
"p14-owner-17916fdd3a075ea70effcbb0","source-only:wix:asset-source:65bc4292fe515c0ee8f0194ace85666bc7f386055f17f63f3100abd5cd38e127","[""migration/phase9/source-inventory.jsonl""]","65bc4292fe515c0ee8f0194ace85666bc7f386055f17f63f3100abd5cd38e127","image","unknown","unresolved","","accepted_skip","manual-review-required","public-source","requires-owner-review","46edc6e5cac90020af8e7b7c4883d9afd48cdf65480545c3e80d9956a9a3ef4e","","","","","","","","",""
"p14-owner-18c40bcfa163d68338e7885e","source-only:wix:asset-source:02b88cb2aa949f804f14b47954452a6b2b7dfc2cfc78e9b47aa9925ad3785196","[""migration/phase9/source-inventory.jsonl""]","02b88cb2aa949f804f14b47954452a6b2b7dfc2cfc78e9b47aa9925ad3785196","image","unknown","unresolved","","accepted_skip","manual-review-required","public-source","requires-owner-review","b3b12d88c0b405af3b7b9952c18f35acfc41eba9dc61c757b982f43f8dde8034","","","","","","","","",""
"p14-owner-19ebecff0d8f4073cfa146d7","wix:asset:wix:activity:fuug2:2a03ff3ef3635847ad20","[""migration/phase9/assets-manifest.jsonl"",""migration/phase9/content-manifest.jsonl"",""migration/phase9/manual-review.csv"",""migration/phase9/source-inventory.jsonl""]","c3eb8ab662bb7005e3dcd9f184891ef00b53104f299674f8d01ad081d7b12dca","image","gallery","activity","wix:activity:fuug2","requires-owner-review","manual-review-required","private-draft","requires-owner-review","77b5337e676314c0f31eff4be2a4d6b1dd957f26dc0b16a9f34d0494bf000de4","","","","","","","","",""
"p14-owner-1aa38f88a66ba0c85b1802a1","wix:asset:wix:activity:o6h8s:1e249613658ed7127f8d","[""migration/phase9/assets-manifest.jsonl"",""migration/phase9/content-manifest.jsonl"",""migration/phase9/manual-review.csv"",""migration/phase9/source-inventory.jsonl""]","5ec03bb9992ceff365889620c928673d75350ed77bb028841067335d3ec6f607","document","attachment","activity","wix:activity:o6h8s","requires-owner-review","manual-review-required","private-draft","requires-owner-review","82a5a6fad0d4465ad3dc6ee6715e7c5dfb5363aa6c34591ed842e4ea749283cf","","","","","","","","",""
"p14-owner-1cc289a1c24f1f5c01967906","wix:asset:wix:activity:fpv52:63226155c9b2c8bb9317","[""migration/phase9/assets-manifest.jsonl"",""migration/phase9/content-manifest.jsonl"",""migration/phase9/manual-review.csv"",""migration/phase9/source-inventory.jsonl""]","1b42da0115825e1a25f4c1a1bf51b6b1036dd7d95416c3fa78f8fa1d5f0e9d96","image","cover","activity","wix:activity:fpv52","requires-owner-review","manual-review-required","private-draft","requires-owner-review","08d9aadd3730858be79b5b1a2d98440d3d3b0c4b4f2155796d6567154b118f74","","","","","","","","",""
"p14-owner-1d80e04ec6381951a5c43e4d","wix:asset:wix:activity:vro4w:e27808548f218fe098b4","[""migration/phase9/assets-manifest.jsonl"",""migration/phase9/content-manifest.jsonl"",""migration/phase9/manual-review.csv"",""migration/phase9/source-inventory.jsonl""]","8b625c5787f1dfdca4cee4499ee4e604e87389985e475a6016b52076ab93f129","document","attachment","activity","wix:activity:vro4w","requires-owner-review","manual-review-required","private-draft","requires-owner-review","4522ed62d7838edc96be3ada7648406b731682fb961628d46cad4ee720f3905c","","","","","","","","",""
"p14-owner-1edccee32a90c941696890fa","wix:asset:wix:activity:u61it:ee9e9bc124a508c02f4f","[""migration/phase9/assets-manifest.jsonl"",""migration/phase9/content-manifest.jsonl"",""migration/phase9/manual-review.csv"",""migration/phase9/source-inventory.jsonl""]","1b94f32d55bd3973fc522de0396c0018dd09a7d208084b123b8d81d1aa0f5bff","document","attachment","activity","wix:activity:u61it","requires-owner-review","manual-review-required","private-draft","requires-owner-review","e1a2b2141a942fe7b53b41201cb1696a69d8e3b6dfe64569b171c7a01ce0e250","","","","","","","","",""
"p14-owner-1fa8cd99e2b93eab1dcb9d22","wix:asset:wix:activity:vro4w:ee1f506b847e8c4bc4cb","[""migration/phase9/assets-manifest.jsonl"",""migration/phase9/content-manifest.jsonl"",""migration/phase9/manual-review.csv"",""migration/phase9/source-inventory.jsonl""]","a5b33ea0908a32c095fe24e436f317b27bcd9ee32fcfeacd51d2dbe9afc24e9c","image","cover","activity","wix:activity:vro4w","requires-owner-review","manual-review-required","private-draft","requires-owner-review","67f7ab18419b542674e0290ccfad4119d378906d283bef251ba88176a3415dbb","","","","","","","","",""
"p14-owner-202f9a15f660d2e3ccfbbf41","wix:asset:wix:activity:o3j0h:8a38f01e5bed791a846c","[""migration/phase9/assets-manifest.jsonl"",""migration/phase9/content-manifest.jsonl"",""migration/phase9/manual-review.csv"",""migration/phase9/source-inventory.jsonl""]","915cc70203b1935e4eebb7b996eb91565b23ba9ba128bbf75957e1b874ebe1d9","image","gallery","activity","wix:activity:o3j0h","requires-owner-review","manual-review-required","private-draft","requires-owner-review","6ad312922df847edd4e66e64249d37538618e4dcf3b262129cd75e56f42dede7","","","","","","","","",""
"p14-owner-229b7320a4c3f6b14a1251c0","wix:asset:wix:file:65b1e1abce9823ceb2f35dda:65b1e1abce9823ceb2f3","[""migration/phase9/assets-manifest.jsonl"",""migration/phase9/content-manifest.jsonl"",""migration/phase9/manual-review.csv"",""migration/phase9/source-inventory.jsonl""]","65b1e1abce9823ceb2f35ddac678ff414e6c84f773424bde560857a607ce130c","document","download","file","wix:file:65b1e1abce9823ceb2f35dda","requires-owner-review","manual-review-required","private-draft","requires-owner-review","8de44a4215ef2f392f5ff6564790645282ca0d7b2ea2597f5987fe2b57198558","","","","","","","","",""
"p14-owner-23398650e6da1d55a756d856","wix:asset:wix:activity:lb7xk:af380077be7d7c190882","[""migration/phase9/assets-manifest.jsonl"",""migration/phase9/content-manifest.jsonl"",""migration/phase9/manual-review.csv"",""migration/phase9/source-inventory.jsonl""]","db8c00730e42f708022ae5f35fd2f272bdb2bb020ecbdb0943961f6cce459693","document","attachment","activity","wix:activity:lb7xk","requires-owner-review","manual-review-required","private-draft","requires-owner-review","fffac2bdf19b784f6108ca223bd35396849fb32073766cfa0a7f8fcd897daf44","","","","","","","","",""
"p14-owner-235b637435967e3c1bb8af0f","wix:asset:wix:activity:euvvm:e9aae9b874d784d76e13","[""migration/phase9/assets-manifest.jsonl"",""migration/phase9/content-manifest.jsonl"",""migration/phase9/manual-review.csv"",""migration/phase9/source-inventory.jsonl""]","a33d8e2c1442e3760fd91f554929cac56ac504693e296890960c71681f269010","document","attachment","activity","wix:activity:euvvm","requires-owner-review","manual-review-required","private-draft","requires-owner-review","980568a1ba72fd869de98b431313d4b9c1dda5e64201bdb460f9dbfa33b50c33","","","","","","","","",""
"p14-owner-2405d92d292aa04e12a79575","wix:asset:wix:activity:lb7xk:1383c3498c28f579a669","[""migration/phase9/assets-manifest.jsonl"",""migration/phase9/content-manifest.jsonl"",""migration/phase9/manual-review.csv"",""migration/phase9/source-inventory.jsonl""]","4f91da25eeca04dd82d759c13661ad23b70a56ac0927c751b9148b6c2caa5b27","document","attachment","activity","wix:activity:lb7xk","requires-owner-review","manual-review-required","private-draft","requires-owner-review","08b6d3105be67b5a5bfacb058b9f03b53844bc4f72598503f3b17d524fa8d995","","","","","","","","",""
"p14-owner-2418161581307dbb5e68ad43","wix:asset:wix:activity:fl2ot:6513d38d2e891c7feafb","[""migration/phase9/assets-manifest.jsonl"",""migration/phase9/content-manifest.jsonl"",""migration/phase9/manual-review.csv"",""migration/phase9/source-inventory.jsonl""]","f99a98e0858ecd8ec3cf9d5f4f00427d34df1ddaa4edf50d5fc14cfc38a047d0","image","gallery","activity","wix:activity:fl2ot","requires-owner-review","manual-review-required","private-draft","requires-owner-review","fc387015a47a36024db41d5e38028e36f63805d44c5dd7992f869822531612e1","","","","","","","","",""
"p14-owner-24218b529d529cce12314b23","wix:asset:wix:activity:syp73:00b49a1577257dfc6915","[""migration/phase9/assets-manifest.jsonl"",""migration/phase9/content-manifest.jsonl"",""migration/phase9/manual-review.csv"",""migration/phase9/source-inventory.jsonl""]","190721b353b46580bcdf55439d5b834ca3901e7f10d8d7c2a7419b3fce41b581","image","cover","activity","wix:activity:syp73","requires-owner-review","manual-review-required","private-draft","requires-owner-review","c2e5662769405d611c50d18e4d1fa3d120f8e351684c7a5a66c62d86bc7af55d","","","","","","","","",""
"p14-owner-2470d70f595211aceaa556bc","wix:asset:wix:activity:shxze:3bc76c7ad445aeab6d5a","[""migration/phase9/assets-manifest.jsonl"",""migration/phase9/content-manifest.jsonl"",""migration/phase9/manual-review.csv"",""migration/phase9/source-inventory.jsonl""]","bc1657f24df639152bd345af0666c709d341f19b2f14a76ae8650baa350a178b","document","attachment","activity","wix:activity:shxze","requires-owner-review","manual-review-required","private-draft","requires-owner-review","74b655f5a4fc61aa58793ae0b1f18ebeffaa442e7571caa40bff4d78f10bc524","","","","","","","","",""
"p14-owner-248ffdc5495d150b47fc85bd","wix:asset:wix:activity:wiy6e:db7be3ed34688ae7b002","[""migration/phase9/assets-manifest.jsonl"",""migration/phase9/content-manifest.jsonl"",""migration/phase9/manual-review.csv"",""migration/phase9/source-inventory.jsonl""]","1feb20e7a57d0f9b1e68f2388f1ec9549ab4bbb9c593ae9f30fc5fbaba03a8e1","document","attachment","activity","wix:activity:wiy6e","requires-owner-review","manual-review-required","private-draft","requires-owner-review","11a6734608980e717a5e1d96a1ec5e355bef1470033c7319010e1d995649aac6","","","","","","","","",""
"p14-owner-25544fc96b66c02cbe83e28e","wix:asset:wix:activity:g23od:6aec3a9c723d91a98c69","[""migration/phase9/assets-manifest.jsonl"",""migration/phase9/content-manifest.jsonl"",""migration/phase9/manual-review.csv"",""migration/phase9/source-inventory.jsonl""]","bba3738161836523903081dbfc80ee4927f8349826a2992f9bb0cd551f3a89b3","document","attachment","activity","wix:activity:g23od","requires-owner-review","manual-review-required","private-draft","requires-owner-review","7ff53a6f7f48c10c4f48ab04e24997f4d4757fdbc4ddb9c8d2549a9002c28724","","","","","","","","",""
"p14-owner-277af296121886a083e2aa20","wix:asset:wix:activity:vzfv3:367212840c395955bec8","[""migration/phase9/assets-manifest.jsonl"",""migration/phase9/content-manifest.jsonl"",""migration/phase9/manual-review.csv"",""migration/phase9/source-inventory.jsonl""]","869e8b6837b13c7c75aaf9a8bc4ce473535979e45f529bfe6aad7e8217b02208","document","attachment","activity","wix:activity:vzfv3","requires-owner-review","manual-review-required","private-draft","requires-owner-review","d732bd4e8b288d3c40727db570ded3d1ee894bcc20a122124ed147cab9788f1c","","","","","","","","",""
"p14-owner-284a7f464ba0079326531116","wix:asset:wix:activity:ay10r:42ea837edd5246b65adf","[""migration/phase9/assets-manifest.jsonl"",""migration/phase9/content-manifest.jsonl"",""migration/phase9/manual-review.csv"",""migration/phase9/source-inventory.jsonl""]","5d73a79f934b03fd559fdf222a269863f96ec342eb3600518aaa67c1521c6688","document","attachment","activity","wix:activity:ay10r","requires-owner-review","manual-review-required","private-draft","requires-owner-review","5b8a670cea18605ad607b9ace20a4abb4c7abff80e2ccd3d6d68d438fc990beb","","","","","","","","",""
"p14-owner-28ada8f7238765e8593585ec","wix:asset:wix:activity:vzfv3:63596261cc990cf98900","[""migration/phase9/assets-manifest.jsonl"",""migration/phase9/content-manifest.jsonl"",""migration/phase9/manual-review.csv"",""migration/phase9/source-inventory.jsonl""]","6cc63a63e6a6806b716a498938460860fb2e8e21c571578a1e7f4833561100f1","image","gallery","activity","wix:activity:vzfv3","requires-owner-review","manual-review-required","private-draft","requires-owner-review","b6e2e99ff82643e3987a6d69d8e83339486e37bff607bdae6599f3c679669f38","","","","","","","","",""
"p14-owner-29308ff60c54bdb1b63c2621","wix:asset:wix:file:b18e08a186c9bcb684812f5d:b18e08a186c9bcb68481","[""migration/phase9/assets-manifest.jsonl"",""migration/phase9/content-manifest.jsonl"",""migration/phase9/manual-review.csv"",""migration/phase9/source-inventory.jsonl""]","b18e08a186c9bcb684812f5d9726d4e54e771d7ddb91b4f9f597bc3542ea55e9","document","download","file","wix:file:b18e08a186c9bcb684812f5d","requires-owner-review","manual-review-required","private-draft","requires-owner-review","3c5a3ca2e4b34ab6f280ff9c60f56423949c89c9e69f0c6505370df30d21b49f","","","","","","","","",""
"p14-owner-2ab00a4de544b828b2c5f681","wix:asset:wix:activity:t4l6d:4892de32014c0a378b4d","[""migration/phase9/assets-manifest.jsonl"",""migration/phase9/content-manifest.jsonl"",""migration/phase9/manual-review.csv"",""migration/phase9/source-inventory.jsonl""]","869e8b6837b13c7c75aaf9a8bc4ce473535979e45f529bfe6aad7e8217b02208","document","attachment","activity","wix:activity:t4l6d","requires-owner-review","manual-review-required","private-draft","requires-owner-review","4df79c10a42f74fc8f9511eba7e31ae8e3791c0617dfb71999b73f89d7f2f2c4","","","","","","","","",""
"p14-owner-2b724e7d4765c25b385c8999","wix:asset:wix:activity:fuug2:93561e8ba021f36b0e23","[""migration/phase9/assets-manifest.jsonl"",""migration/phase9/content-manifest.jsonl"",""migration/phase9/manual-review.csv"",""migration/phase9/source-inventory.jsonl""]","720595e897de74f869b184c9b8f6101f26857ca89b932ca7aa308d8d452bf5b5","image","gallery","activity","wix:activity:fuug2","requires-owner-review","manual-review-required","private-draft","requires-owner-review","302952acd2907135c8130adc8c47457b8d1136fe8b23f45ddaee0f9b13ab0e55","","","","","","","","",""
"p14-owner-2c3e9c7e0718c6fe5817703c","wix:asset:wix:activity:fxl97:107161829e0f70540153","[""migration/phase9/assets-manifest.jsonl"",""migration/phase9/content-manifest.jsonl"",""migration/phase9/manual-review.csv"",""migration/phase9/source-inventory.jsonl""]","4eecb5bbfb5678d40e6e18f011af595702db448159e97827cbdbf0ca6e08836d","document","attachment","activity","wix:activity:fxl97","requires-owner-review","manual-review-required","private-draft","requires-owner-review","26efb37a9b378fd92f31f91d57cffaf086894c4a11dbbe22e49d31260c6f04a1","","","","","","","","",""
"p14-owner-2ce0059a0fa45fc98cbbc60b","wix:asset:wix:file:63cfed568f7d99489500216c:63cfed568f7d99489500","[""migration/phase9/assets-manifest.jsonl"",""migration/phase9/content-manifest.jsonl"",""migration/phase9/manual-review.csv"",""migration/phase9/source-inventory.jsonl""]","63cfed568f7d99489500216c74060c821efcae81014175db672305f58de0e8c6","document","download","file","wix:file:63cfed568f7d99489500216c","requires-owner-review","manual-review-required","private-draft","requires-owner-review","549782a646e9133cb98d71c91fa2ff61cff563a65b24d213ef46d94f18565805","","","","","","","","",""
"p14-owner-2d394822bd409d88507e3df6","wix:asset:wix:activity:wquq1:38c8f99f02bd7c2bfcf3","[""migration/phase9/assets-manifest.jsonl"",""migration/phase9/content-manifest.jsonl"",""migration/phase9/manual-review.csv"",""migration/phase9/source-inventory.jsonl""]","7e02c1c8ebb8099f03a774a14a447f18830c7e15137f4298b7b19be1f1b310fc","document","attachment","activity","wix:activity:wquq1","requires-owner-review","manual-review-required","private-draft","requires-owner-review","4a58f79d984d48995f2339a56246a6e67725256558fb5c4147488e23a65398e7","","","","","","","","",""
"p14-owner-2da9ddc1000c2ef6da9d3a92","wix:asset:wix:activity:y2p9y:3d069d2a81e82c6a0f09","[""migration/phase9/assets-manifest.jsonl"",""migration/phase9/content-manifest.jsonl"",""migration/phase9/manual-review.csv"",""migration/phase9/source-inventory.jsonl""]","0b76efd21f7be28201f238c00a9e8a60cb80488abcafa484eeb5ad2df1623386","image","cover","activity","wix:activity:y2p9y","requires-owner-review","manual-review-required","private-draft","requires-owner-review","d9374dc1ec99c8a7be72cfbd7cb5df7af8c1a10456d78ebf2776ecc5b61b2e4c","","","","","","","","",""
"p14-owner-2e17ebcf47742ca1b6f834dc","wix:asset:wix:activity:finuh:67227882c48e18895dff","[""migration/phase9/assets-manifest.jsonl"",""migration/phase9/content-manifest.jsonl"",""migration/phase9/manual-review.csv"",""migration/phase9/source-inventory.jsonl""]","a41203781c9901926387f12710e69cd721e8921825b9cedae1d38e0788519fc5","document","attachment","activity","wix:activity:finuh","requires-owner-review","manual-review-required","private-draft","requires-owner-review","c42a54a4b7573a7e8d151708f76283a8320ee45bc4fdbd3a06161c6dc1a2457e","","","","","","","","",""
"p14-owner-2e4a91b39935d12303aef82d","wix:asset:wix:activity:u61it:4a4480a5de7e5068e224","[""migration/phase9/assets-manifest.jsonl"",""migration/phase9/content-manifest.jsonl"",""migration/phase9/manual-review.csv"",""migration/phase9/source-inventory.jsonl""]","bc623f881bd1ee319f22f82b4d932f6456351d84c326307ceb4f8883131bc36d","document","attachment","activity","wix:activity:u61it","requires-owner-review","manual-review-required","private-draft","requires-owner-review","12d6bdb94d280c8f9fa64fd04ff898f8aeeb8c74bf19adde27a6b0068121b27c","","","","","","","","",""
"p14-owner-2f2ac71a3abd85db003629f6","wix:asset:wix:activity:eove1:a0f7405a97b52bd7163c","[""migration/phase9/assets-manifest.jsonl"",""migration/phase9/content-manifest.jsonl"",""migration/phase9/manual-review.csv"",""migration/phase9/source-inventory.jsonl""]","7630d5a5ce591d0011c9002d4410a7197fc82915d9b1dbb1d3750f865c809315","document","attachment","activity","wix:activity:eove1","requires-owner-review","manual-review-required","private-draft","requires-owner-review","eefd9aeefdda28187057bce9e89da7756fa9142cacad6ec8b95edb322655d0cf","","","","","","","","",""
"p14-owner-30390d0d98e54a73bee83f2e","wix:asset:wix:activity:gqhoh:16b0417638e8197eaecd","[""migration/phase9/assets-manifest.jsonl"",""migration/phase9/content-manifest.jsonl"",""migration/phase9/manual-review.csv"",""migration/phase9/source-inventory.jsonl""]","e9e0923de4b51f86b796678a5b79b57d012ef0454737ef58671a994b832e1ac7","image","gallery","activity","wix:activity:gqhoh","requires-owner-review","manual-review-required","private-draft","requires-owner-review","4def5340b7c5e1f09d2c25d4630a04ef515cad88f5db1064314891e2481dbcef","","","","","","","","",""
"p14-owner-30f22abf1d031bd3a32bc864","wix:asset:wix:activity:k9aiv:97c104c22cb495e19422","[""migration/phase9/assets-manifest.jsonl"",""migration/phase9/content-manifest.jsonl"",""migration/phase9/manual-review.csv"",""migration/phase9/source-inventory.jsonl""]","160980518adc6d2b79304f3c559cc3176ba3a5aff0d14bbb913569dde982349f","document","attachment","activity","wix:activity:k9aiv","requires-owner-review","manual-review-required","private-draft","requires-owner-review","7f53973826a6a276add1ebf85e3dce69faeaee7f3123b6be99379452f702503e","","","","","","","","",""
"p14-owner-3114ada9ab542dfa86b0aef8","wix:asset:wix:activity:o2emp:0999df67f388862e15c8","[""migration/phase9/assets-manifest.jsonl"",""migration/phase9/content-manifest.jsonl"",""migration/phase9/manual-review.csv"",""migration/phase9/source-inventory.jsonl""]","7d218ae1bec9c4c61768d387b5447c05c71052603d970f6b086d0311d2d08070","document","attachment","activity","wix:activity:o2emp","requires-owner-review","manual-review-required","private-draft","requires-owner-review","35965d5e7d584dee371d4a846c604201a22478863f2042bce8a8d8aa2f64a57e","","","","","","","","",""
"p14-owner-3202b822a920474bb3cdcbc3","wix:asset:wix:activity:ay10r:9d6f8381a258b9eea82f","[""migration/phase9/assets-manifest.jsonl"",""migration/phase9/content-manifest.jsonl"",""migration/phase9/manual-review.csv"",""migration/phase9/source-inventory.jsonl""]","96b2ba726e635f3d278344ccad927f741091ea90eb0babed2864eb560e994f9f","image","cover","activity","wix:activity:ay10r","requires-owner-review","manual-review-required","private-draft","requires-owner-review","514c3e7f95772f9f0d5381fe47e08ff4481152d7194724b19f3c0c1e52f46126","","","","","","","","",""
"p14-owner-326f3a3b90eec2d3f3a5c22a","wix:asset:wix:activity:eeuqi:b54bc9e090f08a36c766","[""migration/phase9/assets-manifest.jsonl"",""migration/phase9/content-manifest.jsonl"",""migration/phase9/manual-review.csv"",""migration/phase9/source-inventory.jsonl""]","f399c54b5675ed2a0b31d48876cc06c85894afc6d279a4694bf7ac8f7954f18d","image","cover","activity","wix:activity:eeuqi","requires-owner-review","manual-review-required","private-draft","requires-owner-review","e78d8350a89c114f1dd92d86605d529ac6951c385d4fe4722407f485d75f5147","","","","","","","","",""
"p14-owner-327270aadaa6ed3fb7c582e7","wix:asset:wix:activity:fu3bz:1bdab048654ad2190235","[""migration/phase9/assets-manifest.jsonl"",""migration/phase9/content-manifest.jsonl"",""migration/phase9/manual-review.csv"",""migration/phase9/source-inventory.jsonl""]","d736ceac5ec837a4780916192324ddb86a0e8f9092203a1aaea3e74d49a918b5","document","attachment","activity","wix:activity:fu3bz","requires-owner-review","manual-review-required","private-draft","requires-owner-review","2d6d17d68cbdd5ab2142797d612a238425660c6318dd45a087667e4a3a2b69d4","","","","","","","","",""
"p14-owner-332d9d1b516cc145d97c7381","wix:asset:wix:activity:jefj3:030c22436f0d384e5f7b","[""migration/phase9/assets-manifest.jsonl"",""migration/phase9/content-manifest.jsonl"",""migration/phase9/manual-review.csv"",""migration/phase9/source-inventory.jsonl""]","c483cfeed933a7758d5ded71374fc8e7d7f15984c4bcaa5ec98a2250b6c53ad6","document","attachment","activity","wix:activity:jefj3","requires-owner-review","manual-review-required","private-draft","requires-owner-review","63ca38d29a9b4fbe44df26f38425e78adad2efe0afba54d79cbc27a9dc4ffda7","","","","","","","","",""
"p14-owner-3475d974b50893d8b931168a","wix:asset:wix:activity:o6h8s:863aab10265415d639c9","[""migration/phase9/assets-manifest.jsonl"",""migration/phase9/content-manifest.jsonl"",""migration/phase9/manual-review.csv"",""migration/phase9/source-inventory.jsonl""]","c4e73a78770fe54ddba2a65818cf6e62e76b27d26a26e01e9343f0463636a5cf","document","attachment","activity","wix:activity:o6h8s","requires-owner-review","manual-review-required","private-draft","requires-owner-review","c59b61e1c12526659890bd8be56f834700fb9b6f09362bfcb290b49cd3b97d44","","","","","","","","",""
"p14-owner-34c2fe55cdfda5480ee1ed73","wix:asset:wix:activity:nz8m8:4e25caee74906a7f3f51","[""migration/phase9/assets-manifest.jsonl"",""migration/phase9/content-manifest.jsonl"",""migration/phase9/manual-review.csv"",""migration/phase9/source-inventory.jsonl""]","49027e836f1e076768405de7b51c3fe19e0b1334f84a8a6179ce43a059a33885","document","attachment","activity","wix:activity:nz8m8","requires-owner-review","manual-review-required","private-draft","requires-owner-review","fa2143a8d346cef091f35ccddd6ec4a1cc900a50002ac056374b39558aa02377","","","","","","","","",""
"p14-owner-357e1f253fac2a81afd4f58f","wix:asset:wix:activity:ay10r:ed26a90210af11cd1af5","[""migration/phase9/assets-manifest.jsonl"",""migration/phase9/content-manifest.jsonl"",""migration/phase9/manual-review.csv"",""migration/phase9/source-inventory.jsonl""]","03147946cdc459dbeeb3a39ab69ba57ab33544f48f3cd20ee70241225bf47f9a","image","gallery","activity","wix:activity:ay10r","requires-owner-review","manual-review-required","private-draft","requires-owner-review","1e191763cb4b38a20df9bc4fce33e24d9b8ef908ebb75044b5809e68c0685c33","","","","","","","","",""
"p14-owner-3634f076343b46c0618bb3db","source-only:wix:asset-source:dd971e0880e176decd63c863644689c8af4700d829a5bdeca8d16805cdaa0abf","[""migration/phase9/source-inventory.jsonl""]","dd971e0880e176decd63c863644689c8af4700d829a5bdeca8d16805cdaa0abf","image","unknown","unresolved","","accepted_skip","manual-review-required","public-source","requires-owner-review","727c1b73c17a8501e46a091aa2d4fcd1b1c7c6c9522546906c35ab0094ce69b1","","","","","","","","",""
"p14-owner-3672595e2233e15f04402aed","wix:asset:wix:activity:io4hd:aefbb5527a4503b04f3b","[""migration/phase9/assets-manifest.jsonl"",""migration/phase9/content-manifest.jsonl"",""migration/phase9/manual-review.csv"",""migration/phase9/source-inventory.jsonl""]","faae51eedcec05f376a53677d4e81bd531935e894cbf0fbf25c550532d18968e","image","cover","activity","wix:activity:io4hd","requires-owner-review","manual-review-required","private-draft","requires-owner-review","3e91fee34d47a614574fa6eb310cd5c74cdfdf1f58cae55a850335bdc5372458","","","","","","","","",""
"p14-owner-3683fd0164f7313ca1d9c4cd","wix:asset:wix:activity:u61it:89ef2216579af6212c46","[""migration/phase9/assets-manifest.jsonl"",""migration/phase9/content-manifest.jsonl"",""migration/phase9/manual-review.csv"",""migration/phase9/source-inventory.jsonl""]","a4c315930fa36bc7e739c17b7f0cda5b9b384550ddbc1d56deccf6a134f31c41","document","attachment","activity","wix:activity:u61it","requires-owner-review","manual-review-required","private-draft","requires-owner-review","534818c669698cfae097df47e058c2b946b7219efcc327a3ffe076ed3ed9fcda","","","","","","","","",""
"p14-owner-36eec985585ec8de0300d1f5","wix:asset:wix:activity:o3j0h:06115a9f11d98e235c2d","[""migration/phase9/assets-manifest.jsonl"",""migration/phase9/content-manifest.jsonl"",""migration/phase9/manual-review.csv"",""migration/phase9/source-inventory.jsonl""]","ed26700043ec988333022cbc78bcf8e3ae06c75caf5c96d824d647880c2350f8","document","attachment","activity","wix:activity:o3j0h","requires-owner-review","manual-review-required","private-draft","requires-owner-review","3f2558a17f1d4848b67974bbfc5c5a8604397d01cb053791201ddd62f9821562","","","","","","","","",""
"p14-owner-37b96db0d125fe7c616a1786","wix:asset:wix:activity:fuug2:59ef80c9f551263b3110","[""migration/phase9/assets-manifest.jsonl"",""migration/phase9/content-manifest.jsonl"",""migration/phase9/manual-review.csv"",""migration/phase9/source-inventory.jsonl""]","9a8b5cee9cf28fe94f97409e7b1b50d77a13aeff071aff6f93dfab2992aaceea","document","attachment","activity","wix:activity:fuug2","requires-owner-review","manual-review-required","private-draft","requires-owner-review","1bb160e5f3de16d4a222c3b5a744689e752f354a7cd2a1609f44ad7f72f8becd","","","","","","","","",""
"p14-owner-3955112a69884aedec80b1fe","wix:asset:wix:activity:sr7vx:5ebb795fe1f1c4acdf85","[""migration/phase9/assets-manifest.jsonl"",""migration/phase9/content-manifest.jsonl"",""migration/phase9/manual-review.csv"",""migration/phase9/source-inventory.jsonl""]","eb675efc7e23580ae7267dd5689961da4ec69fd4cd3545db72cc088f02c84c0f","document","attachment","activity","wix:activity:sr7vx","requires-owner-review","manual-review-required","private-draft","requires-owner-review","787f9050e603c39a1f6fabaad9e20a0283434900939f471f7dc95ed11b308644","","","","","","","","",""
"p14-owner-397d3160f231a480718c2d66","wix:asset:wix:activity:lb7xk:5459f00f496d06f9c780","[""migration/phase9/assets-manifest.jsonl"",""migration/phase9/content-manifest.jsonl"",""migration/phase9/manual-review.csv"",""migration/phase9/source-inventory.jsonl""]","16266d43481015ffaae07e9b02099f119d46605966a0bcecad9a1687e2b31d33","document","attachment","activity","wix:activity:lb7xk","requires-owner-review","manual-review-required","private-draft","requires-owner-review","b29fbbe18a0d2b2edca217d3f908b75e28644cb9dbc07af721ccf18b65e4f56e","","","","","","","","",""
"p14-owner-39a17e598c4c6d24f4d52d8b","wix:asset:wix:activity:wnlfh:f92abc54f184c381fe8c","[""migration/phase9/assets-manifest.jsonl"",""migration/phase9/content-manifest.jsonl"",""migration/phase9/manual-review.csv"",""migration/phase9/source-inventory.jsonl""]","f59717f57a112c585a85f1cf22f6650846d7f7d7d45c2abca5592b7f993517be","document","attachment","activity","wix:activity:wnlfh","requires-owner-review","manual-review-required","private-draft","requires-owner-review","4a012147fd0c95c5b6638952594056d1e42fb1521c5367254c250d8d268da43c","","","","","","","","",""
"p14-owner-3c1665d3553ff98ce7859948","wix:asset:wix:activity:r9q61:55273953d6094a6f917d","[""migration/phase9/assets-manifest.jsonl"",""migration/phase9/content-manifest.jsonl"",""migration/phase9/manual-review.csv"",""migration/phase9/source-inventory.jsonl""]","43403eb57db562b8b7c1f3386ddbd992422e927cb4b4be9641d3c96d0fc2b68e","document","attachment","activity","wix:activity:r9q61","requires-owner-review","manual-review-required","private-draft","requires-owner-review","6711fe3cb8e36e97bcd032f3a7870bca5901998f4ec64c084da156e8ace826aa","","","","","","","","",""
"p14-owner-3c81fe951cbf6f9ec74a780d","wix:asset:wix:activity:fxl97:ca6ddb326ce919e50b00","[""migration/phase9/assets-manifest.jsonl"",""migration/phase9/content-manifest.jsonl"",""migration/phase9/manual-review.csv"",""migration/phase9/source-inventory.jsonl""]","61360fec7373f69ff7d285646f0ba0c7cc49d34d228d29cbf6ee6f6019cd6d38","image","gallery","activity","wix:activity:fxl97","requires-owner-review","manual-review-required","private-draft","requires-owner-review","8ed0a3240b03f01fe263683f60d0f328ce1bb020adf887c69dede0f31e698f97","","","","","","","","",""
"p14-owner-3d457cc3236e4ff90290198a","wix:asset:wix:activity:fuug2:4f11c51d0a142ecbefb7","[""migration/phase9/assets-manifest.jsonl"",""migration/phase9/content-manifest.jsonl"",""migration/phase9/manual-review.csv"",""migration/phase9/source-inventory.jsonl""]","1d9a6f6968cb062fda785979fc5703fdeb47cd06a2a0660cc74ae73c7540159a","document","attachment","activity","wix:activity:fuug2","requires-owner-review","manual-review-required","private-draft","requires-owner-review","45693a7dffec4487ae37fe50508fa04b1d423086e243eb66467dcda00571d0a1","","","","","","","","",""
"p14-owner-3da541df75ca46a7537b40bc","wix:asset:wix:activity:wquq1:917d65dcbd1a83a975bf","[""migration/phase9/assets-manifest.jsonl"",""migration/phase9/content-manifest.jsonl"",""migration/phase9/manual-review.csv"",""migration/phase9/source-inventory.jsonl""]","8b7d17c27c4ec619c8474f3641116e8f1a8c779663192b6ecb9ea4bda9a4468d","image","gallery","activity","wix:activity:wquq1","requires-owner-review","manual-review-required","private-draft","requires-owner-review","eaab2b4079528dd26e99fa12ebc66ba04d69085787fca51eaa178984c5dcff62","","","","","","","","",""
"p14-owner-3e5a6181ce238d5def404aa5","wix:asset:wix:activity:xhbeh:fdb2bca1f6548166e2d7","[""migration/phase9/assets-manifest.jsonl"",""migration/phase9/content-manifest.jsonl"",""migration/phase9/manual-review.csv"",""migration/phase9/source-inventory.jsonl""]","200cf2a321b9e74f12fbcb74f53200c18a6daaa7834d35d820c01ecb0928357d","image","gallery","activity","wix:activity:xhbeh","requires-owner-review","manual-review-required","private-draft","requires-owner-review","b3bdcdd6394a0a5d512c715af17a2ba666c4801944c72e8224069ec399bbecbe","","","","","","","","",""
"p14-owner-3f0fb0deb7f30a5f84c7ba35","wix:asset:wix:activity:sr7vx:d0815064b74939b7fe1f","[""migration/phase9/assets-manifest.jsonl"",""migration/phase9/content-manifest.jsonl"",""migration/phase9/manual-review.csv"",""migration/phase9/source-inventory.jsonl""]","0dc3589d317feabf0314ad7f94de53e630bce52118d185763d71eb3e70367b7d","document","attachment","activity","wix:activity:sr7vx","requires-owner-review","manual-review-required","private-draft","requires-owner-review","c0d5e64aa82ab51421d852ec9608e3a9fd6170323a5854a0d2ee53219fd5fed5","","","","","","","","",""
"p14-owner-3f6301b7d27000b498861e02","source-only:wix:asset-source:f9943ec2fce8b5a7643217f7a2e182e69e4512dea56f88b3e9d2148ab2249de8","[""migration/phase9/source-inventory.jsonl""]","f9943ec2fce8b5a7643217f7a2e182e69e4512dea56f88b3e9d2148ab2249de8","image","unknown","unresolved","","accepted_skip","manual-review-required","public-source","requires-owner-review","83709e5be4629057bc9e1447d6f041368f1aa92c34bcc2cc40019c835eb8e09b","","","","","","","","",""
"p14-owner-3fbea1b78edcce9bdef6a667","source-only:wix:asset-source:155d5332e7bfe95c5591c7ac278724c29dab4526b83f27328225c9c8c639daac","[""migration/phase9/source-inventory.jsonl""]","155d5332e7bfe95c5591c7ac278724c29dab4526b83f27328225c9c8c639daac","image","unknown","unresolved","","accepted_skip","manual-review-required","public-source","requires-owner-review","58858b991367dddc4da1f1915da927adb04145cc67ce712929d3ab56734f2d8f","","","","","","","","",""
"p14-owner-3fd9dd6298b2a337704f613d","wix:asset:wix:activity:io4hd:0e803d104b74c2afae63","[""migration/phase9/assets-manifest.jsonl"",""migration/phase9/content-manifest.jsonl"",""migration/phase9/manual-review.csv"",""migration/phase9/source-inventory.jsonl""]","b12fd431741c5e7dcf731b8fba2a6ed61b447f08f5477a38f4b66fdd382e4514","document","attachment","activity","wix:activity:io4hd","requires-owner-review","manual-review-required","private-draft","requires-owner-review","6ce7f6ad5fd98c745aae1e8cba3feed09bbcce0e14b71751c341ec5b89b3e163","","","","","","","","",""
"p14-owner-3fefb0938e0e5eb444373f85","wix:asset:wix:activity:zsngn:a169b864937a45bfaa11","[""migration/phase9/assets-manifest.jsonl"",""migration/phase9/content-manifest.jsonl"",""migration/phase9/manual-review.csv"",""migration/phase9/source-inventory.jsonl""]","e17fea5a0754bee09804087bb35551d3a1255451070ea35855f85c85da4a4019","document","attachment","activity","wix:activity:zsngn","requires-owner-review","manual-review-required","private-draft","requires-owner-review","edd40ae4fb4125a6ee04c8e1ec6fe2aa7ab595c87f09a86d0756aa3178f9e316","","","","","","","","",""
"p14-owner-419771e2adbbfb9898915e1b","wix:asset:wix:activity:syp73:844d599edfd17ecd6bfd","[""migration/phase9/assets-manifest.jsonl"",""migration/phase9/content-manifest.jsonl"",""migration/phase9/manual-review.csv"",""migration/phase9/source-inventory.jsonl""]","c75dd7b8839a07900a28d7efcb9399a444be1fb1b44f88cc1a9b115dbeb246dd","document","attachment","activity","wix:activity:syp73","requires-owner-review","manual-review-required","private-draft","requires-owner-review","b5389988f9772f8fb215c11514cdc7a248b661667111fc53c6de3baee11ab9bd","","","","","","","","",""
"p14-owner-41bdcb092c57606e02eef41c","wix:asset:wix:activity:wquq1:d5f73977efca0532877b","[""migration/phase9/assets-manifest.jsonl"",""migration/phase9/content-manifest.jsonl"",""migration/phase9/manual-review.csv"",""migration/phase9/source-inventory.jsonl""]","4697e130ff6e390b256a7b26f51a377f3780d668a43f9b833a8bc4d2f04be720","image","gallery","activity","wix:activity:wquq1","requires-owner-review","manual-review-required","private-draft","requires-owner-review","21f4472e27cfd3c5bb69a42b747e95d2f717fb7d8f9010c4d07def3934c6cf23","","","","","","","","",""
"p14-owner-42792d5345be13b70645c651","wix:asset:wix:activity:wnlfh:21b0dd16877d0ec96baf","[""migration/phase9/assets-manifest.jsonl"",""migration/phase9/content-manifest.jsonl"",""migration/phase9/manual-review.csv"",""migration/phase9/source-inventory.jsonl""]","5f591799c094463bb7a6eb56f340c227d3689e2ae3fa74526f0e2124c531e911","image","gallery","activity","wix:activity:wnlfh","requires-owner-review","manual-review-required","private-draft","requires-owner-review","fc218dd1ca570aa02af044c50ff6d933c7a8e6ad854707de84ed774f6a86062a","","","","","","","","",""
"p14-owner-42f9b3cbee9dfb3a176235fd","wix:asset:wix:activity:syp73:fede4d4c021b848e5c99","[""migration/phase9/assets-manifest.jsonl"",""migration/phase9/content-manifest.jsonl"",""migration/phase9/manual-review.csv"",""migration/phase9/source-inventory.jsonl""]","f5218e2db01426c8962ab565537a928a144fbf0f9236eaa667f0ca27a7ddf71f","document","attachment","activity","wix:activity:syp73","requires-owner-review","manual-review-required","private-draft","requires-owner-review","86b3205fbe0ccb7359422cfc33accbd53d7a4c23480c2c4bc3240023d2bf9bb8","","","","","","","","",""
"p14-owner-435d98a6fc4d2c36d822b97b","wix:asset:wix:activity:euvvm:9999dc6d36e95dbd1c07","[""migration/phase9/assets-manifest.jsonl"",""migration/phase9/content-manifest.jsonl"",""migration/phase9/manual-review.csv"",""migration/phase9/source-inventory.jsonl""]","072d5250e49c77c010bae325d26e7e796b77c6e12443b5ecbf866452de88d6c8","image","gallery","activity","wix:activity:euvvm","requires-owner-review","manual-review-required","private-draft","requires-owner-review","c78f20adb62bf8d9bfda760aaa8830e47f1af12381f976bff157620c81fd1f63","","","","","","","","",""
"p14-owner-43d7ef527a255123c15ca3fc","wix:asset:wix:activity:zsngn:dabe2f6fbfb58ae0160b","[""migration/phase9/assets-manifest.jsonl"",""migration/phase9/content-manifest.jsonl"",""migration/phase9/manual-review.csv"",""migration/phase9/source-inventory.jsonl""]","6f0f4c6c53e3e94a6c4fd8ca416f29c834b27e63e671bd09619255773928ac37","document","attachment","activity","wix:activity:zsngn","requires-owner-review","manual-review-required","private-draft","requires-owner-review","3cae89fa1b2b4cccd522386578c7a7a6047b8048e2589cdd74f142a0f80d801d","","","","","","","","",""
"p14-owner-4444503f88515ca03e04ba18","wix:asset:wix:activity:fl2ot:371d413918f1726f8c35","[""migration/phase9/assets-manifest.jsonl"",""migration/phase9/content-manifest.jsonl"",""migration/phase9/manual-review.csv"",""migration/phase9/source-inventory.jsonl""]","514b340f48575ebb6d0458a604c3bc9fc2230c097508dd157850c934ce831ae6","document","attachment","activity","wix:activity:fl2ot","requires-owner-review","manual-review-required","private-draft","requires-owner-review","7858dfe923177d7a12b2f537fd1b7a8affb27a2ef3df7dcdede831a2345be6c4","","","","","","","","",""
"p14-owner-44c66ee30cc32598f6019283","wix:asset:wix:activity:fuug2:bf2cf40ee4fbbdca1951","[""migration/phase9/assets-manifest.jsonl"",""migration/phase9/content-manifest.jsonl"",""migration/phase9/manual-review.csv"",""migration/phase9/source-inventory.jsonl""]","399a986e752769906789aabdc5e3de323ebce4cc5ae7f0e21e902537f8bbe4fe","document","attachment","activity","wix:activity:fuug2","requires-owner-review","manual-review-required","private-draft","requires-owner-review","4745426aa6c15b1f3b859e9aaa0a5839167c16d389e729c0b2f9fc6927296208","","","","","","","","",""
"p14-owner-44d58ffd71f7fcbf8b14ccc6","wix:asset:wix:file:4c029f4e34dbd6107e4def18:4c029f4e34dbd6107e4d","[""migration/phase9/assets-manifest.jsonl"",""migration/phase9/content-manifest.jsonl"",""migration/phase9/manual-review.csv"",""migration/phase9/source-inventory.jsonl""]","4c029f4e34dbd6107e4def18cf97bd2333dcd4186f68ab4b3a923971a76b890a","document","download","file","wix:file:4c029f4e34dbd6107e4def18","requires-owner-review","manual-review-required","private-draft","requires-owner-review","97b626ff788c7b48e8492ab31cfcd8acc9c020aafca01127421a4e5ce632ad27","","","","","","","","",""
"p14-owner-44f740aaac286eac205e004f","wix:asset:wix:activity:ay10r:86c50d8e9734d3efb3db","[""migration/phase9/assets-manifest.jsonl"",""migration/phase9/content-manifest.jsonl"",""migration/phase9/manual-review.csv"",""migration/phase9/source-inventory.jsonl""]","8e1037359438e2a42bebbd9f2cbd9114622e05bb23f423e53cb9b0575b28af7a","document","attachment","activity","wix:activity:ay10r","requires-owner-review","manual-review-required","private-draft","requires-owner-review","e243ba2cb42e8cb1e4c4c057835a3b32a6316a444a457ce7c86fa721e00daa92","","","","","","","","",""
"p14-owner-45014e913bb4cf800509246b","wix:asset:wix:activity:euvvm:88b4f399d2b9acb0f029","[""migration/phase9/assets-manifest.jsonl"",""migration/phase9/content-manifest.jsonl"",""migration/phase9/manual-review.csv"",""migration/phase9/source-inventory.jsonl""]","6564c74d1d3c7b6c54180479166026e444c6b019813fc2737fd3f8090d664f12","document","attachment","activity","wix:activity:euvvm","requires-owner-review","manual-review-required","private-draft","requires-owner-review","a7e9bbc265d3eaefabeb13fd757ef157a49157aedc2990b505064f93283074db","","","","","","","","",""
"p14-owner-461d1b0645dd20d8e22ad530","wix:asset:wix:activity:on53s:cefdabbb148c31f92721","[""migration/phase9/assets-manifest.jsonl"",""migration/phase9/content-manifest.jsonl"",""migration/phase9/manual-review.csv"",""migration/phase9/source-inventory.jsonl""]","269b59ddcaedd1e34d96f59774086f2ed22c832e1faaddfb4d420c181d57f7ec","document","attachment","activity","wix:activity:on53s","requires-owner-review","manual-review-required","private-draft","requires-owner-review","4287acbf59d76484ac03e3d0f69c743e7edf114839168c9a0f53465ffc51aa5c","","","","","","","","",""
"p14-owner-46e1a95ff927432e97b62d2d","wix:asset:wix:activity:o3j0h:b440aea77383ac8c01aa","[""migration/phase9/assets-manifest.jsonl"",""migration/phase9/content-manifest.jsonl"",""migration/phase9/manual-review.csv"",""migration/phase9/source-inventory.jsonl""]","e236d04edf17cd33f814be843199a5ab7fff12717bd086d9f2dee993ebe15b80","document","attachment","activity","wix:activity:o3j0h","requires-owner-review","manual-review-required","private-draft","requires-owner-review","af6ff78c41dbacc6bcc2babdaf1a62e90eab0d81b735667778aa6d1aef323c75","","","","","","","","",""
"p14-owner-475cc73b99130bac6117cc9b","wix:asset:wix:activity:syp73:9ca519ab8d0c03ca65e0","[""migration/phase9/assets-manifest.jsonl"",""migration/phase9/content-manifest.jsonl"",""migration/phase9/manual-review.csv"",""migration/phase9/source-inventory.jsonl""]","715cb0a29b3ff10442e7d93db439e844d8d331d738f4192caa45126e2b0ebf42","document","attachment","activity","wix:activity:syp73","requires-owner-review","manual-review-required","private-draft","requires-owner-review","2febfa84c749eec151da0592ad2ae796b54200a4aa8a253ff562f8b0ae0ddcab","","","","","","","","",""
"p14-owner-492c48197d46d3fbceee99e4","wix:asset:wix:activity:zsngn:16c16326e4d720be12ee","[""migration/phase9/assets-manifest.jsonl"",""migration/phase9/content-manifest.jsonl"",""migration/phase9/manual-review.csv"",""migration/phase9/source-inventory.jsonl""]","79f4df98ce54f4d8bec9b832c5b37f8623e22d60fa7faae86da1b7c460e56a41","document","attachment","activity","wix:activity:zsngn","requires-owner-review","manual-review-required","private-draft","requires-owner-review","48222ec7080f5d018b90e628110f5e5b37ff6bc187db3fd2a27a27b57478a171","","","","","","","","",""
"p14-owner-4955b5ae646ddea32224cc5b","wix:asset:wix:activity:o3j0h:24a6a9bd2a609bd55e4c","[""migration/phase9/assets-manifest.jsonl"",""migration/phase9/content-manifest.jsonl"",""migration/phase9/manual-review.csv"",""migration/phase9/source-inventory.jsonl""]","b9fd3ff87b902cd8e934e2d8b63cb84ae58df53e7d822f603e1b380543b81893","document","attachment","activity","wix:activity:o3j0h","requires-owner-review","manual-review-required","private-draft","requires-owner-review","552ee60428e6e776ab3073b575b0063e2d0c6453110c991452a2560b9b443f47","","","","","","","","",""
"p14-owner-49c3c89c98a8bd1a8a4e3ff4","wix:asset:wix:activity:fu3bz:881fc91c4be62777a7d6","[""migration/phase9/assets-manifest.jsonl"",""migration/phase9/content-manifest.jsonl"",""migration/phase9/manual-review.csv"",""migration/phase9/source-inventory.jsonl""]","6e8f6fcbd982a8d4923a7e5d9bfa592558fcfa52cfd6f631e1d14df68a0a00d2","document","attachment","activity","wix:activity:fu3bz","requires-owner-review","manual-review-required","private-draft","requires-owner-review","0325d21b16c9f4b3ad03bad3386935debe7db815142badac3bb73ea106564fec","","","","","","","","",""
"p14-owner-4b0fe8267a1493cbf679a664","wix:asset:wix:activity:g23od:9283de455741bef99da5","[""migration/phase9/assets-manifest.jsonl"",""migration/phase9/content-manifest.jsonl"",""migration/phase9/manual-review.csv"",""migration/phase9/source-inventory.jsonl""]","b72608c24b1745c328b5a96b56b0e5b5c90613b404f941f5a77d5b27b5644e18","document","attachment","activity","wix:activity:g23od","requires-owner-review","manual-review-required","private-draft","requires-owner-review","dcf0315f9b4d59654f4d3b98bbf53fcd006a4241f6e68794d03680de5b244d62","","","","","","","","",""
"p14-owner-4c6021fb6801e97652fab92f","wix:asset:wix:activity:nz8m8:a7a7df2d65bc7386a26b","[""migration/phase9/assets-manifest.jsonl"",""migration/phase9/content-manifest.jsonl"",""migration/phase9/manual-review.csv"",""migration/phase9/source-inventory.jsonl""]","903e1f4456a6e2fc8f9921697333ad3f75bf852caf7f0acfe3352cad93f9849c","document","attachment","activity","wix:activity:nz8m8","requires-owner-review","manual-review-required","private-draft","requires-owner-review","d9a95804845d3b7209b27cee4530e4e926f739ef8df9536a46c51614ee6e74fc","","","","","","","","",""
"p14-owner-4cb1f2adb8e38c9d7cf0e04e","wix:asset:wix:activity:r9q61:6119496dcdb6d658e0a4","[""migration/phase9/assets-manifest.jsonl"",""migration/phase9/content-manifest.jsonl"",""migration/phase9/manual-review.csv"",""migration/phase9/source-inventory.jsonl""]","760fa774675fabf8a3704c77872b3b77f1b6665f8bde33939db7164e8ad75734","image","gallery","activity","wix:activity:r9q61","requires-owner-review","manual-review-required","private-draft","requires-owner-review","a4f8fa89186de5e3f302b11776e9b8f9e0b15213798514fe1ee519d508961411","","","","","","","","",""
"p14-owner-4ef1b16850ca0ab8984e3def","source-only:wix:asset-source:f9ad52c1d5a636c929fbd017da3aeb6639c04f59b5389274396c9597008f29f7","[""migration/phase9/source-inventory.jsonl""]","f9ad52c1d5a636c929fbd017da3aeb6639c04f59b5389274396c9597008f29f7","image","unknown","unresolved","","accepted_skip","manual-review-required","public-source","requires-owner-review","1135af09ae364c266be948f51f2b04f7d7faa5a87e09ad8204cfacd66457921d","","","","","","","","",""
"p14-owner-4faa4196493d8eab32a8c068","wix:asset:wix:activity:lb7xk:cc0ac8641d2729d9128c","[""migration/phase9/assets-manifest.jsonl"",""migration/phase9/content-manifest.jsonl"",""migration/phase9/manual-review.csv"",""migration/phase9/source-inventory.jsonl""]","b8a5378e0a651e1ed7c977641a3ed82a1d9b590344ef3cf8a357b4d2c9d0127c","document","attachment","activity","wix:activity:lb7xk","requires-owner-review","manual-review-required","private-draft","requires-owner-review","0fd4f253cf7ef8fcab89d2271d208d91db4521c6033e42bb24bf2239536dbea1","","","","","","","","",""
"p14-owner-4ff243e46a7bbc63c8511d65","wix:asset:wix:activity:ad87y:4cf2151f8b4f7c1a3abf","[""migration/phase9/assets-manifest.jsonl"",""migration/phase9/content-manifest.jsonl"",""migration/phase9/manual-review.csv"",""migration/phase9/source-inventory.jsonl""]","2125706c9fc2191a591a1f7fba4b786e7ead1df1218db1d1e4f13a55101b39c6","image","gallery","activity","wix:activity:ad87y","requires-owner-review","manual-review-required","private-draft","requires-owner-review","7ace7d1e714d6e83445979d0aacb0d68de681f22271c6ace45f13e934e9ff291","","","","","","","","",""
"p14-owner-501e8acc9b5243d1323dce39","wix:asset:wix:activity:g23od:89e8412efdcfbad11dd6","[""migration/phase9/assets-manifest.jsonl"",""migration/phase9/content-manifest.jsonl"",""migration/phase9/manual-review.csv"",""migration/phase9/source-inventory.jsonl""]","5352eae941e3702e47b7b039a2b07b976ba1f5c4721c997694e4757152314051","document","attachment","activity","wix:activity:g23od","requires-owner-review","manual-review-required","private-draft","requires-owner-review","05b07ffd9cd6603752ea34c4128b7e979cbd6f526c47bec3e2bd561c74f6f3b3","","","","","","","","",""
"p14-owner-50880c3e1a3707bf80161f7a","wix:asset:wix:activity:fxl97:c4a13db85c54498e6db3","[""migration/phase9/assets-manifest.jsonl"",""migration/phase9/content-manifest.jsonl"",""migration/phase9/manual-review.csv"",""migration/phase9/source-inventory.jsonl""]","3080b2f1b77a620b772b4eb825052067e29d87f7e55c2f6c9f81141cb13b545a","document","attachment","activity","wix:activity:fxl97","requires-owner-review","manual-review-required","private-draft","requires-owner-review","c513ba15b868619f0012a3c39f09f6567066a3210255d8bb96d91fdb5a2361ae","","","","","","","","",""
"p14-owner-50a2644516f86cf9ab720d01","wix:asset:wix:activity:io4hd:1031ebe2848eaf16088b","[""migration/phase9/assets-manifest.jsonl"",""migration/phase9/content-manifest.jsonl"",""migration/phase9/manual-review.csv"",""migration/phase9/source-inventory.jsonl""]","f8e8f3c43a542027f6718d1e64c4f19cb3198f5c7bfa1ca0fedf692d8c154d56","document","attachment","activity","wix:activity:io4hd","requires-owner-review","manual-review-required","private-draft","requires-owner-review","e4738ec4f7c6001c90579e54582144e5fffb172a8d1d358f04a5fdc9c2ba3438","","","","","","","","",""
"p14-owner-53a8d03bbfbe79ef84759628","wix:asset:wix:activity:ncu3n:04c92dc82d60fdfdbe72","[""migration/phase9/assets-manifest.jsonl"",""migration/phase9/content-manifest.jsonl"",""migration/phase9/manual-review.csv"",""migration/phase9/source-inventory.jsonl""]","43a60dcfa4ffee973e4779d8af384a365b3b538bdec659142547632c29fd8ec7","document","attachment","activity","wix:activity:ncu3n","requires-owner-review","manual-review-required","private-draft","requires-owner-review","33303187e11b0e0566e50bcfd8a58bef6ef184d606e6e05d8601a38057373e58","","","","","","","","",""
"p14-owner-5536da7a1fe984a0a2e0ee1b","wix:asset:wix:activity:on53s:7b70706f7ee20c7e4aaa","[""migration/phase9/assets-manifest.jsonl"",""migration/phase9/content-manifest.jsonl"",""migration/phase9/manual-review.csv"",""migration/phase9/source-inventory.jsonl""]","bbde26e74d36183ed839a39aac82f52b84bd776310abeb1cc5f69ff7c9e9441e","document","attachment","activity","wix:activity:on53s","requires-owner-review","manual-review-required","private-draft","requires-owner-review","1f35256ea57e5134d7e648e1336560fd88a62640216857a60c6febd9078ccd78","","","","","","","","",""
"p14-owner-56793643703c28f249cf5676","wix:asset:wix:activity:u61it:9643e73919cba7e412e8","[""migration/phase9/assets-manifest.jsonl"",""migration/phase9/content-manifest.jsonl"",""migration/phase9/manual-review.csv"",""migration/phase9/source-inventory.jsonl""]","b57879e7c8757bb814ad3ab346f163b0293daa7701483da3062952ccf63a8bc9","image","gallery","activity","wix:activity:u61it","requires-owner-review","manual-review-required","private-draft","requires-owner-review","97b1e4778cec1d08c3d142ba2beec73cbd4d544e12340b6a1a395f4ded5c1f45","","","","","","","","",""
"p14-owner-56fdafdac5b2b5390c4295cf","wix:asset:wix:activity:ncu3n:f9075ab8a3310a3ee6eb","[""migration/phase9/assets-manifest.jsonl"",""migration/phase9/content-manifest.jsonl"",""migration/phase9/manual-review.csv"",""migration/phase9/source-inventory.jsonl""]","0bb33482a6126d058215f05a5dcdc561faeb657157168dcc36e605d5a4b2b791","document","attachment","activity","wix:activity:ncu3n","requires-owner-review","manual-review-required","private-draft","requires-owner-review","407fa71dd2d14e0d14397c660dcaf3735ef1d0433616906b742eeaafdbc9d8ed","","","","","","","","",""
"p14-owner-57becb5f61a5ef7851ffa07f","wix:asset:wix:activity:vzfv3:8f20ccbfe43e523e0dcf","[""migration/phase9/assets-manifest.jsonl"",""migration/phase9/content-manifest.jsonl"",""migration/phase9/manual-review.csv"",""migration/phase9/source-inventory.jsonl""]","945701a2c39c5dc9fbf95908f4a7495d2cbb501e90a5222418982421fd3de7bf","document","attachment","activity","wix:activity:vzfv3","requires-owner-review","manual-review-required","private-draft","requires-owner-review","48b3074a4a5e00a85e76d0dc55edbb1e07d9e9003e32c5e8127f3c9de40e794e","","","","","","","","",""
"p14-owner-57becd91cf7481a7598510a2","wix:asset:wix:activity:wiy6e:f4850b325b50548cd8de","[""migration/phase9/assets-manifest.jsonl"",""migration/phase9/content-manifest.jsonl"",""migration/phase9/manual-review.csv"",""migration/phase9/source-inventory.jsonl""]","592b164dbaa237a3a5e89179802c80589a9d87fe87e82aae2121c3f675b28f7e","document","attachment","activity","wix:activity:wiy6e","requires-owner-review","manual-review-required","private-draft","requires-owner-review","2e8eaa54c247805bf5ec0d258ea702d5067a80b8de9c2ee581c019f8fcf2745d","","","","","","","","",""
"p14-owner-582af960b10ccc11929c0cbf","wix:asset:wix:activity:gqhoh:c24f567fdcea511e7080","[""migration/phase9/assets-manifest.jsonl"",""migration/phase9/content-manifest.jsonl"",""migration/phase9/manual-review.csv"",""migration/phase9/source-inventory.jsonl""]","808e32b27c0f9437af98e9276c47368d5278e678c0ea991dfedb56db8c9fa894","image","gallery","activity","wix:activity:gqhoh","requires-owner-review","manual-review-required","private-draft","requires-owner-review","730995a01ac2093e8bf6d5e84bb9b664ad223a9c214f0521f3c63d970dbb1665","","","","","","","","",""
"p14-owner-586080ab327ec37d1cb28d12","wix:asset:wix:activity:u61it:2e8b74040eea3bce99c7","[""migration/phase9/assets-manifest.jsonl"",""migration/phase9/content-manifest.jsonl"",""migration/phase9/manual-review.csv"",""migration/phase9/source-inventory.jsonl""]","3211e601cfc83c97a4c2a41d8ff7a4c60e4d9de7bc357c00c1233009ac8088ee","image","gallery","activity","wix:activity:u61it","requires-owner-review","manual-review-required","private-draft","requires-owner-review","243bd5e3581200fbbc9347fc1a1a206f3de883eb1346a13311679df17d1bd3ee","","","","","","","","",""
"p14-owner-588ab19502fcdf2e6ff816c9","wix:asset:wix:activity:vzfv3:f036fa918c9a95be4d78","[""migration/phase9/assets-manifest.jsonl"",""migration/phase9/content-manifest.jsonl"",""migration/phase9/manual-review.csv"",""migration/phase9/source-inventory.jsonl""]","a7421def12816a8e99134845fc618cd14db72de44351ddbc90ba1021f788fdd1","document","attachment","activity","wix:activity:vzfv3","requires-owner-review","manual-review-required","private-draft","requires-owner-review","b95ff12bd73ff02ad7a80361369a1962117bcae1661ef99d4a0fc207a2a2252b","","","","","","","","",""
"p14-owner-58b90af09a6bd1b293b7f5b5","wix:asset:wix:activity:jd4jc:ecfef64e96b3ed5b8cb8","[""migration/phase9/assets-manifest.jsonl"",""migration/phase9/content-manifest.jsonl"",""migration/phase9/manual-review.csv"",""migration/phase9/source-inventory.jsonl""]","65968ebb8e1b12917fbcece46128c9150976a0cb971bcd248913036e6ec2e024","image","cover","activity","wix:activity:jd4jc","requires-owner-review","manual-review-required","private-draft","requires-owner-review","b1f7cf500186dbba3a578725fc84d1d8090b8426e28460e7280e3aaab43feccc","","","","","","","","",""
"p14-owner-5a27b0ccc75f41c4b5d0e38c","wix:asset:wix:activity:wnlfh:00eee81ec35defa9f5e0","[""migration/phase9/assets-manifest.jsonl"",""migration/phase9/content-manifest.jsonl"",""migration/phase9/manual-review.csv"",""migration/phase9/source-inventory.jsonl""]","0e3e71a0da0ec1d9f7c9cbb85ec33f8713dbf4a8477dda10908b0c65cb5cb387","document","attachment","activity","wix:activity:wnlfh","requires-owner-review","manual-review-required","private-draft","requires-owner-review","a9b142cc961645b8abbdb8fcaa3ccc48939a89d7142ff78007bf323bb3458de0","","","","","","","","",""
"p14-owner-5a6896b2a3b568df374e64fb","wix:asset:wix:activity:shxze:71a36203a209dcd9ade4","[""migration/phase9/assets-manifest.jsonl"",""migration/phase9/content-manifest.jsonl"",""migration/phase9/manual-review.csv"",""migration/phase9/source-inventory.jsonl""]","ad41ce4cedf4c5b6b9599c7078d465c909eb23358d69e7d7d48485dd57cbca59","document","attachment","activity","wix:activity:shxze","requires-owner-review","manual-review-required","private-draft","requires-owner-review","c959134b0cf9baf432c16d090a4c780a3a0cedfb13c5726787083decc280b3e5","","","","","","","","",""
"p14-owner-5a96b908aafe7757f9433c79","wix:asset:wix:activity:finuh:b944870f1cbe18cab479","[""migration/phase9/assets-manifest.jsonl"",""migration/phase9/content-manifest.jsonl"",""migration/phase9/manual-review.csv"",""migration/phase9/source-inventory.jsonl""]","f1a6c44af298c5ae1b1425f41c4947ebb32e7bffd0d1a368915e4760568abae1","document","attachment","activity","wix:activity:finuh","requires-owner-review","manual-review-required","private-draft","requires-owner-review","ef6c7216cd1c3d625f16e11bfc0c7bc82709add100722b4889e627ac1a4ee2ef","","","","","","","","",""
"p14-owner-5d9a969cd64d2c99b304b0aa","wix:asset:wix:activity:zsngn:b33f04b46bad7949b669","[""migration/phase9/assets-manifest.jsonl"",""migration/phase9/content-manifest.jsonl"",""migration/phase9/manual-review.csv"",""migration/phase9/source-inventory.jsonl""]","a8d0777609e96f4210ad9b81166ca916844d961cb495e4120ff042b88edfd7e9","document","attachment","activity","wix:activity:zsngn","requires-owner-review","manual-review-required","private-draft","requires-owner-review","f4b0459532e311878583267c392f9bd78bdc2c7ace358fadd3378f19747f46d9","","","","","","","","",""
"p14-owner-5e93f7da677b3a029d04d731","wix:asset:wix:activity:shxze:5350089eb97f4247b19e","[""migration/phase9/assets-manifest.jsonl"",""migration/phase9/content-manifest.jsonl"",""migration/phase9/manual-review.csv"",""migration/phase9/source-inventory.jsonl""]","c297c436052ea139e78aabbd82fedff2a7caeb04298e6e0a98af2f670d5ef4cf","document","attachment","activity","wix:activity:shxze","requires-owner-review","manual-review-required","private-draft","requires-owner-review","016a9c6e39def8aa3bb6de577b6ebb48425da82f53ed19e6ccde13cf4a4d4ab8","","","","","","","","",""
"p14-owner-5fd4180b39f83703f9c0c6c2","wix:asset:wix:activity:mqpxs:193624b0061d093c9755","[""migration/phase9/assets-manifest.jsonl"",""migration/phase9/content-manifest.jsonl"",""migration/phase9/manual-review.csv"",""migration/phase9/source-inventory.jsonl""]","11c62acc507b632cc50d5149a2e6812518944e1b604d725c9ace31c24e6aadd2","document","attachment","activity","wix:activity:mqpxs","requires-owner-review","manual-review-required","private-draft","requires-owner-review","ec73e3a99b5d4972c0fffce42e79ae29f7cceaf10be347f99de40c91278f5675","","","","","","","","",""
"p14-owner-5ffa56570d702dfc613517d1","wix:asset:wix:activity:fl2ot:32a9c2ed97f7c400fab7","[""migration/phase9/assets-manifest.jsonl"",""migration/phase9/content-manifest.jsonl"",""migration/phase9/manual-review.csv"",""migration/phase9/source-inventory.jsonl""]","74333a470b594bc1bea1130a98a728e67558818f8443f980e214bc9c63b2b108","document","attachment","activity","wix:activity:fl2ot","requires-owner-review","manual-review-required","private-draft","requires-owner-review","357c1bbbce40d7c18259413db525bf94484ac5941e854d6d1e5a6882ba0baff5","","","","","","","","",""
"p14-owner-601a91b22af6b729cd92fc73","wix:asset:wix:activity:vzfv3:de76e05f5e87783acaa1","[""migration/phase9/assets-manifest.jsonl"",""migration/phase9/content-manifest.jsonl"",""migration/phase9/manual-review.csv"",""migration/phase9/source-inventory.jsonl""]","64479d956595171fe924009a2e4d9daacff4da8adb90a58950c71526eb820e2f","image","cover","activity","wix:activity:vzfv3","requires-owner-review","manual-review-required","private-draft","requires-owner-review","eee7636b7d8ac3eb78d2d3f8b521ab84b69cbf17c56293548245ee9faefd30cf","","","","","","","","",""
"p14-owner-602042f9ba8431cfc4645b17","wix:asset:wix:activity:wquq1:3c4d4b5fdf70475a7dd6","[""migration/phase9/assets-manifest.jsonl"",""migration/phase9/content-manifest.jsonl"",""migration/phase9/manual-review.csv"",""migration/phase9/source-inventory.jsonl""]","7c1b3426b41a462ba231254f366dd6589991105ae877421ed30bbf56db65d99d","image","cover","activity","wix:activity:wquq1","requires-owner-review","manual-review-required","private-draft","requires-owner-review","8fe7c1bb0d893ebc9332aa20167a3784fd1450a628877e7a4dd004ba9c3f1562","","","","","","","","",""
"p14-owner-60e315c1247690cb00a83bca","wix:asset:wix:activity:fuug2:ff6d76d6ebcff6103f41","[""migration/phase9/assets-manifest.jsonl"",""migration/phase9/content-manifest.jsonl"",""migration/phase9/manual-review.csv"",""migration/phase9/source-inventory.jsonl""]","7f7606cfaecd49e6dc01a4940a285d2f04f9d373c3e0a510c6a976e7e11a21d2","document","attachment","activity","wix:activity:fuug2","requires-owner-review","manual-review-required","private-draft","requires-owner-review","44a6cc414b011b0d057a446b82e11dec38c0df61341ba8228a07008fc494ba0a","","","","","","","","",""
"p14-owner-61638e2c118489e5560fbeda","wix:asset:wix:activity:eove1:701bd6c862e2ed08e72f","[""migration/phase9/assets-manifest.jsonl"",""migration/phase9/content-manifest.jsonl"",""migration/phase9/manual-review.csv"",""migration/phase9/source-inventory.jsonl""]","4bad273147e61750e4aeb01e6a2cc423611bfcb1596e539bea7a6d3ba81acccd","image","cover","activity","wix:activity:eove1","requires-owner-review","manual-review-required","private-draft","requires-owner-review","4c63006aa9ee0a16077730e6f579445f4cda04fe585962a81a1563b4fb218f09","","","","","","","","",""
"p14-owner-624e767a7c45a256d6fa0072","wix:asset:wix:activity:ncu3n:61cca57de5197f9e5999","[""migration/phase9/assets-manifest.jsonl"",""migration/phase9/content-manifest.jsonl"",""migration/phase9/manual-review.csv"",""migration/phase9/source-inventory.jsonl""]","5dd079427ff16cbc338abc4c2e072e4a1ab44f131bbeea327db0551bb4cf32b8","document","attachment","activity","wix:activity:ncu3n","requires-owner-review","manual-review-required","private-draft","requires-owner-review","a24eadbdee173a83405f325020c59028ebaa9a60aefce0e303f976081b70ab01","","","","","","","","",""
"p14-owner-6254b3cdf34dad3ce79677a5","wix:asset:wix:activity:y2p9y:29766935d14fc347524d","[""migration/phase9/assets-manifest.jsonl"",""migration/phase9/content-manifest.jsonl"",""migration/phase9/manual-review.csv"",""migration/phase9/source-inventory.jsonl""]","1c6ea02cf39e1b159ff69c2c9cef10fd80bcf05192e0f0bbbdce8596fc5aa428","document","attachment","activity","wix:activity:y2p9y","requires-owner-review","manual-review-required","private-draft","requires-owner-review","8f00430b2f8a2f0126a0c1a404dba2f2e97a013bdd2b47848e440249dd405970","","","","","","","","",""
"p14-owner-62bd790c2aef1efca9015bb9","wix:asset:wix:activity:on53s:8314e70c9df8d39c97c7","[""migration/phase9/assets-manifest.jsonl"",""migration/phase9/content-manifest.jsonl"",""migration/phase9/manual-review.csv"",""migration/phase9/source-inventory.jsonl""]","0f331e401844898a4251b6bd27cd61aef6d5cf5000a823148fc7db5311fc2977","document","attachment","activity","wix:activity:on53s","requires-owner-review","manual-review-required","private-draft","requires-owner-review","3983728c7f51902362299497aa6bdb2b4c2816c9cbfde60eb94c85a08c9c529d","","","","","","","","",""
"p14-owner-62ed885125b1ab254a3a955b","wix:asset:wix:activity:shxze:5b87eea3bb92caecce0c","[""migration/phase9/assets-manifest.jsonl"",""migration/phase9/content-manifest.jsonl"",""migration/phase9/manual-review.csv"",""migration/phase9/source-inventory.jsonl""]","1a368da1e13e69c50da07df2ed77e0153a069eef9c5c38acac8e9fc0b0d966ce","image","gallery","activity","wix:activity:shxze","requires-owner-review","manual-review-required","private-draft","requires-owner-review","3f8948c8cb9ae4ec74de058678315250063c0bd0bc401dc75bb1ece743500caf","","","","","","","","",""
"p14-owner-62fbd4cadec88e50ed7e194f","wix:asset:wix:activity:xhbeh:c28d5d53bc4031704264","[""migration/phase9/assets-manifest.jsonl"",""migration/phase9/content-manifest.jsonl"",""migration/phase9/manual-review.csv"",""migration/phase9/source-inventory.jsonl""]","e6c82dcb61a022bfec86d93d25bd4adc7cf3d5c891197e0fc89839777e18bef4","document","attachment","activity","wix:activity:xhbeh","requires-owner-review","manual-review-required","private-draft","requires-owner-review","47056a56bea5a6f440145ffdef27ef39afacb5b045ad071c17a6eb111711c244","","","","","","","","",""
"p14-owner-631f8a41f797a19a7810569a","wix:asset:wix:activity:o3j0h:8d843a9982e8c08ca209","[""migration/phase9/assets-manifest.jsonl"",""migration/phase9/content-manifest.jsonl"",""migration/phase9/manual-review.csv"",""migration/phase9/source-inventory.jsonl""]","b59f112b87fd714f97f7aeda6d6a9385c4648a0c984bae4f8cbe1efbae1c8953","document","attachment","activity","wix:activity:o3j0h","requires-owner-review","manual-review-required","private-draft","requires-owner-review","daafec723096090f16021c910e24326548d5556be60eb2587fbeceb0da073848","","","","","","","","",""
"p14-owner-63432a9ef6420da07df6cfe7","wix:asset:wix:file:c40624c3103a6418dd4cd931:c40624c3103a6418dd4c","[""migration/phase9/assets-manifest.jsonl"",""migration/phase9/content-manifest.jsonl"",""migration/phase9/manual-review.csv"",""migration/phase9/source-inventory.jsonl""]","c40624c3103a6418dd4cd931c3d03cc022ea3637854f6848a0335894460a56d7","document","download","file","wix:file:c40624c3103a6418dd4cd931","requires-owner-review","manual-review-required","private-draft","requires-owner-review","0923dd1733a3f55aa346535ebc2681e0053d9d7eae0f2cf112455f07f877bd9f","","","","","","","","",""
"p14-owner-6481d37f11d076933c4add0d","wix:asset:wix:activity:wquq1:ce075dfae960881ee10b","[""migration/phase9/assets-manifest.jsonl"",""migration/phase9/content-manifest.jsonl"",""migration/phase9/manual-review.csv"",""migration/phase9/source-inventory.jsonl""]","d7a935c56e55f92611ad987e419c8581ddb06b661defd9abf9f0b4663531a5cc","document","attachment","activity","wix:activity:wquq1","requires-owner-review","manual-review-required","private-draft","requires-owner-review","8725efb850d6535c5d5cca9d8d09f139f3a7b3e6617d5fb3538dd0b1411074cd","","","","","","","","",""
"p14-owner-656da0982d0747cdd146999e","wix:asset:wix:activity:nz8m8:0a83be912f84aa9a6880","[""migration/phase9/assets-manifest.jsonl"",""migration/phase9/content-manifest.jsonl"",""migration/phase9/manual-review.csv"",""migration/phase9/source-inventory.jsonl""]","abc70aae3f07ea5c93f3ffc5ff113e327940f1b2d5980d498c90c19b2cd14b24","image","gallery","activity","wix:activity:nz8m8","requires-owner-review","manual-review-required","private-draft","requires-owner-review","73f90be18523fe4f234ab835125dd6d8431afe2f1abd3bb65c58e184fb88d26d","","","","","","","","",""
"p14-owner-67380932cf8e70ab6fea6d4b","wix:asset:wix:activity:j881c:14304db629d06710b745","[""migration/phase9/assets-manifest.jsonl"",""migration/phase9/content-manifest.jsonl"",""migration/phase9/manual-review.csv"",""migration/phase9/source-inventory.jsonl""]","6dfb4d9faf8017a0ef08bda513aaf23d537f4114491b063e92ceee89e1943346","document","attachment","activity","wix:activity:j881c","requires-owner-review","manual-review-required","private-draft","requires-owner-review","4a7510f2ec72ec17de78eafbf734b1523149515f44c77f19e9d8e98ebe9a814d","","","","","","","","",""
"p14-owner-677fe515baedd06744d3f399","wix:asset:wix:activity:fpv52:177e3b283ff9a051c54c","[""migration/phase9/assets-manifest.jsonl"",""migration/phase9/content-manifest.jsonl"",""migration/phase9/manual-review.csv"",""migration/phase9/source-inventory.jsonl""]","c15877a02582134ef38788917dcb3ff07d63db72bd3158d7568e3dea6b5029b6","document","attachment","activity","wix:activity:fpv52","requires-owner-review","manual-review-required","private-draft","requires-owner-review","b15bc9b7c5b85e5708402d8b57e3cd504d560377cc569c14523b1de0fd854d58","","","","","","","","",""
"p14-owner-67b6dd871613eac2691eb57c","wix:asset:wix:activity:ra9kd:c0dabc77e4832a5a400c","[""migration/phase9/assets-manifest.jsonl"",""migration/phase9/content-manifest.jsonl"",""migration/phase9/manual-review.csv"",""migration/phase9/source-inventory.jsonl""]","054061c609d6f640cbf1bd8e253ab61b35b8089caa59a2610402fc2e34ad72e4","image","cover","activity","wix:activity:ra9kd","requires-owner-review","manual-review-required","private-draft","requires-owner-review","10979fadc4ff843a3598efa4148867b606b11286035ade7ce47bf29ab8ee14f0","","","","","","","","",""
"p14-owner-68772c36ec468b773dbcc5f2","wix:asset:wix:activity:u61it:ba7cb5e72b75c1172dc3","[""migration/phase9/assets-manifest.jsonl"",""migration/phase9/content-manifest.jsonl"",""migration/phase9/manual-review.csv"",""migration/phase9/source-inventory.jsonl""]","cf60e4320b4f027d9fb2640e09e7b2be47299f5a337dba3464b824df1cd02687","document","attachment","activity","wix:activity:u61it","requires-owner-review","manual-review-required","private-draft","requires-owner-review","18f609895dd64986e33e76b518ccf337f7e779f13430f5281c12a8e6d2a90938","","","","","","","","",""
"p14-owner-6913d5d383e201b87a543a3a","wix:asset:wix:activity:syp73:64ec98e548dc679847e5","[""migration/phase9/assets-manifest.jsonl"",""migration/phase9/content-manifest.jsonl"",""migration/phase9/manual-review.csv"",""migration/phase9/source-inventory.jsonl""]","833eac4e5e59f6ef1dc2b42deec553b009f0ae369a71a8745fe44897796aeeb3","image","gallery","activity","wix:activity:syp73","requires-owner-review","manual-review-required","private-draft","requires-owner-review","62d548dc8e6472621c0a641ffa5cac32178ca6d24d2e0fe89f613e7475fb600b","","","","","","","","",""
"p14-owner-693286740b5ab5f42a07e3d1","source-only:wix:asset-source:905208c5920fe053ac436c8c460bd38838c1909e0d8cb25b4233f96cda6f5cf8","[""migration/phase9/source-inventory.jsonl""]","905208c5920fe053ac436c8c460bd38838c1909e0d8cb25b4233f96cda6f5cf8","image","unknown","unresolved","","accepted_skip","manual-review-required","public-source","requires-owner-review","3bdf7de136b1ae4e6a0e42964fd85a3a39fb2921f2064494dcb9c45ad82f0faa","","","","","","","","",""
"p14-owner-699adcc7516c1a1f835ef56f","source-only:wix:asset-source:f53d450e17e260a86220c35e7434ebb7e64399a1c254fefe894772bf6690dc53","[""migration/phase9/source-inventory.jsonl""]","f53d450e17e260a86220c35e7434ebb7e64399a1c254fefe894772bf6690dc53","image","unknown","unresolved","","accepted_skip","manual-review-required","public-source","requires-owner-review","db2c0563846e6c6b8441420a2fc4b62fc7d3660f0f78c74328cf1165006cef3a","","","","","","","","",""
"p14-owner-6a53014b3aec35af4d0ca8db","source-only:wix:asset-source:e800dd9be60e213059252be9add6fc1ecd625769790854fd87fbd912f792c28c","[""migration/phase9/source-inventory.jsonl""]","e800dd9be60e213059252be9add6fc1ecd625769790854fd87fbd912f792c28c","image","unknown","unresolved","","accepted_skip","manual-review-required","public-source","requires-owner-review","a78506f02f6506fbfc047750d5dd78b2d66aa143cf7ecaffc2a25c83dc66191f","","","","","","","","",""
"p14-owner-6a951dedac7116b7dab8446d","wix:asset:wix:activity:io4hd:eaa02ddce646422124f5","[""migration/phase9/assets-manifest.jsonl"",""migration/phase9/content-manifest.jsonl"",""migration/phase9/manual-review.csv"",""migration/phase9/source-inventory.jsonl""]","198af2a344ce089b02a5138ac35004de7b7e746b6f6c71774af52ef68dcc360b","image","gallery","activity","wix:activity:io4hd","requires-owner-review","manual-review-required","private-draft","requires-owner-review","82be23d41c2b8932d3469d13a8a249a2f8ac440c081737c0f518f33ebbfc2471","","","","","","","","",""
"p14-owner-6aba198cf398fa1d2f8dbf89","wix:asset:wix:activity:fl2ot:492105ba64c894eac8bd","[""migration/phase9/assets-manifest.jsonl"",""migration/phase9/content-manifest.jsonl"",""migration/phase9/manual-review.csv"",""migration/phase9/source-inventory.jsonl""]","f8ccb0af9236892f3f8413e3a76ef743a4b33ca8ba2c0acb530a671c73975781","image","gallery","activity","wix:activity:fl2ot","requires-owner-review","manual-review-required","private-draft","requires-owner-review","9cd3d74ee25ffb62971f7b983d67093d7d7d68ec8ac256d90211d2f909b0e965","","","","","","","","",""
"p14-owner-6adbc369824b930788c25e3d","wix:asset:wix:activity:sr7vx:a5948c5f7555a7122d69","[""migration/phase9/assets-manifest.jsonl"",""migration/phase9/content-manifest.jsonl"",""migration/phase9/manual-review.csv"",""migration/phase9/source-inventory.jsonl""]","26ffce7eb3f94c06fd1b06b5b0373e85a0fe172cd9cbe6b24f98486493830039","document","attachment","activity","wix:activity:sr7vx","requires-owner-review","manual-review-required","private-draft","requires-owner-review","3c5e66478c5884ea14b6086366bf7850c3354f0559e017303f7428a55d061a5a","","","","","","","","",""
"p14-owner-6b5b1a540715492679f3d906","wix:asset:wix:activity:shxze:c0a0f94b2b49c8709e50","[""migration/phase9/assets-manifest.jsonl"",""migration/phase9/content-manifest.jsonl"",""migration/phase9/manual-review.csv"",""migration/phase9/source-inventory.jsonl""]","d473f4b007bf2b49419558fe9ccd02e4b0cb23453131080cbcb2f68c53467ba1","document","attachment","activity","wix:activity:shxze","requires-owner-review","manual-review-required","private-draft","requires-owner-review","a8d023e895852191e82fbcf8e258fdb0fc524613ac10a50f8d0aa8a83dae42d0","","","","","","","","",""
"p14-owner-6c0834b8063682e80cf3553e","wix:asset:wix:activity:nz8m8:8acc4d75c2ae13a9cf24","[""migration/phase9/assets-manifest.jsonl"",""migration/phase9/content-manifest.jsonl"",""migration/phase9/manual-review.csv"",""migration/phase9/source-inventory.jsonl""]","b77d52f627b62fc81e41c6af27a216333b77764676cb78d6b72de2521c2bb8ef","document","attachment","activity","wix:activity:nz8m8","requires-owner-review","manual-review-required","private-draft","requires-owner-review","f382819502b74231b36833c12b68ae0600ca79050fbdb9215adc4c9828797370","","","","","","","","",""
"p14-owner-6c0bfdabe2352dc7b9b574da","wix:asset:wix:activity:r9q61:f1cd7e1b39696b8f8c78","[""migration/phase9/assets-manifest.jsonl"",""migration/phase9/content-manifest.jsonl"",""migration/phase9/manual-review.csv"",""migration/phase9/source-inventory.jsonl""]","e43719da9e877b55b650ae9840a833e9084307738318ae8db828353bcdf89d2c","image","gallery","activity","wix:activity:r9q61","requires-owner-review","manual-review-required","private-draft","requires-owner-review","676bdc2230bc893a31dfba1bc236e918c48d5674522fd02c6ce742fea1893500","","","","","","","","",""
"p14-owner-6c4dcbbf90fc4a2b5d11b59c","wix:asset:wix:activity:wnlfh:4a554f5f6402ac8a1d24","[""migration/phase9/assets-manifest.jsonl"",""migration/phase9/content-manifest.jsonl"",""migration/phase9/manual-review.csv"",""migration/phase9/source-inventory.jsonl""]","fae338451bbc7a562d037e46fe5b3d5267f3aae05357a9cf17fb94139d18e571","document","attachment","activity","wix:activity:wnlfh","requires-owner-review","manual-review-required","private-draft","requires-owner-review","daa4480d44533630fb1268a4905655fa71d4014a04e71d6558a97e72422b562b","","","","","","","","",""
"p14-owner-6c6b3a56a9373e2ce9fbae92","wix:asset:wix:activity:mqpxs:c21621e5c54ed5e40166","[""migration/phase9/assets-manifest.jsonl"",""migration/phase9/content-manifest.jsonl"",""migration/phase9/manual-review.csv"",""migration/phase9/source-inventory.jsonl""]","f44373845532b19920466fd022ae2543c474e2fee597c14f5b9b2174b5c107ea","document","attachment","activity","wix:activity:mqpxs","requires-owner-review","manual-review-required","private-draft","requires-owner-review","48cc1febdd453782abeac6803bb39ec85a4f6365738d7df5870675c8766c9c58","","","","","","","","",""
"p14-owner-70a36b477e8c8a73c6e6adea","wix:asset:wix:activity:wiy6e:c9bd317af9d3bd14d14a","[""migration/phase9/assets-manifest.jsonl"",""migration/phase9/content-manifest.jsonl"",""migration/phase9/manual-review.csv"",""migration/phase9/source-inventory.jsonl""]","743c8afb8e59360347277c77a58331f39b9c0afe41817fb5de1604afedcfc519","image","gallery","activity","wix:activity:wiy6e","requires-owner-review","manual-review-required","private-draft","requires-owner-review","e6064315a6eeb9bd7ba245d775c3c47e55260143ac8f06562e9c3d2905866230","","","","","","","","",""
"p14-owner-714950d38da2494cd8b90cb1","wix:asset:wix:activity:nz8m8:185f0308e9609347fb15","[""migration/phase9/assets-manifest.jsonl"",""migration/phase9/content-manifest.jsonl"",""migration/phase9/manual-review.csv"",""migration/phase9/source-inventory.jsonl""]","60ed75c3eb9bbe5e124e7965906efe759e1ef05d0131df2dfec441fab84fa4ab","image","cover","activity","wix:activity:nz8m8","requires-owner-review","manual-review-required","private-draft","requires-owner-review","d44e66198824f1c0f31df4ab945502a26d442a6a2cd617f25f1fbc80744c8443","","","","","","","","",""
"p14-owner-72166bb5f931d6de460fb0c5","wix:asset:wix:activity:mwqi8:f362aeca452cc3b604f6","[""migration/phase9/assets-manifest.jsonl"",""migration/phase9/content-manifest.jsonl"",""migration/phase9/manual-review.csv"",""migration/phase9/source-inventory.jsonl""]","404e6c4dfebd990747535b72a1de4b36ab52e0789e53f7e18d6104bab26f9272","document","attachment","activity","wix:activity:mwqi8","requires-owner-review","manual-review-required","private-draft","requires-owner-review","2ba9ce29eda175a364dd3b4e67392651c08b61ed6b72a8c70b27a669fdf9e1f8","","","","","","","","",""
"p14-owner-722598485efc64de82824ea3","wix:asset:wix:activity:y2p9y:d8fcd158a00f6044ce44","[""migration/phase9/assets-manifest.jsonl"",""migration/phase9/content-manifest.jsonl"",""migration/phase9/manual-review.csv"",""migration/phase9/source-inventory.jsonl""]","d3e79d3c13391acb1c5d606972bce23907ff4ebda6bf259bba755b4273e1178a","image","gallery","activity","wix:activity:y2p9y","requires-owner-review","manual-review-required","private-draft","requires-owner-review","992d7781d15470a55cd00af8e8e778b7d6dd96f88eed0cd5effa06a80fbd28d9","","","","","","","","",""
"p14-owner-7239593cf20351ef98d9ef3f","wix:asset:wix:activity:xhbeh:803518444d55af745154","[""migration/phase9/assets-manifest.jsonl"",""migration/phase9/content-manifest.jsonl"",""migration/phase9/manual-review.csv"",""migration/phase9/source-inventory.jsonl""]","b87d2b195b928a6ff000d85ec74084fc00da486c801df52ae4e5efb0e628647c","document","attachment","activity","wix:activity:xhbeh","requires-owner-review","manual-review-required","private-draft","requires-owner-review","daa9d24ca95d088793e9ad97b54a3899634d972144546313d4159e2574d6663d","","","","","","","","",""
"p14-owner-725c981fca197b9ec75bb307","wix:asset:wix:activity:gqhoh:b5a079a1315f32891d2e","[""migration/phase9/assets-manifest.jsonl"",""migration/phase9/content-manifest.jsonl"",""migration/phase9/manual-review.csv"",""migration/phase9/source-inventory.jsonl""]","e30d91054ca46c73ed0c2594eaa9513ac01ee0c36d1c8585177e032b4d69250a","image","cover","activity","wix:activity:gqhoh","requires-owner-review","manual-review-required","private-draft","requires-owner-review","59e51cae667d61f592125480ddc0e45d4e40558f2d43417c8f88a135ed3e9bfc","","","","","","","","",""
"p14-owner-72970ff9b8586e249a6f4d1b","source-only:wix:asset-source:6fbde1aae894b8b13304fd39e42a8b8345cb7d4c3864d8fb5c2a64570ac2a5fa","[""migration/phase9/source-inventory.jsonl""]","6fbde1aae894b8b13304fd39e42a8b8345cb7d4c3864d8fb5c2a64570ac2a5fa","image","unknown","unresolved","","accepted_skip","manual-review-required","public-source","requires-owner-review","522bac7b14e98795801491c70a8b300a0ad0ed2c91cb034fcbb2d851bc415bb4","","","","","","","","",""
"p14-owner-72e14078cb8ebadaae312786","source-only:wix:asset-source:d38111f9ee0678300a852c5fa2c667eb05cc415faf64a48e483cc86f229c25a4","[""migration/phase9/source-inventory.jsonl""]","d38111f9ee0678300a852c5fa2c667eb05cc415faf64a48e483cc86f229c25a4","image","unknown","unresolved","","accepted_skip","manual-review-required","public-source","requires-owner-review","1983f17c071ef8f6995543ff2ebfed7e76f2be082a612bc79abd5528d1692847","","","","","","","","",""
"p14-owner-732bde68bff30329d58535b3","wix:asset:wix:activity:y2p9y:f6f5d078184ef502bcca","[""migration/phase9/assets-manifest.jsonl"",""migration/phase9/content-manifest.jsonl"",""migration/phase9/manual-review.csv"",""migration/phase9/source-inventory.jsonl""]","b949393f4b3695b1568f500b2e26fcb7a884a247c8270e49ea4820f5e3b7d8c9","document","attachment","activity","wix:activity:y2p9y","requires-owner-review","manual-review-required","private-draft","requires-owner-review","61c0bec248de4e679010c51336d8fcc9a1252fddf0fc50f8dd91da99632b498a","","","","","","","","",""
"p14-owner-7397ca161780cdce76dab272","wix:asset:wix:activity:vro4w:ee937dba12486cfafe66","[""migration/phase9/assets-manifest.jsonl"",""migration/phase9/content-manifest.jsonl"",""migration/phase9/manual-review.csv"",""migration/phase9/source-inventory.jsonl""]","c032e2477d417106f424d9fbf2a0763835ea7769449bbbb66c7c06d82fd46488","document","attachment","activity","wix:activity:vro4w","requires-owner-review","manual-review-required","private-draft","requires-owner-review","0211e52bee21be6243d4421d504719a2ae881bf7fb7fa876cd7714378134b070","","","","","","","","",""
"p14-owner-7428c8a2424344fb2b625559","wix:asset:wix:activity:k9aiv:65663f3d7ed8be84db25","[""migration/phase9/assets-manifest.jsonl"",""migration/phase9/content-manifest.jsonl"",""migration/phase9/manual-review.csv"",""migration/phase9/source-inventory.jsonl""]","625e0789d4f92fce330d51d81efa2bbce8d97cec5e293be13a66d0f460b7dc6c","document","attachment","activity","wix:activity:k9aiv","requires-owner-review","manual-review-required","private-draft","requires-owner-review","517fa7f6b9d0df091a20528c620940f54a5f948e49601ea698f4eeb48921f0d1","","","","","","","","",""
"p14-owner-746eb0189a9638be11bd4ec1","wix:asset:wix:activity:wquq1:7f456cd3edd40864eeed","[""migration/phase9/assets-manifest.jsonl"",""migration/phase9/content-manifest.jsonl"",""migration/phase9/manual-review.csv"",""migration/phase9/source-inventory.jsonl""]","1a01db141371675176ed5b048da03460c5b8da66f0d6497844dacb278d4c0f4f","document","attachment","activity","wix:activity:wquq1","requires-owner-review","manual-review-required","private-draft","requires-owner-review","a7c4dcbb6fe406933d430059b739d5cb666b6a496033f1741e2f37b16c5d784d","","","","","","","","",""
"p14-owner-74938901e28d8d6482616bf4","wix:asset:wix:activity:t4l6d:7c0225add92412e98811","[""migration/phase9/assets-manifest.jsonl"",""migration/phase9/content-manifest.jsonl"",""migration/phase9/manual-review.csv"",""migration/phase9/source-inventory.jsonl""]","fc9654434e50e76c209dc8e04a8f66bc817e878816d7f150a35a4f0b3b9722fa","document","attachment","activity","wix:activity:t4l6d","requires-owner-review","manual-review-required","private-draft","requires-owner-review","7e8fbae233e38b61a38251eaf241048d2a279daf7dd638fbe1eb051cfb44b107","","","","","","","","",""
"p14-owner-74c2289036e65faaad78ffb7","wix:asset:wix:activity:wnlfh:b1c8cbeff501673f6ac0","[""migration/phase9/assets-manifest.jsonl"",""migration/phase9/content-manifest.jsonl"",""migration/phase9/manual-review.csv"",""migration/phase9/source-inventory.jsonl""]","00ef9791709c8a28976743e6b584813eb58ac051ab59ba6cd3f26566fa3dda48","document","attachment","activity","wix:activity:wnlfh","requires-owner-review","manual-review-required","private-draft","requires-owner-review","5affdacaf7d4563ef84cd7bd19c332ccbf366766085e467d6d6575022208e200","","","","","","","","",""
"p14-owner-75ab55e164def0139019574d","wix:asset:wix:activity:rndc1:1c95bfd4af6847616d3e","[""migration/phase9/assets-manifest.jsonl"",""migration/phase9/content-manifest.jsonl"",""migration/phase9/manual-review.csv"",""migration/phase9/source-inventory.jsonl""]","7b27a9e7e7e69f4ec714c4596a0d504a82cf3961712c363096d45a8513157dfe","document","attachment","activity","wix:activity:rndc1","requires-owner-review","manual-review-required","private-draft","requires-owner-review","b1b067cc0166e2174d379f481f7cf7e49cdc236f74c64274cfbc976f687f20e1","","","","","","","","",""
"p14-owner-763cd072e9d8bc5e6f9275b2","wix:asset:wix:activity:euvvm:229414b2eede46915504","[""migration/phase9/assets-manifest.jsonl"",""migration/phase9/content-manifest.jsonl"",""migration/phase9/manual-review.csv"",""migration/phase9/source-inventory.jsonl""]","fc146c8da8b95d004d45cf2e9505799847d0fd3f5e69cdfedeb635fe8212dac0","image","gallery","activity","wix:activity:euvvm","requires-owner-review","manual-review-required","private-draft","requires-owner-review","3c644d112cde93510018c72d3619b04b2f017929421fef671039a9f47b6763d2","","","","","","","","",""
"p14-owner-767c478167dd434d0e9b9305","wix:asset:wix:file:56af2bce6dcf1cf08a4958c0:56af2bce6dcf1cf08a49","[""migration/phase9/assets-manifest.jsonl"",""migration/phase9/content-manifest.jsonl"",""migration/phase9/manual-review.csv"",""migration/phase9/source-inventory.jsonl""]","56af2bce6dcf1cf08a4958c0350e584720087a3bce1dc3469216fd0a8f4279da","document","download","file","wix:file:56af2bce6dcf1cf08a4958c0","requires-owner-review","manual-review-required","private-draft","requires-owner-review","31ce4d78d14e2d5904d7ab8542758caec74957e03daa51d0ac9016ddbf908623","","","","","","","","",""
"p14-owner-7722b729fc0f76c44c60ca41","wix:asset:wix:activity:nz8m8:f2bd7b3011ee7bb673c5","[""migration/phase9/assets-manifest.jsonl"",""migration/phase9/content-manifest.jsonl"",""migration/phase9/manual-review.csv"",""migration/phase9/source-inventory.jsonl""]","62f1829a0d1a8dbf3573e5a35fa3fba91a009c8562667dedecff23634d95cf75","image","gallery","activity","wix:activity:nz8m8","requires-owner-review","manual-review-required","private-draft","requires-owner-review","c724fc55245bbb24d81f96b5248291425a4c46ecec5ed8db70c0e70db0827698","","","","","","","","",""
"p14-owner-78fc8c0428dc2affd653ec99","wix:asset:wix:activity:ncu3n:722b1b963a7a8360a2a2","[""migration/phase9/assets-manifest.jsonl"",""migration/phase9/content-manifest.jsonl"",""migration/phase9/manual-review.csv"",""migration/phase9/source-inventory.jsonl""]","45263a1dfbe971cc102d00df7eda4af3bbeb7a19ec15c0232079f679ac633b13","image","gallery","activity","wix:activity:ncu3n","requires-owner-review","manual-review-required","private-draft","requires-owner-review","af57c12507531a6eab905707553fc5368d0adb4894123d94f77f64a039f20933","","","","","","","","",""
"p14-owner-7a3e5ddeb341ec3d63b312d0","wix:asset:wix:activity:ncu3n:9b1071ae9c5f07760172","[""migration/phase9/assets-manifest.jsonl"",""migration/phase9/content-manifest.jsonl"",""migration/phase9/manual-review.csv"",""migration/phase9/source-inventory.jsonl""]","fa9117a0aa2f69b737e60cbbc5343cee2a1315e49cb09f222a7154c2140c5dbb","document","attachment","activity","wix:activity:ncu3n","requires-owner-review","manual-review-required","private-draft","requires-owner-review","aeddd9ca6a4374622d07df73c4f65305c1f0d50872e6c766f18e64801ddc2b76","","","","","","","","",""
"p14-owner-7a4ecbbed18e3195233d15c7","wix:asset:wix:activity:syp73:2d151d66a64c903b1a3c","[""migration/phase9/assets-manifest.jsonl"",""migration/phase9/content-manifest.jsonl"",""migration/phase9/manual-review.csv"",""migration/phase9/source-inventory.jsonl""]","8305ed4eb1c38bbdbd91340d2ed18e9ad3fcfbe5c908a239488b227bc304c601","document","attachment","activity","wix:activity:syp73","requires-owner-review","manual-review-required","private-draft","requires-owner-review","32ed2dd54ce3a867ec133eb3cd244e481cd1a52cd6df034ffd93ed8b0069beb0","","","","","","","","",""
"p14-owner-7bf5c000df1712be3f63bbd7","wix:asset:wix:activity:g23od:2326380a906c51f8c0dc","[""migration/phase9/assets-manifest.jsonl"",""migration/phase9/content-manifest.jsonl"",""migration/phase9/manual-review.csv"",""migration/phase9/source-inventory.jsonl""]","8af9f39934e55e79ebdcf599bb7670a85a56474525f8b713b3450407e24214ec","document","attachment","activity","wix:activity:g23od","requires-owner-review","manual-review-required","private-draft","requires-owner-review","f85bc870e2cf32fcbbadbfa2723636710d20779d856032991df86b95c33d6e41","","","","","","","","",""
"p14-owner-7d178b26d9c7ac14d07eb0c3","wix:asset:wix:activity:syp73:5cc78d29053e3468188e","[""migration/phase9/assets-manifest.jsonl"",""migration/phase9/content-manifest.jsonl"",""migration/phase9/manual-review.csv"",""migration/phase9/source-inventory.jsonl""]","a54bd16b292488069174753a5ab5217785ff249f6e9e68477eeeb528c7bff78a","document","attachment","activity","wix:activity:syp73","requires-owner-review","manual-review-required","private-draft","requires-owner-review","8824849352fa383decc661015e02352266d5b3c9344314ba42a3e0ee134955a0","","","","","","","","",""
"p14-owner-7d24f041fd6ec207a1da725e","wix:asset:wix:activity:sr7vx:c29eab2859775c0fab3b","[""migration/phase9/assets-manifest.jsonl"",""migration/phase9/content-manifest.jsonl"",""migration/phase9/manual-review.csv"",""migration/phase9/source-inventory.jsonl""]","85b4e6702f35e1069018239eb28724e1bf1d19ddffc2614acd69886763315174","document","attachment","activity","wix:activity:sr7vx","requires-owner-review","manual-review-required","private-draft","requires-owner-review","00170fb64f540e0dfc907dcdc6dfaa1e95471f37bb791c25dcc0de0c37fee869","","","","","","","","",""
"p14-owner-7d2a735147ef15b35eb47df7","wix:asset:wix:file:a84719ce6814635cd33ebf42:a84719ce6814635cd33e","[""migration/phase9/assets-manifest.jsonl"",""migration/phase9/content-manifest.jsonl"",""migration/phase9/manual-review.csv"",""migration/phase9/source-inventory.jsonl""]","a84719ce6814635cd33ebf424d7dedb954c583ea2fdd7e5f0d9595276993ef8c","document","download","file","wix:file:a84719ce6814635cd33ebf42","requires-owner-review","manual-review-required","private-draft","requires-owner-review","01699e714732649834c85130e47d44f31e364ef7761e54e7575a035111c64d8b","","","","","","","","",""
"p14-owner-7dc37b5572acd336cc93ea93","wix:asset:wix:activity:acrjz:f19598606313ea589533","[""migration/phase9/assets-manifest.jsonl"",""migration/phase9/content-manifest.jsonl"",""migration/phase9/manual-review.csv"",""migration/phase9/source-inventory.jsonl""]","49f253eb6deeddfdd04deeebe1f48df6c72a629e178a30055fbf4db2a94f7ea9","document","attachment","activity","wix:activity:acrjz","requires-owner-review","manual-review-required","private-draft","requires-owner-review","40571bc2c2f94a6f1bebf23ef8d08441f4c8450f6a71c931140ba6a4c86183f0","","","","","","","","",""
"p14-owner-7e019d70088719a7b32b01f9","wix:asset:wix:activity:jefj3:be6810379a0195d6ddff","[""migration/phase9/assets-manifest.jsonl"",""migration/phase9/content-manifest.jsonl"",""migration/phase9/manual-review.csv"",""migration/phase9/source-inventory.jsonl""]","1ab1b8a74afa26e89b06f3d3d549af2be45be7343f93c3d610d05dcbdf9ea546","document","attachment","activity","wix:activity:jefj3","requires-owner-review","manual-review-required","private-draft","requires-owner-review","491136eb8d23408af70342ca6fefded18929d2aec91b9d7decb4eafce1d26508","","","","","","","","",""
"p14-owner-7e3854aa376d91644ffe69b3","wix:asset:wix:activity:wquq1:5ad1eeb64c5272ce13f9","[""migration/phase9/assets-manifest.jsonl"",""migration/phase9/content-manifest.jsonl"",""migration/phase9/manual-review.csv"",""migration/phase9/source-inventory.jsonl""]","ea83d0914cf3f265a594338b1ca7b2c70c99a01f8eb7984dfafe4f7118d19953","document","attachment","activity","wix:activity:wquq1","requires-owner-review","manual-review-required","private-draft","requires-owner-review","e54a4e1af430e5c73758b7b6ca4bb906583011e7ca8f36d975963501bbe0a409","","","","","","","","",""
"p14-owner-7f11a5065fea16293f34270e","wix:asset:wix:activity:y2p9y:cca4e9217ce3c5652e2e","[""migration/phase9/assets-manifest.jsonl"",""migration/phase9/content-manifest.jsonl"",""migration/phase9/manual-review.csv"",""migration/phase9/source-inventory.jsonl""]","e89509a4cb5309dba1ee78d2b129a624b470d41e6dfa66cfe8f33994460c9d90","image","gallery","activity","wix:activity:y2p9y","requires-owner-review","manual-review-required","private-draft","requires-owner-review","5fc61db79a3813c42b1ce952d7af72359c99752e1dca78bdf079515c02afb8f4","","","","","","","","",""
"p14-owner-7f8647bb38e12fc153e83324","wix:asset:wix:activity:gqhoh:87478b859ec47c2365d0","[""migration/phase9/assets-manifest.jsonl"",""migration/phase9/content-manifest.jsonl"",""migration/phase9/manual-review.csv"",""migration/phase9/source-inventory.jsonl""]","a44afe37acaa45fc43c1a60ca17f18c8d6026f929d833189d39fd6f165efc239","document","attachment","activity","wix:activity:gqhoh","requires-owner-review","manual-review-required","private-draft","requires-owner-review","18778f23816d29b94e6c6ad732b5119ec9e90ea1b63ed47e5a56115ba8845b16","","","","","","","","",""
"p14-owner-7fe4853faa22d44e076519b8","wix:asset:wix:activity:yq45v:da8741b49dce9038c58b","[""migration/phase9/assets-manifest.jsonl"",""migration/phase9/content-manifest.jsonl"",""migration/phase9/manual-review.csv"",""migration/phase9/source-inventory.jsonl""]","2e259b22dcf6679e3fb7e899b0f92341dc78e2b41901ce3182d75d02e430a468","document","attachment","activity","wix:activity:yq45v","requires-owner-review","manual-review-required","private-draft","requires-owner-review","7bd2610984dfb80001e94381f47f38e107d0e2e012b24d19dceffcc689054e07","","","","","","","","",""
"p14-owner-801fd5bf07244ba61b74052b","wix:asset:wix:activity:vro4w:119f1b6d092da0874a29","[""migration/phase9/assets-manifest.jsonl"",""migration/phase9/content-manifest.jsonl"",""migration/phase9/manual-review.csv"",""migration/phase9/source-inventory.jsonl""]","7a2df9ff8d7a7a8da5bae8794447367885d31ebe80fd48305884a264e8e54a8c","image","gallery","activity","wix:activity:vro4w","requires-owner-review","manual-review-required","private-draft","requires-owner-review","d2b690db8be5de6f7981a426737716a08ac20543e4ce2f3e3c714ed68943396b","","","","","","","","",""
"p14-owner-805baff850285e5536b684dd","wix:asset:wix:activity:r9q61:88d65a7beac1b6db1f3f","[""migration/phase9/assets-manifest.jsonl"",""migration/phase9/content-manifest.jsonl"",""migration/phase9/manual-review.csv"",""migration/phase9/source-inventory.jsonl""]","1f8ced67c8ff7cc51519a35210fec6a32e0fc1fa9bb36ea4185ac3fe438787f1","document","attachment","activity","wix:activity:r9q61","requires-owner-review","manual-review-required","private-draft","requires-owner-review","5bca7a6a6630ba20de506e796d25c2cfc798f47a2d24729ddecf92d3e6791ac1","","","","","","","","",""
"p14-owner-8078dce6016ebb0f1953b639","wix:asset:wix:activity:gqhoh:29808f1614fde8b34f39","[""migration/phase9/assets-manifest.jsonl"",""migration/phase9/content-manifest.jsonl"",""migration/phase9/manual-review.csv"",""migration/phase9/source-inventory.jsonl""]","dd48675a96c676c9e40da002e918467e4ed1729b98721bbd3ce6b74126d4481a","document","attachment","activity","wix:activity:gqhoh","requires-owner-review","manual-review-required","private-draft","requires-owner-review","47976b446653478e9ee25775854663a2a70e91bf824d3ba464c1c5eae0f020c2","","","","","","","","",""
"p14-owner-80ac08b9c2ee97fa573574d3","wix:asset:wix:activity:mwqi8:48efa5c2bf74fd2fec90","[""migration/phase9/assets-manifest.jsonl"",""migration/phase9/content-manifest.jsonl"",""migration/phase9/manual-review.csv"",""migration/phase9/source-inventory.jsonl""]","7c43d73cdef1cf47f411451b51fb4250d63e2e2157aed4a9d79902d9e34ef62e","document","attachment","activity","wix:activity:mwqi8","requires-owner-review","manual-review-required","private-draft","requires-owner-review","0370ff66675c9c63ff2bc8b435c1ed4e4b21e276350870586906bdbd3497b20b","","","","","","","","",""
"p14-owner-811219afa584a775c8cc9516","source-only:wix:asset-source:5b63c1696bb88cd946c6d797d9545bfc15775c308437d59ab1f5552ef20a67ca","[""migration/phase9/source-inventory.jsonl""]","5b63c1696bb88cd946c6d797d9545bfc15775c308437d59ab1f5552ef20a67ca","image","unknown","unresolved","","accepted_skip","manual-review-required","public-source","requires-owner-review","9eafaa57a4603e4f990f2ac4f60d08a5f894eabe7b2791df0735cadcf03c6ab7","","","","","","","","",""
"p14-owner-8135c015d81fe20e0491903a","wix:asset:wix:activity:eeuqi:8ac32ce381624805ac46","[""migration/phase9/assets-manifest.jsonl"",""migration/phase9/content-manifest.jsonl"",""migration/phase9/manual-review.csv"",""migration/phase9/source-inventory.jsonl""]","ec3230dcfff0723a361b2146fa37df6fbee00e42e61544905d9ec782a4bfb058","document","attachment","activity","wix:activity:eeuqi","requires-owner-review","manual-review-required","private-draft","requires-owner-review","8b2d87eb04f690d0bec54bbd72a547ab747338d6020a2102cac52d25f8ada851","","","","","","","","",""
"p14-owner-819ee93ab9fb4069d0471d87","wix:asset:wix:activity:on53s:73d02f58d5a04f9f4740","[""migration/phase9/assets-manifest.jsonl"",""migration/phase9/content-manifest.jsonl"",""migration/phase9/manual-review.csv"",""migration/phase9/source-inventory.jsonl""]","84beeca88202445aece4c59ca5afc69206c128abc08ab7fa44c40b9eb6f0e112","document","attachment","activity","wix:activity:on53s","requires-owner-review","manual-review-required","private-draft","requires-owner-review","72d1b605a8e127ab128b0784c0353260bbd7b359a63608c963be383ac2a6f6ae","","","","","","","","",""
"p14-owner-82574fd6e0b4ff35fa086385","wix:asset:wix:activity:fl2ot:39140d44e51085c445d2","[""migration/phase9/assets-manifest.jsonl"",""migration/phase9/content-manifest.jsonl"",""migration/phase9/manual-review.csv"",""migration/phase9/source-inventory.jsonl""]","f90b2b87c192ae477808a4fe2d4213e14b5944b3a9d96446c62ce37a478c74f2","document","attachment","activity","wix:activity:fl2ot","requires-owner-review","manual-review-required","private-draft","requires-owner-review","10f124f7d6445f9c5268f4ba38ec292f9e0303a163d94a9536e11050d4bb71e7","","","","","","","","",""
"p14-owner-837bae14a5a5f1884143e9c8","wix:asset:wix:activity:mh72i:432a0954cdc787ddf415","[""migration/phase9/assets-manifest.jsonl"",""migration/phase9/content-manifest.jsonl"",""migration/phase9/manual-review.csv"",""migration/phase9/source-inventory.jsonl""]","2dcc53dfae5cb82f18c76065c6bdce2b26a9443d16905c8475f1ef4f48d28f0e","document","attachment","activity","wix:activity:mh72i","requires-owner-review","manual-review-required","private-draft","requires-owner-review","12951bd9d27b6af4fd60759fb74d8d20622c01f974df4381356384df4a3745fb","","","","","","","","",""
"p14-owner-844760138e71f2aa3837aa86","wix:asset:wix:activity:eove1:99f7f473a23f93d2e964","[""migration/phase9/assets-manifest.jsonl"",""migration/phase9/content-manifest.jsonl"",""migration/phase9/manual-review.csv"",""migration/phase9/source-inventory.jsonl""]","e1a7e35fddf77022341e9faa6333bd632381670a20776b15a0943056de136541","document","attachment","activity","wix:activity:eove1","requires-owner-review","manual-review-required","private-draft","requires-owner-review","3acbb335df7f85f500253fbef38f8207c7602ebbacf2752bc7256614ab900d17","","","","","","","","",""
"p14-owner-85732de778a63c98c2de040a","wix:asset:wix:activity:o2emp:a11bd9d80b85b6a74ddb","[""migration/phase9/assets-manifest.jsonl"",""migration/phase9/content-manifest.jsonl"",""migration/phase9/manual-review.csv"",""migration/phase9/source-inventory.jsonl""]","51de5406db536f9ec412921fa5df7a468d27215696f1fd673de5fbd2da24fd14","document","attachment","activity","wix:activity:o2emp","requires-owner-review","manual-review-required","private-draft","requires-owner-review","4db537d5bd3534bb85284ca368f3e1539c00bebc3c90291c7aceb2805c777ef0","","","","","","","","",""
"p14-owner-880f6db0899423fbb5019c88","wix:asset:wix:activity:xhbeh:27d8088a539e872bfc56","[""migration/phase9/assets-manifest.jsonl"",""migration/phase9/content-manifest.jsonl"",""migration/phase9/manual-review.csv"",""migration/phase9/source-inventory.jsonl""]","fa0d5a575e273e6ed876c25639b6c12d698fa62ef661b9eb776e7f8182511e0c","document","attachment","activity","wix:activity:xhbeh","requires-owner-review","manual-review-required","private-draft","requires-owner-review","ba8288f857a9bc67bd79300ab85abcd12ea2b806805dd03f3cd1e424578aeaca","","","","","","","","",""
"p14-owner-8864983307c816f54aa17a4f","wix:asset:wix:activity:ay10r:e23cc3ee0b21e7e2d555","[""migration/phase9/assets-manifest.jsonl"",""migration/phase9/content-manifest.jsonl"",""migration/phase9/manual-review.csv"",""migration/phase9/source-inventory.jsonl""]","82f0b70f17d7fcd026869eaf3279804dedaed9eba62c1df168e31612cbc7b3fe","document","attachment","activity","wix:activity:ay10r","requires-owner-review","manual-review-required","private-draft","requires-owner-review","8634250b9d6c9e5f0b8eafaa831d3e8dc93f3d1e780cee48b61485475a920348","","","","","","","","",""
"p14-owner-89598c865aca386740dbeb7c","wix:asset:wix:activity:finuh:e3eef8c39a4a86e82dd9","[""migration/phase9/assets-manifest.jsonl"",""migration/phase9/content-manifest.jsonl"",""migration/phase9/manual-review.csv"",""migration/phase9/source-inventory.jsonl""]","d7479745fc03f1d8632aa149495d3ba6b1b97ea5506279d4384320a1f6b801e5","document","attachment","activity","wix:activity:finuh","requires-owner-review","manual-review-required","private-draft","requires-owner-review","6029702ae0f5aac5431a1d5a09d09bea5d239adbb30199dd2a6aea758e77988a","","","","","","","","",""
"p14-owner-8981e372e5c6c8ad37f7d8c2","wix:asset:wix:activity:eove1:164387e4890c92f2ed4e","[""migration/phase9/assets-manifest.jsonl"",""migration/phase9/content-manifest.jsonl"",""migration/phase9/manual-review.csv"",""migration/phase9/source-inventory.jsonl""]","0aae56974217ffac3f08bc78d9b9b2a6bbcb086930918d87e196b60fc65b52c7","document","attachment","activity","wix:activity:eove1","requires-owner-review","manual-review-required","private-draft","requires-owner-review","04c14de5bc4546b029a63e4b3709420c9b2e433e9e3f50021875e5d6eca7e7cb","","","","","","","","",""
"p14-owner-8abbbfa556253a2ad0045e1c","wix:asset:wix:activity:zsngn:dc5c364cfa4d65236903","[""migration/phase9/assets-manifest.jsonl"",""migration/phase9/content-manifest.jsonl"",""migration/phase9/manual-review.csv"",""migration/phase9/source-inventory.jsonl""]","4c438442abe9abcebf595ed948a4fb04466fdb1990492e05240b90262e194728","document","attachment","activity","wix:activity:zsngn","requires-owner-review","manual-review-required","private-draft","requires-owner-review","4b3106b10f5a6861c0fea7bf06d5aa3228c1be79a3ccf8c5c12e2facc2e13fa3","","","","","","","","",""
"p14-owner-8b823a9ae25ad7ad946e18fa","wix:asset:wix:activity:sr7vx:c218c32cc50bc9f5494b","[""migration/phase9/assets-manifest.jsonl"",""migration/phase9/content-manifest.jsonl"",""migration/phase9/manual-review.csv"",""migration/phase9/source-inventory.jsonl""]","1d59356b046d6694359e069715a6abbfc4f5d75b497ebaac3ca343ea395fe518","image","gallery","activity","wix:activity:sr7vx","requires-owner-review","manual-review-required","private-draft","requires-owner-review","d0d0a393f8a647d680146e1cbd596cff61f8b77d40f9c9c90dd260d31abcf3bf","","","","","","","","",""
"p14-owner-8b9f8a542f41d37b1ad5bdf4","wix:asset:wix:activity:sr7vx:f146484adcb20d1d44e3","[""migration/phase9/assets-manifest.jsonl"",""migration/phase9/content-manifest.jsonl"",""migration/phase9/manual-review.csv"",""migration/phase9/source-inventory.jsonl""]","b0f5ed962ffe438a14b0b432a7e72902965bff416d86385a42df764a60a63390","document","attachment","activity","wix:activity:sr7vx","requires-owner-review","manual-review-required","private-draft","requires-owner-review","fa360124800639202c1a3e2e958366f1c07644e9d1e6946d12a14aa4ee813899","","","","","","","","",""
"p14-owner-8c75d40155974b496a1d52d0","wix:asset:wix:file:dcb696435cf76e68685e1eda:dcb696435cf76e68685e","[""migration/phase9/assets-manifest.jsonl"",""migration/phase9/content-manifest.jsonl"",""migration/phase9/manual-review.csv"",""migration/phase9/source-inventory.jsonl""]","dcb696435cf76e68685e1edafe8e81fa9d67dbd640be5c55db4c2506cefba09c","document","download","file","wix:file:dcb696435cf76e68685e1eda","requires-owner-review","manual-review-required","private-draft","requires-owner-review","5f8fee64fcb53e9d99c2898468d7476486855df9e338f0624595cb216e2ddf5c","","","","","","","","",""
"p14-owner-8c9d829926bf9dbf49b43263","wix:asset:wix:activity:fuug2:5429e3bbb4702d3eb4ae","[""migration/phase9/assets-manifest.jsonl"",""migration/phase9/content-manifest.jsonl"",""migration/phase9/manual-review.csv"",""migration/phase9/source-inventory.jsonl""]","f1165edc96e640a806bf9779d43a308fad351c00713f0ab988267bbba7a50f56","document","attachment","activity","wix:activity:fuug2","requires-owner-review","manual-review-required","private-draft","requires-owner-review","2730ac0c45518c77ca2cc16b4c207018e32646c13da9f64edc57684f5a356b17","","","","","","","","",""
"p14-owner-8d2c4566e64b8c6708a47f31","wix:asset:wix:activity:vro4w:78f6c349564e10f80e97","[""migration/phase9/assets-manifest.jsonl"",""migration/phase9/content-manifest.jsonl"",""migration/phase9/manual-review.csv"",""migration/phase9/source-inventory.jsonl""]","f308a14bd1a3c30849a843eeb0f23e91b2a29e7619d46b318cd5d8902efa1b39","image","gallery","activity","wix:activity:vro4w","requires-owner-review","manual-review-required","private-draft","requires-owner-review","f024aa3809cd02c045ac44a8f230b67845413bbac41d53c83cf0e93c77a76155","","","","","","","","",""
"p14-owner-8d37241a8745d3c2a7e7b8fc","wix:asset:wix:activity:jefj3:e2ff335a0db7de888fb9","[""migration/phase9/assets-manifest.jsonl"",""migration/phase9/content-manifest.jsonl"",""migration/phase9/manual-review.csv"",""migration/phase9/source-inventory.jsonl""]","f4446d0e2d5a6b636e867c26d9d5380f938536c37f7b8d8797f70e353436512a","document","attachment","activity","wix:activity:jefj3","requires-owner-review","manual-review-required","private-draft","requires-owner-review","d776e9cfe8b0ff0f0243e6e75b8835f4c0c53d7be878d1a4ef438cb58f9585b4","","","","","","","","",""
"p14-owner-8d9c094935f9b3d233765947","wix:asset:wix:activity:euvvm:56f7733168f056df3193","[""migration/phase9/assets-manifest.jsonl"",""migration/phase9/content-manifest.jsonl"",""migration/phase9/manual-review.csv"",""migration/phase9/source-inventory.jsonl""]","d0891fb0fecd79a98cb45c34289b86060132d5ea5afdeb3fcf857197a3decf3e","document","attachment","activity","wix:activity:euvvm","requires-owner-review","manual-review-required","private-draft","requires-owner-review","d9619197c0308add056fef1c290067c8962605c6ec95761a7b26f1d554dfb515","","","","","","","","",""
"p14-owner-8f5e90c47ae5e882467ebbbb","wix:asset:wix:activity:wiy6e:df942dcc7ff126dd0e48","[""migration/phase9/assets-manifest.jsonl"",""migration/phase9/content-manifest.jsonl"",""migration/phase9/manual-review.csv"",""migration/phase9/source-inventory.jsonl""]","04cff86192f0add1c6ff1ee7adbc7713e0d7f9920aab54edd2533c8db331e94c","image","gallery","activity","wix:activity:wiy6e","requires-owner-review","manual-review-required","private-draft","requires-owner-review","68d15c2f1743cc7918100dfd9a8d90bbc5919237525e029655b6ed4f2f673751","","","","","","","","",""
"p14-owner-94d7905df925c58007ede91e","wix:asset:wix:activity:vzfv3:c2dbb04ed597d5fe5841","[""migration/phase9/assets-manifest.jsonl"",""migration/phase9/content-manifest.jsonl"",""migration/phase9/manual-review.csv"",""migration/phase9/source-inventory.jsonl""]","70cc001128afe0b1c9e24fa58f1d00165bac245dbe9d1ccaeed2078301044473","document","attachment","activity","wix:activity:vzfv3","requires-owner-review","manual-review-required","private-draft","requires-owner-review","0f8cbf0e39f4facf1da2ed248bf6b8867880579a66a56d5cd67b905b074cba11","","","","","","","","",""
"p14-owner-95dbda7677a965097750ce55","wix:asset:wix:activity:fl2ot:103adf52ee66479e415e","[""migration/phase9/assets-manifest.jsonl"",""migration/phase9/content-manifest.jsonl"",""migration/phase9/manual-review.csv"",""migration/phase9/source-inventory.jsonl""]","d7ffff86322f5dca4ffca41e60961d6c61eed4007755a4298ee0c3841b20f6c9","document","attachment","activity","wix:activity:fl2ot","requires-owner-review","manual-review-required","private-draft","requires-owner-review","43266a77c1c3013530d3c6aaa90a8952c5ada1f9b45646cce36e074f1a59fb58","","","","","","","","",""
"p14-owner-969aa01b9cbbbed1e4b1f1f7","wix:asset:wix:activity:wiy6e:b8339667504fc6e45fe0","[""migration/phase9/assets-manifest.jsonl"",""migration/phase9/content-manifest.jsonl"",""migration/phase9/manual-review.csv"",""migration/phase9/source-inventory.jsonl""]","0abdc2fa1a173e39b5ac46db3aea7a139f503309f13db8809c919e079144a1a5","document","attachment","activity","wix:activity:wiy6e","requires-owner-review","manual-review-required","private-draft","requires-owner-review","fcecaedf3ac38c64a5f5cac0f5a76c749f4a474295c07437ab4f57dbe2c60960","","","","","","","","",""
"p14-owner-969d78830413a31246720d5b","source-only:wix:asset-source:8bb3fbec02a135cafe5d2aed41c86c86e2bb3db07a4dee9a99c015e50b3f3290","[""migration/phase9/source-inventory.jsonl""]","8bb3fbec02a135cafe5d2aed41c86c86e2bb3db07a4dee9a99c015e50b3f3290","image","unknown","unresolved","","accepted_skip","manual-review-required","public-source","requires-owner-review","651cb50c4dafdf040a89a95d9c7e651ec853f7fe7505e3c9e014461c8989776b","","","","","","","","",""
"p14-owner-9781f3c1e61865bdd7038466","wix:asset:wix:activity:ad87y:c8aa5029c126e7265cff","[""migration/phase9/assets-manifest.jsonl"",""migration/phase9/content-manifest.jsonl"",""migration/phase9/manual-review.csv"",""migration/phase9/source-inventory.jsonl""]","794861db75a7db09938d11704a7a96802d622e8777afaf3dacebb0d1ce5691f2","image","gallery","activity","wix:activity:ad87y","requires-owner-review","manual-review-required","private-draft","requires-owner-review","0650c961ee5d3d4085a789de91e26bf30abc81e68b6ff1e777e585c0d6badf2d","","","","","","","","",""
"p14-owner-9a577f0f1e63377441e85460","wix:asset:wix:activity:nz8m8:3f8c1ea593861e5ee357","[""migration/phase9/assets-manifest.jsonl"",""migration/phase9/content-manifest.jsonl"",""migration/phase9/manual-review.csv"",""migration/phase9/source-inventory.jsonl""]","6ad0576f6852d375204bdd4664f18be3a040a10ae8dd27118502c709475a433b","document","attachment","activity","wix:activity:nz8m8","requires-owner-review","manual-review-required","private-draft","requires-owner-review","b6b67bc9835208abbfef835e50f782dc05d8233914da25a6b91483e092d672f4","","","","","","","","",""
"p14-owner-9abbb714d8be3564721033a0","wix:asset:wix:activity:mh72i:c8cc5eec786fce0cbf90","[""migration/phase9/assets-manifest.jsonl"",""migration/phase9/content-manifest.jsonl"",""migration/phase9/manual-review.csv"",""migration/phase9/source-inventory.jsonl""]","eadf9e427c649345970adb9fad1792efda100a020d34c49162be54d6afbec1b7","document","attachment","activity","wix:activity:mh72i","requires-owner-review","manual-review-required","private-draft","requires-owner-review","5daab807f1365f9d833c6995b7d09cd9a4d3e7bfb151dce4597562aab2f760c0","","","","","","","","",""
"p14-owner-9acb0fe855b1a40fa1efef02","wix:asset:wix:activity:g23od:7f43c555ae523efdec56","[""migration/phase9/assets-manifest.jsonl"",""migration/phase9/content-manifest.jsonl"",""migration/phase9/manual-review.csv"",""migration/phase9/source-inventory.jsonl""]","95bc8d10efb2d9e612c254ab67e4e35b90f03254b267079b1b647a3778239dcd","document","attachment","activity","wix:activity:g23od","requires-owner-review","manual-review-required","private-draft","requires-owner-review","8316e6a61324eaf0d989161c00742fed311bd8939105293455ba735212875045","","","","","","","","",""
"p14-owner-9c1c5e36279ef399bf360afc","wix:asset:wix:activity:r9q61:f92baa38b49190419620","[""migration/phase9/assets-manifest.jsonl"",""migration/phase9/content-manifest.jsonl"",""migration/phase9/manual-review.csv"",""migration/phase9/source-inventory.jsonl""]","b12cde3b8c4048dd81d3bb5c39c90752e12abc68eee9be0f0a8940f5946e14fb","image","cover","activity","wix:activity:r9q61","requires-owner-review","manual-review-required","private-draft","requires-owner-review","2fbcb376e14309029c07b0d81470dab05ae425a59661350920a23b3bf2803d46","","","","","","","","",""
"p14-owner-9c93ad8162b9f946987b2c70","wix:asset:wix:activity:fpv52:80815d056192a94f6997","[""migration/phase9/assets-manifest.jsonl"",""migration/phase9/content-manifest.jsonl"",""migration/phase9/manual-review.csv"",""migration/phase9/source-inventory.jsonl""]","6e5e7099a42cc64616a6095a7432669dd265e3e32cfd9a245ae9186d83cb34b7","image","gallery","activity","wix:activity:fpv52","requires-owner-review","manual-review-required","private-draft","requires-owner-review","24fd0714cd152fb1c3d81ce8ff8f489ecfcbf792371214274435094865699641","","","","","","","","",""
"p14-owner-9c94612535acb4dddc08acd5","wix:asset:wix:activity:r9q61:39b6c9f20fcff0051b5a","[""migration/phase9/assets-manifest.jsonl"",""migration/phase9/content-manifest.jsonl"",""migration/phase9/manual-review.csv"",""migration/phase9/source-inventory.jsonl""]","121eccd8984ff2811ded0325e5e20f4886940927f818787fa06185a25ae80f31","document","attachment","activity","wix:activity:r9q61","requires-owner-review","manual-review-required","private-draft","requires-owner-review","a1f1cb4112d9f48a623c22ca087974390d23597c3eef5c0ffd070bf3337a506e","","","","","","","","",""
"p14-owner-9cda21f61ef73854b5891a26","source-only:wix:asset-source:b0c6f61e65d14e4b4b17c290fabc0b8d4dde5843d9f979fc6a69f7a694e539e5","[""migration/phase9/source-inventory.jsonl""]","b0c6f61e65d14e4b4b17c290fabc0b8d4dde5843d9f979fc6a69f7a694e539e5","image","unknown","unresolved","","accepted_skip","manual-review-required","public-source","requires-owner-review","4e60bde356e4011ddfb5ace671533ae4680bc344ac6678e77e22206bbaf764b4","","","","","","","","",""
"p14-owner-9cdfce28ee2f53cd3d3b0790","wix:asset:wix:activity:rndc1:e58b0944aab1110851f8","[""migration/phase9/assets-manifest.jsonl"",""migration/phase9/content-manifest.jsonl"",""migration/phase9/manual-review.csv"",""migration/phase9/source-inventory.jsonl""]","1502cb67ac4d86fe723304a0ff8f0f39aecbf0ec986696a39eeac1b1824bac31","document","attachment","activity","wix:activity:rndc1","requires-owner-review","manual-review-required","private-draft","requires-owner-review","0c3b6d7199c57c515085dc6fd042eab336e42ae11651b7f6f92ca9b0afa09eda","","","","","","","","",""
"p14-owner-9cfcfd4d5c667f0f948eeccd","wix:asset:wix:activity:fxl97:d79913726af2b9b15243","[""migration/phase9/assets-manifest.jsonl"",""migration/phase9/content-manifest.jsonl"",""migration/phase9/manual-review.csv"",""migration/phase9/source-inventory.jsonl""]","1ec0b781720c83d58956c36810f472acbda48a2ce11800a86e23505514f1e4e7","image","cover","activity","wix:activity:fxl97","requires-owner-review","manual-review-required","private-draft","requires-owner-review","2155d5e7eb54bca5c9f04a9b8a795b5c41c7d90222dbcfb35c9828834f72c2e9","","","","","","","","",""
"p14-owner-9d676a8d7a79d67c0c27e5e3","wix:asset:wix:activity:io4hd:de2a7f10b3a21893a189","[""migration/phase9/assets-manifest.jsonl"",""migration/phase9/content-manifest.jsonl"",""migration/phase9/manual-review.csv"",""migration/phase9/source-inventory.jsonl""]","bff74772e11975aadd1cf57f54c2bcc013bc6d1cf1c1644f7f72d8346269a3d8","document","attachment","activity","wix:activity:io4hd","requires-owner-review","manual-review-required","private-draft","requires-owner-review","e1fd0531bb4a0feee49eb1e2cfe7e6463a95ec5ced7cf73b534a81cf500b6b29","","","","","","","","",""
"p14-owner-9dbb3268cdee4c5b6249b862","wix:asset:wix:activity:lb7xk:8cc53a2f64777c8c63e1","[""migration/phase9/assets-manifest.jsonl"",""migration/phase9/content-manifest.jsonl"",""migration/phase9/manual-review.csv"",""migration/phase9/source-inventory.jsonl""]","26b6297140192a3111c27c989508bb1f8a151480f236e95bb24a20183de0d00d","image","gallery","activity","wix:activity:lb7xk","requires-owner-review","manual-review-required","private-draft","requires-owner-review","a8a6808db8be0d3fd5c30ac8f8b645fb59315658d3105271d0dd6ef57d105b5a","","","","","","","","",""
"p14-owner-9e4ddeb7cd580db0cf222fdb","wix:asset:wix:activity:eeuqi:ba0e6e056b630affe111","[""migration/phase9/assets-manifest.jsonl"",""migration/phase9/content-manifest.jsonl"",""migration/phase9/manual-review.csv"",""migration/phase9/source-inventory.jsonl""]","c589021a8f7cf9c54a57943dd744709a06921b6f819f21fdfc9107359ef67c1b","document","attachment","activity","wix:activity:eeuqi","requires-owner-review","manual-review-required","private-draft","requires-owner-review","8334e69f0a37dffc0f243b9a0309e4e6d4a7581993ce440de00b72b4ce2cc0fb","","","","","","","","",""
"p14-owner-9e8c68612d0e02a9e40c208c","wix:asset:wix:file:a8dd4833fe0e8f39782a96c1:a8dd4833fe0e8f39782a","[""migration/phase9/assets-manifest.jsonl"",""migration/phase9/content-manifest.jsonl"",""migration/phase9/manual-review.csv"",""migration/phase9/source-inventory.jsonl""]","a8dd4833fe0e8f39782a96c18110db15cd9ed2f591fa8eaa48d1c5cfb9de5f90","document","download","file","wix:file:a8dd4833fe0e8f39782a96c1","requires-owner-review","manual-review-required","private-draft","requires-owner-review","a2fa454f63b60af9dbfd22863650ffa3bb9d6afe370b8b3d35409f617fd63e2d","","","","","","","","",""
"p14-owner-a0fd2be12004d540b4956884","wix:asset:wix:activity:ra9kd:9c24878941f99d90e01f","[""migration/phase9/assets-manifest.jsonl"",""migration/phase9/content-manifest.jsonl"",""migration/phase9/manual-review.csv"",""migration/phase9/source-inventory.jsonl""]","09651f17c757c810f77a250cdaf2d5b468b0372ae1c562fee395bb76e7a1f5a3","image","gallery","activity","wix:activity:ra9kd","requires-owner-review","manual-review-required","private-draft","requires-owner-review","a44c4abe81618a938323dc7ae0523289aae4bd8598127749a813c0ee0e131748","","","","","","","","",""
"p14-owner-a1603a3f91783eaab01bf8cf","source-only:wix:asset-source:1dc835477143065fb534371882490f6f3bd28f0e24be7042f28ba33022fab68b","[""migration/phase9/source-inventory.jsonl""]","1dc835477143065fb534371882490f6f3bd28f0e24be7042f28ba33022fab68b","image","unknown","unresolved","","accepted_skip","manual-review-required","public-source","requires-owner-review","72ecc4cfc76820da4562f96f2d703ed7901db53c576a3017c0b0c0af1c2dba53","","","","","","","","",""
"p14-owner-a2842ca0ee28fcfdecc6317b","wix:asset:wix:activity:zsngn:5801aba4a75b304b00fd","[""migration/phase9/assets-manifest.jsonl"",""migration/phase9/content-manifest.jsonl"",""migration/phase9/manual-review.csv"",""migration/phase9/source-inventory.jsonl""]","1a6313dcb063aa7bf2f3c3deb7b477371fcc53156fee84de5749122ce237226a","image","gallery","activity","wix:activity:zsngn","requires-owner-review","manual-review-required","private-draft","requires-owner-review","d983c40a341f8fd7a5db900c1cd94a4534adea44f150b9852e628420cfc28e2b","","","","","","","","",""
"p14-owner-a2985b439ecd7d5de1b4b799","wix:asset:wix:activity:finuh:1a82a57d5713e862c78d","[""migration/phase9/assets-manifest.jsonl"",""migration/phase9/content-manifest.jsonl"",""migration/phase9/manual-review.csv"",""migration/phase9/source-inventory.jsonl""]","09d1cfbcceeb4645ac1cc5fa5c9afb504dc4677df74bb369fc992f84bb08ab67","image","cover","activity","wix:activity:finuh","requires-owner-review","manual-review-required","private-draft","requires-owner-review","21d919706083c7156a0b7115c5921da654ebb83fff3ddf0973f858577bbab5d2","","","","","","","","",""
"p14-owner-a3a2e644b6e1f5b4561fa48e","wix:asset:wix:activity:o3j0h:e839b7bec45593649d97","[""migration/phase9/assets-manifest.jsonl"",""migration/phase9/content-manifest.jsonl"",""migration/phase9/manual-review.csv"",""migration/phase9/source-inventory.jsonl""]","034dc3100099e6d6e60b62416391b6458bf4f6f76f23adac8de5a8253467a37b","document","attachment","activity","wix:activity:o3j0h","requires-owner-review","manual-review-required","private-draft","requires-owner-review","56c6702114ead37569019a6e103cd13d7955b1fc15b5dd256c504466f62b1d53","","","","","","","","",""
"p14-owner-a3b67ac51f0e49f6bba1f9e8","wix:asset:wix:activity:fu3bz:e30396c5848f86942a35","[""migration/phase9/assets-manifest.jsonl"",""migration/phase9/content-manifest.jsonl"",""migration/phase9/manual-review.csv"",""migration/phase9/source-inventory.jsonl""]","90af703d72b5adadcfdd95e1f82615547e2dea35c23d1f2030b87962d39f03d7","image","gallery","activity","wix:activity:fu3bz","requires-owner-review","manual-review-required","private-draft","requires-owner-review","c48ae2523f67acc72a48d18f4d2f7759c84a73941a29523402a344e90aa8cdb9","","","","","","","","",""
"p14-owner-a4609174d4bc73deb2b8854c","wix:asset:wix:activity:fu3bz:88aba750e2b19d06851e","[""migration/phase9/assets-manifest.jsonl"",""migration/phase9/content-manifest.jsonl"",""migration/phase9/manual-review.csv"",""migration/phase9/source-inventory.jsonl""]","0ea1d9e32e578966cc81b0e5ff889bc7e06150e5dd2d9ff954404b548c64b467","document","attachment","activity","wix:activity:fu3bz","requires-owner-review","manual-review-required","private-draft","requires-owner-review","9fb0728162379740f5711c6d9904a7e37ab3fdbe715618ca15338e73133484e2","","","","","","","","",""
"p14-owner-a46610b616353ccf8abd5761","wix:asset:wix:activity:fl2ot:0cd07d62cd0d414bed3e","[""migration/phase9/assets-manifest.jsonl"",""migration/phase9/content-manifest.jsonl"",""migration/phase9/manual-review.csv"",""migration/phase9/source-inventory.jsonl""]","3de9ee92790836a1fef818273a73ed3c1d73ae6f7853a4a942e8b090e966e05f","document","attachment","activity","wix:activity:fl2ot","requires-owner-review","manual-review-required","private-draft","requires-owner-review","890a239da2cc297d05abe485dc8015f29133a7285247a4319a326b55ddbce374","","","","","","","","",""
"p14-owner-a49976b85916809869283777","wix:asset:wix:activity:wnlfh:ae99415fde180ac7147c","[""migration/phase9/assets-manifest.jsonl"",""migration/phase9/content-manifest.jsonl"",""migration/phase9/manual-review.csv"",""migration/phase9/source-inventory.jsonl""]","2f2aac0a9d756cdfb3a8f5242c19cdd5c2372b1fdd833a5726ebff1e5b05cda1","document","attachment","activity","wix:activity:wnlfh","requires-owner-review","manual-review-required","private-draft","requires-owner-review","b2f00cf6bdfd243cb6606374155c5ae3762ed84b9ac6a35175b48d2616e0825f","","","","","","","","",""
"p14-owner-a51444b3d430fa93fa2937f3","wix:asset:wix:activity:finuh:8c394b1f878f446066a4","[""migration/phase9/assets-manifest.jsonl"",""migration/phase9/content-manifest.jsonl"",""migration/phase9/manual-review.csv"",""migration/phase9/source-inventory.jsonl""]","e0b72d8094968cfcd35d028439b54c918bff1e1871fd6a94bc27f3b9f4d6763a","document","attachment","activity","wix:activity:finuh","requires-owner-review","manual-review-required","private-draft","requires-owner-review","7a8d5d370559a650489ccaa03f7000dbb581667ceb16910985f655c1c5302a49","","","","","","","","",""
"p14-owner-a54256bd2f2a9ddd2b531db0","wix:asset:wix:file:761807c59197dd1755c8e662:761807c59197dd1755c8","[""migration/phase9/assets-manifest.jsonl"",""migration/phase9/content-manifest.jsonl"",""migration/phase9/manual-review.csv"",""migration/phase9/source-inventory.jsonl""]","761807c59197dd1755c8e6623d95e56616fa562b1891342c51e6fe8731cded63","document","download","file","wix:file:761807c59197dd1755c8e662","requires-owner-review","manual-review-required","private-draft","requires-owner-review","7ba04615051154d3eb47a1ad8afea8a373fcb810d3f8c084ab7ef782cafcb07e","","","","","","","","",""
"p14-owner-a54b5286674802c01c5b7c33","wix:asset:wix:activity:nz8m8:00d3cb354a87d13a17b4","[""migration/phase9/assets-manifest.jsonl"",""migration/phase9/content-manifest.jsonl"",""migration/phase9/manual-review.csv"",""migration/phase9/source-inventory.jsonl""]","498adb63f5a4ab566feb3274817a3f3ad4ec03bd43d24b9e0fd99945d7889571","document","attachment","activity","wix:activity:nz8m8","requires-owner-review","manual-review-required","private-draft","requires-owner-review","1689e22ce2667f3de58c9b6aa5eb4b3820eace516ee125ac51457208433ffc60","","","","","","","","",""
"p14-owner-a625dedafdc4e79c3c6788cb","wix:asset:wix:activity:wiy6e:3c361e3f521685998055","[""migration/phase9/assets-manifest.jsonl"",""migration/phase9/content-manifest.jsonl"",""migration/phase9/manual-review.csv"",""migration/phase9/source-inventory.jsonl""]","defae18831c0ce80e91fda2a3be95b356fc170babc7f96bc91a38ce77de806d9","document","attachment","activity","wix:activity:wiy6e","requires-owner-review","manual-review-required","private-draft","requires-owner-review","d38d78f06d5fe7e5c116d7ec86ba7dac2aeb16926c18708c62e01f1c06d672c0","","","","","","","","",""
"p14-owner-a690b95a96578714e724fc43","wix:asset:wix:activity:yq45v:4faed95a291a89690bc9","[""migration/phase9/assets-manifest.jsonl"",""migration/phase9/content-manifest.jsonl"",""migration/phase9/manual-review.csv"",""migration/phase9/source-inventory.jsonl""]","c7440565460425db63796db3e5e8a60fb90973371b3a6204dd0118a6a2a7ec51","document","attachment","activity","wix:activity:yq45v","requires-owner-review","manual-review-required","private-draft","requires-owner-review","752247f9f478896bdaf9ca15a3a3fb2dd92fe07cd2e294337c00a957beb30a00","","","","","","","","",""
"p14-owner-a6db3c8b3a72229cb98e6440","wix:asset:wix:activity:mh72i:3f0f6069b2667db0442d","[""migration/phase9/assets-manifest.jsonl"",""migration/phase9/content-manifest.jsonl"",""migration/phase9/manual-review.csv"",""migration/phase9/source-inventory.jsonl""]","84f6dc5861dd941e59bc22e936ce57edd3567042cefd934782c7d7c677fba116","image","cover","activity","wix:activity:mh72i","requires-owner-review","manual-review-required","private-draft","requires-owner-review","fe9735b4e5e008a949d4b7e53cdbb51459a7f52e180f58260501c0b783f36277","","","","","","","","",""
"p14-owner-a72bb3d961949c8a39ec538f","wix:asset:wix:activity:ay10r:66a8cdce100b751480ba","[""migration/phase9/assets-manifest.jsonl"",""migration/phase9/content-manifest.jsonl"",""migration/phase9/manual-review.csv"",""migration/phase9/source-inventory.jsonl""]","1214dfa6a8b5c7a71b60e4508b4250fa81459a64e89c3db7015af53b21855de3","document","attachment","activity","wix:activity:ay10r","requires-owner-review","manual-review-required","private-draft","requires-owner-review","e6a82eda4587889cc5709e8d411d7e4696bf52de7d92781d91b834c4be6a3426","","","","","","","","",""
"p14-owner-a744489a2dc3b12482170920","wix:asset:wix:activity:mqpxs:a09e87527fea60eaebdc","[""migration/phase9/assets-manifest.jsonl"",""migration/phase9/content-manifest.jsonl"",""migration/phase9/manual-review.csv"",""migration/phase9/source-inventory.jsonl""]","e9f5f47f2ae190f4494ad7036aa13fd1089d9b9d2bdbc0aa759d064cfaf3daf6","document","attachment","activity","wix:activity:mqpxs","requires-owner-review","manual-review-required","private-draft","requires-owner-review","45fcee8885c09f1ebe2443a959eb291cb02a8c6f21f9575a1cc9c665a096d40c","","","","","","","","",""
"p14-owner-a77a070eeae48ff71f2b81a1","wix:asset:wix:activity:mqpxs:35e7e528ca6f491fa0d4","[""migration/phase9/assets-manifest.jsonl"",""migration/phase9/content-manifest.jsonl"",""migration/phase9/manual-review.csv"",""migration/phase9/source-inventory.jsonl""]","e1c91ce0c703b7cde21723e2f98ae657a7c30a2712064d89cb88a087199ed304","document","attachment","activity","wix:activity:mqpxs","requires-owner-review","manual-review-required","private-draft","requires-owner-review","671a97520b80fb3f3d91fe429a60e4a5c34546ff8acb681c0f965a71ec46956d","","","","","","","","",""
"p14-owner-a79c491015fb9e9127dd17fe","source-only:wix:asset-source:ee61a50a54ea986e98981fb3d59a918780d653f07966878f7b3e42ec55af99e3","[""migration/phase9/source-inventory.jsonl""]","ee61a50a54ea986e98981fb3d59a918780d653f07966878f7b3e42ec55af99e3","image","unknown","unresolved","","accepted_skip","manual-review-required","public-source","requires-owner-review","1e14988ef60e900147ddb5cdc656b21c691c8eabed0ec98a1d16137a2e8bd1f8","","","","","","","","",""
"p14-owner-a8fa1289d8eabdfe43287a2b","wix:asset:wix:file:8490a7532a6706aa4b4fa12f:8490a7532a6706aa4b4f","[""migration/phase9/assets-manifest.jsonl"",""migration/phase9/content-manifest.jsonl"",""migration/phase9/manual-review.csv"",""migration/phase9/source-inventory.jsonl""]","8490a7532a6706aa4b4fa12f920ebadd7852b81f504ecd48dbbaf29ac95e3988","document","download","file","wix:file:8490a7532a6706aa4b4fa12f","requires-owner-review","manual-review-required","private-draft","requires-owner-review","7d0bbc1356a3b755b54fd6a932f9afc1a657758d0f3c576b78429d18836a4d76","","","","","","","","",""
"p14-owner-a90b7c8e467b91cb83534859","wix:asset:wix:activity:o2emp:b8d247a5b65714677b63","[""migration/phase9/assets-manifest.jsonl"",""migration/phase9/content-manifest.jsonl"",""migration/phase9/manual-review.csv"",""migration/phase9/source-inventory.jsonl""]","2b178b8a6687b44a0fc3dd78e2bcc5c7616e99ba9d139b2aedd70572262e9384","document","attachment","activity","wix:activity:o2emp","requires-owner-review","manual-review-required","private-draft","requires-owner-review","04f696ab5fbec4f5bbc0624d24b12bcc5c5f2a7974c73c4437c71d6f848ff4cc","","","","","","","","",""
"p14-owner-aa3d7f531127d833e86059e5","wix:asset:wix:activity:mwqi8:75dd1882ecea08b98e75","[""migration/phase9/assets-manifest.jsonl"",""migration/phase9/content-manifest.jsonl"",""migration/phase9/manual-review.csv"",""migration/phase9/source-inventory.jsonl""]","ead9f98d9fd57f2fd64f21e8c4ccf3cae2bd067abc72d3c9144cc05d780440e1","document","attachment","activity","wix:activity:mwqi8","requires-owner-review","manual-review-required","private-draft","requires-owner-review","458f4c8417e53a21e64f584bb71e5becec1a7457f5d78009d5604978c5624218","","","","","","","","",""
"p14-owner-aa3f93332fa341b524c8cde8","wix:asset:wix:activity:eove1:148be0eb1dcd8cff131a","[""migration/phase9/assets-manifest.jsonl"",""migration/phase9/content-manifest.jsonl"",""migration/phase9/manual-review.csv"",""migration/phase9/source-inventory.jsonl""]","1dbb0bfbb0d16b337c0c1f66d22069270f1cb5841c2d0ecf32b83d2a495e9d9a","document","attachment","activity","wix:activity:eove1","requires-owner-review","manual-review-required","private-draft","requires-owner-review","4c2436e78725f548914b2b5e504bbb62332f88f6e16a5b25ecfef14a435a9054","","","","","","","","",""
"p14-owner-aa8b40272e478ef89a158b01","wix:asset:wix:activity:g23od:bae240f3cd644ba63bb6","[""migration/phase9/assets-manifest.jsonl"",""migration/phase9/content-manifest.jsonl"",""migration/phase9/manual-review.csv"",""migration/phase9/source-inventory.jsonl""]","8bd39fde2beb9478e53ace997f538c601e8debb6da5bdd9ddb73992610ffaf07","image","cover","activity","wix:activity:g23od","requires-owner-review","manual-review-required","private-draft","requires-owner-review","90387ff9f72919de02729b7b8f13a636e77c0e03dbdaae5e08bd62cc03158d9c","","","","","","","","",""
"p14-owner-abf5a95a0391e20d8070d1fa","wix:asset:wix:activity:yq45v:f69350d68f4a0b84ac39","[""migration/phase9/assets-manifest.jsonl"",""migration/phase9/content-manifest.jsonl"",""migration/phase9/manual-review.csv"",""migration/phase9/source-inventory.jsonl""]","670466bea211555e8af575b4ddc8ec3ba7660c94268cd83f84a0334810a35912","image","gallery","activity","wix:activity:yq45v","requires-owner-review","manual-review-required","private-draft","requires-owner-review","38a994dcea9fb6ee7e2ecad41d25270a8c9c6adb732c1c1512b7574a862c72a5","","","","","","","","",""
"p14-owner-ac7cccd21203e66607952191","wix:asset:wix:activity:jefj3:a523ac5db3ba655c4bf9","[""migration/phase9/assets-manifest.jsonl"",""migration/phase9/content-manifest.jsonl"",""migration/phase9/manual-review.csv"",""migration/phase9/source-inventory.jsonl""]","72d4a76f7ea1e188925d645979b413dbb4013772bb59c86e8fb1feb842f1bd8b","document","attachment","activity","wix:activity:jefj3","requires-owner-review","manual-review-required","private-draft","requires-owner-review","77e99f10066f3baac9236dca9f30b7af88121402054934ab1b3eba9124cf6564","","","","","","","","",""
"p14-owner-acd0167d79ee818b794243a8","wix:asset:wix:activity:k9aiv:62b18cee97bc54a3b451","[""migration/phase9/assets-manifest.jsonl"",""migration/phase9/content-manifest.jsonl"",""migration/phase9/manual-review.csv"",""migration/phase9/source-inventory.jsonl""]","5abcf21fd354cd94d80f4cb5f22f6ad7b7fdf5612eb15fb78b5377c29aff55e3","document","attachment","activity","wix:activity:k9aiv","requires-owner-review","manual-review-required","private-draft","requires-owner-review","955e6740d731c90f52d1500845ff591ee1678b5477f4150ec354c4773cf74d4d","","","","","","","","",""
"p14-owner-ad7d55681f99d6c854623d56","wix:asset:wix:activity:lb7xk:ff4ad2aa2edacb8287d0","[""migration/phase9/assets-manifest.jsonl"",""migration/phase9/content-manifest.jsonl"",""migration/phase9/manual-review.csv"",""migration/phase9/source-inventory.jsonl""]","34318018496f5643db0ce1203b80494ce6bc95e47dccaaf63064d6b4ac92ff36","image","gallery","activity","wix:activity:lb7xk","requires-owner-review","manual-review-required","private-draft","requires-owner-review","32e86269f6a14f75b49bf414a174baf311609fdeaf40d3f1371b566b7e0dd980","","","","","","","","",""
"p14-owner-add4469d1d907d62159065d4","wix:asset:wix:activity:yq45v:19dc20f71c55ae3d3d78","[""migration/phase9/assets-manifest.jsonl"",""migration/phase9/content-manifest.jsonl"",""migration/phase9/manual-review.csv"",""migration/phase9/source-inventory.jsonl""]","fa494d7add48305d88be86edff91339218b26d3d4a52c852bd081fe53716c0fd","document","attachment","activity","wix:activity:yq45v","requires-owner-review","manual-review-required","private-draft","requires-owner-review","7b5a7b51c438d41ed663ab25cde2e10a99fe0340932c85cc5025b39916dcdce0","","","","","","","","",""
"p14-owner-ae566222d74c02150038c516","wix:asset:wix:activity:o6h8s:b05b47dc4ad7c6abeb67","[""migration/phase9/assets-manifest.jsonl"",""migration/phase9/content-manifest.jsonl"",""migration/phase9/manual-review.csv"",""migration/phase9/source-inventory.jsonl""]","f6b7790d1f0d565bfb5c92d004ac87e8636eeee1f9e31f750f2dfc4513e6fd31","image","cover","activity","wix:activity:o6h8s","requires-owner-review","manual-review-required","private-draft","requires-owner-review","df5f854a548c6552778f9f8c297de76f8d9ee92e3a8d66a34a70c9e8906134c1","","","","","","","","",""
"p14-owner-ae58139b0ace5e6a0b4a43b3","wix:asset:wix:activity:vro4w:cb7cf7529fb0ef3f9e5f","[""migration/phase9/assets-manifest.jsonl"",""migration/phase9/content-manifest.jsonl"",""migration/phase9/manual-review.csv"",""migration/phase9/source-inventory.jsonl""]","6ddb09af31f4e1a39ba8ac8cd69a8da3769532b5e2b0d3ce2e8e3fbfab731c8d","document","attachment","activity","wix:activity:vro4w","requires-owner-review","manual-review-required","private-draft","requires-owner-review","9150b4f0e6b5d7b4f73248a040a19e19daf96e9c2f78e8c5d9e4af9a22f6edee","","","","","","","","",""
"p14-owner-ae94d6fee3fa8251cd21ae18","wix:asset:wix:activity:vzfv3:13bec2756ab39ac9e3e1","[""migration/phase9/assets-manifest.jsonl"",""migration/phase9/content-manifest.jsonl"",""migration/phase9/manual-review.csv"",""migration/phase9/source-inventory.jsonl""]","e1c6ba7ba2a8473357e6a0174ddd763950c1d7c3d4428116ac3faea22a4d41c7","document","attachment","activity","wix:activity:vzfv3","requires-owner-review","manual-review-required","private-draft","requires-owner-review","6c1be26859aab57f66dec3509c6aae04ca48df78a6da188a8c952ed4e75b97a2","","","","","","","","",""
"p14-owner-aeaed90fb109663b9c64556d","wix:asset:wix:activity:jd4jc:8f83343d4cb4d5dd8e54","[""migration/phase9/assets-manifest.jsonl"",""migration/phase9/content-manifest.jsonl"",""migration/phase9/manual-review.csv"",""migration/phase9/source-inventory.jsonl""]","73b115d934e10174faa8dde6818913bb05a6f57e26c5f75af1d38bc006211220","document","attachment","activity","wix:activity:jd4jc","requires-owner-review","manual-review-required","private-draft","requires-owner-review","ed634c8fd2ca3a226a8ad61a61869b2d542128b9691d7ec91f00af50ec9b2740","","","","","","","","",""
"p14-owner-aebbfd345d6cf1177e29b74d","wix:asset:wix:activity:shxze:ce76dc64260dcfd85036","[""migration/phase9/assets-manifest.jsonl"",""migration/phase9/content-manifest.jsonl"",""migration/phase9/manual-review.csv"",""migration/phase9/source-inventory.jsonl""]","444867897994435acb86390bad974fb566d5ca0a2819a37057ecb571b1d406e1","document","attachment","activity","wix:activity:shxze","requires-owner-review","manual-review-required","private-draft","requires-owner-review","cbaabe17c579f8d09cd2f8b660fb266a9554a83e5febafe869d4b1b941e08b48","","","","","","","","",""
"p14-owner-af282716bcd4fd21b1e3c56f","wix:asset:wix:activity:k9aiv:7c03ea135e2826839379","[""migration/phase9/assets-manifest.jsonl"",""migration/phase9/content-manifest.jsonl"",""migration/phase9/manual-review.csv"",""migration/phase9/source-inventory.jsonl""]","e381a278607e2ed9dd19629d8ec7ade88baeb2d3f23c39eb7b6bf80a5bf0bfb0","image","gallery","activity","wix:activity:k9aiv","requires-owner-review","manual-review-required","private-draft","requires-owner-review","eaa573dad2f5c930b9616aa6be1fd7a79c976ea1f76ae3f9876743d825192ac4","","","","","","","","",""
"p14-owner-b0c858829495500313a61bb0","wix:asset:wix:activity:fl2ot:5750bf660f17a654a8f2","[""migration/phase9/assets-manifest.jsonl"",""migration/phase9/content-manifest.jsonl"",""migration/phase9/manual-review.csv"",""migration/phase9/source-inventory.jsonl""]","655f39bdb3dd80eeb95b9e05c5e3b374b929974858b31a2e54028907019d5e6c","image","cover","activity","wix:activity:fl2ot","requires-owner-review","manual-review-required","private-draft","requires-owner-review","eb85311726f775c7b21583ec1c517c9a95874b5d3ed410897e1b1e878394c775","","","","","","","","",""
"p14-owner-b19e49eb8b7d1790bdb40755","wix:asset:wix:activity:mwqi8:399efd44b09c5b7c96c7","[""migration/phase9/assets-manifest.jsonl"",""migration/phase9/content-manifest.jsonl"",""migration/phase9/manual-review.csv"",""migration/phase9/source-inventory.jsonl""]","c56ebdae91bc7c6d6c4dcda3b3df7e24059503d01f53493cfeeb949d6d16bd58","document","attachment","activity","wix:activity:mwqi8","requires-owner-review","manual-review-required","private-draft","requires-owner-review","cb2704013e92bda3f9b68e48797a598b82247fa422e7ebe00558428e5358dcb6","","","","","","","","",""
"p14-owner-b1b77cdfb4b4606b907c3c1b","wix:asset:wix:activity:o3j0h:80930a090d9619c9dc3c","[""migration/phase9/assets-manifest.jsonl"",""migration/phase9/content-manifest.jsonl"",""migration/phase9/manual-review.csv"",""migration/phase9/source-inventory.jsonl""]","ad5bf3f5b3812519145fd059bf543952b41fe2ab0abee7140b61695e17243778","document","attachment","activity","wix:activity:o3j0h","requires-owner-review","manual-review-required","private-draft","requires-owner-review","13df3f077c7c10d330a729ef1c0b1934be926b5f7607a83434724d86050eaf93","","","","","","","","",""
"p14-owner-b22ee87e0b8040a27e4fdbe6","wix:asset:wix:activity:wiy6e:50d70067b07ca0f53e6d","[""migration/phase9/assets-manifest.jsonl"",""migration/phase9/content-manifest.jsonl"",""migration/phase9/manual-review.csv"",""migration/phase9/source-inventory.jsonl""]","f44b40de06a54c57df701a21eb7c67b8327a605164b9f50ee3e8f9c375736c4e","document","attachment","activity","wix:activity:wiy6e","requires-owner-review","manual-review-required","private-draft","requires-owner-review","b12efeec4e0fc699745ca422c4ae49cc7e0c190f12fc1febe8d8a17471bcd036","","","","","","","","",""
"p14-owner-b24a6033ca26ee2c5b705218","wix:asset:wix:activity:gqhoh:79cd692ea49d6985e755","[""migration/phase9/assets-manifest.jsonl"",""migration/phase9/content-manifest.jsonl"",""migration/phase9/manual-review.csv"",""migration/phase9/source-inventory.jsonl""]","8f986c956a37801b1970745182a9512d6f0de3b705cafa0753a0a1747815a5f0","document","attachment","activity","wix:activity:gqhoh","requires-owner-review","manual-review-required","private-draft","requires-owner-review","7cf258c3c9aa1e5e53f4da712c1db59b7253615a5ccb131d2b30210c6bd8f8dc","","","","","","","","",""
"p14-owner-b3016b7dd1392dc515a6bad4","wix:asset:wix:activity:ad87y:c1d4a2ea7f96a857a9af","[""migration/phase9/assets-manifest.jsonl"",""migration/phase9/content-manifest.jsonl"",""migration/phase9/manual-review.csv"",""migration/phase9/source-inventory.jsonl""]","327f585a9a4a0d71eb8d620223116887222b544241fa3243d87b4c19fcb2f1d9","document","attachment","activity","wix:activity:ad87y","requires-owner-review","manual-review-required","private-draft","requires-owner-review","3782c36dea102c39c542a183552fa2acd46084af92d02f6ee5cb032e5e7bb1b6","","","","","","","","",""
"p14-owner-b3de82b9e9adbec8aed281ef","wix:asset:wix:activity:g23od:904303a523984a8d9375","[""migration/phase9/assets-manifest.jsonl"",""migration/phase9/content-manifest.jsonl"",""migration/phase9/manual-review.csv"",""migration/phase9/source-inventory.jsonl""]","74cd0cc008db85d017b6de48f400be24f8a6ce6b3319010ed90ceb220a1b773b","image","gallery","activity","wix:activity:g23od","requires-owner-review","manual-review-required","private-draft","requires-owner-review","9c1943746d0ab487893a96affca25e20bb0f723598efe7d04824e628e677dfd6","","","","","","","","",""
"p14-owner-b477f568d5fde539309e88eb","wix:asset:wix:activity:zsngn:973e0b62377dd28b8ef1","[""migration/phase9/assets-manifest.jsonl"",""migration/phase9/content-manifest.jsonl"",""migration/phase9/manual-review.csv"",""migration/phase9/source-inventory.jsonl""]","7adb12fe0f05a9a7509722ea8a2d83a55156d3081b6d7367825240bc4d6cf173","image","cover","activity","wix:activity:zsngn","requires-owner-review","manual-review-required","private-draft","requires-owner-review","705aafddb0da2972e5512def776e1411cd20f45e7fd29e9b221ad8bbc1246d4e","","","","","","","","",""
"p14-owner-b4d4630abb8005753ddd0a53","wix:asset:wix:activity:euvvm:89df7e7341e0dbb23692","[""migration/phase9/assets-manifest.jsonl"",""migration/phase9/content-manifest.jsonl"",""migration/phase9/manual-review.csv"",""migration/phase9/source-inventory.jsonl""]","15db89cefb88ed60740c642fea3bc797445f81ddeddf77c9a32099f3a3ae4396","document","attachment","activity","wix:activity:euvvm","requires-owner-review","manual-review-required","private-draft","requires-owner-review","e7762655edee205cbdb763ff308d892f6eb1c63374d4c9424b7ed9c3ef07b6b5","","","","","","","","",""
"p14-owner-b5f3eda85edb5081e211a3c9","wix:asset:wix:activity:wquq1:6f0e304229e8ba9a18c6","[""migration/phase9/assets-manifest.jsonl"",""migration/phase9/content-manifest.jsonl"",""migration/phase9/manual-review.csv"",""migration/phase9/source-inventory.jsonl""]","74fe465599c1b8c92df4ac67cca46ebe8c19a3665fddb4c5a41363118a19af99","document","attachment","activity","wix:activity:wquq1","requires-owner-review","manual-review-required","private-draft","requires-owner-review","2937f087953aaa9360a9623321f714002187f21931d09624c088affc47016f7a","","","","","","","","",""
"p14-owner-b64fe570615fadf44916791d","wix:asset:wix:activity:k9aiv:323ca518618ffb4f21fc","[""migration/phase9/assets-manifest.jsonl"",""migration/phase9/content-manifest.jsonl"",""migration/phase9/manual-review.csv"",""migration/phase9/source-inventory.jsonl""]","f2c80c2347de57b7525893378359fbd6ba141d6f0f65fbfbd9fdd34b12cdbc74","image","gallery","activity","wix:activity:k9aiv","requires-owner-review","manual-review-required","private-draft","requires-owner-review","6bfd7afac7b5b3beb1f09679a6fbf130b136cb2ce0f985a8850d2faa9a7c5d3f","","","","","","","","",""
"p14-owner-b66c93502c96d0e48e5c7510","wix:asset:wix:activity:vzfv3:38f95271f68b7e7264a8","[""migration/phase9/assets-manifest.jsonl"",""migration/phase9/content-manifest.jsonl"",""migration/phase9/manual-review.csv"",""migration/phase9/source-inventory.jsonl""]","517bed19cdab75379ce37849d5ce0986413d960976507e739a55e4c38f5f07d4","image","gallery","activity","wix:activity:vzfv3","requires-owner-review","manual-review-required","private-draft","requires-owner-review","bc0cb00da9327306e397cdaef238fc6d9db04e8dcb6d1148413586f88b2de9a0","","","","","","","","",""
"p14-owner-b7141d38d7557109658f26ab","wix:asset:wix:activity:mwqi8:642944ddd9a197e9e8f2","[""migration/phase9/assets-manifest.jsonl"",""migration/phase9/content-manifest.jsonl"",""migration/phase9/manual-review.csv"",""migration/phase9/source-inventory.jsonl""]","dc6d3464783b59447ceb48e9ee8fa3478491f05571eb5c0749d810a3dd9dc9f2","document","attachment","activity","wix:activity:mwqi8","requires-owner-review","manual-review-required","private-draft","requires-owner-review","18e31b8d2b40029122e9891e1e3507d8c6718b3e73012e4fb063af29989cd466","","","","","","","","",""
"p14-owner-b9020e8e6d4aea8e44e57c81","wix:asset:wix:activity:j881c:c98135cc56b28bd71e61","[""migration/phase9/assets-manifest.jsonl"",""migration/phase9/content-manifest.jsonl"",""migration/phase9/manual-review.csv"",""migration/phase9/source-inventory.jsonl""]","e52e3a4051df622df5d1659fa19ce17abb0e2af1f46c4f17ee8cfcaf275cf61b","document","attachment","activity","wix:activity:j881c","requires-owner-review","manual-review-required","private-draft","requires-owner-review","43ac3925df16491c1085fab2fd6a6fcd9f35465e15366318205d33e5ce480dc5","","","","","","","","",""
"p14-owner-b98cf88a563bffd182845b69","wix:asset:wix:activity:vro4w:814c88229fc16bd9a03e","[""migration/phase9/assets-manifest.jsonl"",""migration/phase9/content-manifest.jsonl"",""migration/phase9/manual-review.csv"",""migration/phase9/source-inventory.jsonl""]","408b2008a1ae519b898bd5a20645cffd1f449196c419603578082bfc590ec751","document","attachment","activity","wix:activity:vro4w","requires-owner-review","manual-review-required","private-draft","requires-owner-review","4914141d5719aef8f7695facee60b3c21ef902ad31c3b173f8dd33f0aec394f3","","","","","","","","",""
"p14-owner-b99690babd6a321ef45a6eed","wix:asset:wix:activity:j881c:0e01ce592fb42793e0fe","[""migration/phase9/assets-manifest.jsonl"",""migration/phase9/content-manifest.jsonl"",""migration/phase9/manual-review.csv"",""migration/phase9/source-inventory.jsonl""]","80e09a797cd0164f368cea735438aacaf87157e01683be09aa0a6a14a3ab373c","document","attachment","activity","wix:activity:j881c","requires-owner-review","manual-review-required","private-draft","requires-owner-review","0291a707cf76644d63804cd85475498ee2502f3f157e6ef98ccd7e7eac4f6721","","","","","","","","",""
"p14-owner-ba84dd588795703db838845b","wix:asset:wix:activity:mqpxs:8d2a5d0a684e58d725b3","[""migration/phase9/assets-manifest.jsonl"",""migration/phase9/content-manifest.jsonl"",""migration/phase9/manual-review.csv"",""migration/phase9/source-inventory.jsonl""]","8e851c45a72ba784e9dabe03191f08244c0fa4fee2ac745a63660ccd07693607","document","attachment","activity","wix:activity:mqpxs","requires-owner-review","manual-review-required","private-draft","requires-owner-review","d5e2bc1cd2bde7eced014fc38a6604db47d3a2d75ad3789d8b5307cbe1ab31cb","","","","","","","","",""
"p14-owner-baa47927925f78cd4155f575","wix:asset:wix:activity:eeuqi:d3cf88fb721bea9d6354","[""migration/phase9/assets-manifest.jsonl"",""migration/phase9/content-manifest.jsonl"",""migration/phase9/manual-review.csv"",""migration/phase9/source-inventory.jsonl""]","0acf88ca7d932a80fd7b4615dec949a66a3bfcccdf6485882975a2cb5eb62e1e","image","gallery","activity","wix:activity:eeuqi","requires-owner-review","manual-review-required","private-draft","requires-owner-review","d6aa5d8017deb5750bdf908b89e938f8674e82402f6c8462288bc3cf7bcac453","","","","","","","","",""
"p14-owner-bae172229d14d9e44031929b","wix:asset:wix:activity:io4hd:f98a4d71f5ec0796609a","[""migration/phase9/assets-manifest.jsonl"",""migration/phase9/content-manifest.jsonl"",""migration/phase9/manual-review.csv"",""migration/phase9/source-inventory.jsonl""]","5b319e02fe54902f634bc042b0b90e71e4d00d09a0cbf8b53ee7026ecc77c530","document","attachment","activity","wix:activity:io4hd","requires-owner-review","manual-review-required","private-draft","requires-owner-review","8ed669d47467de410a7739a5de8cfc2eccd7780b5eab9adcf4c828d4139772f0","","","","","","","","",""
"p14-owner-bafea6a9631ab30d9eaba40e","wix:asset:wix:activity:j881c:95bfa540ad4a6ec703a6","[""migration/phase9/assets-manifest.jsonl"",""migration/phase9/content-manifest.jsonl"",""migration/phase9/manual-review.csv"",""migration/phase9/source-inventory.jsonl""]","ae9e863ca7f57eda18e53165f59d6d892fd1ce9d176c9c9f846e5a7f62036316","image","gallery","activity","wix:activity:j881c","requires-owner-review","manual-review-required","private-draft","requires-owner-review","6944a973eeeaff731a3ef018d8e3ffc505c3f2d187366c4f484fa3604f1c657b","","","","","","","","",""
"p14-owner-bc324488075726feb2b35f50","wix:asset:wix:activity:g23od:58eaadecafb97951e077","[""migration/phase9/assets-manifest.jsonl"",""migration/phase9/content-manifest.jsonl"",""migration/phase9/manual-review.csv"",""migration/phase9/source-inventory.jsonl""]","9dcceba2e49676ca490594411dc5f12f369e89a9fb4cdc86b9b3e543814bdec2","document","attachment","activity","wix:activity:g23od","requires-owner-review","manual-review-required","private-draft","requires-owner-review","a8cde9ec29a86b540b79e6784534536e47fbd944065b1d5bcbdbab01248d1bf2","","","","","","","","",""
"p14-owner-bc7dee8bcc101a8922093b48","wix:asset:wix:activity:fl2ot:6b45cee4fe2663805bc7","[""migration/phase9/assets-manifest.jsonl"",""migration/phase9/content-manifest.jsonl"",""migration/phase9/manual-review.csv"",""migration/phase9/source-inventory.jsonl""]","72bf7a9d6fbd71d393ba8b4e92bcbb0d375741853c0a2c908641160c350dd2bc","document","attachment","activity","wix:activity:fl2ot","requires-owner-review","manual-review-required","private-draft","requires-owner-review","6dc5bb2091561efc8b5919fb80b2b6d678a76453aa55be3e79a860a846517b0a","","","","","","","","",""
"p14-owner-bd4f335ffbb852af0fb3cbad","wix:asset:wix:activity:t4l6d:bf0adee779b30b90f739","[""migration/phase9/assets-manifest.jsonl"",""migration/phase9/content-manifest.jsonl"",""migration/phase9/manual-review.csv"",""migration/phase9/source-inventory.jsonl""]","7fd2866959cd9a48e6b67e445e2bb9a72962e0d345e42ba433771af8cc13519b","image","cover","activity","wix:activity:t4l6d","requires-owner-review","manual-review-required","private-draft","requires-owner-review","d31e7734331945583c866bd04517afcbd93ffbbf612d5200bb3013c254732eb3","","","","","","","","",""
"p14-owner-bdb77bc7c789cadcb0c78286","wix:asset:wix:activity:ay10r:6dc681c867ed3d0ccf9d","[""migration/phase9/assets-manifest.jsonl"",""migration/phase9/content-manifest.jsonl"",""migration/phase9/manual-review.csv"",""migration/phase9/source-inventory.jsonl""]","099c2dcdf48a8814fa4a11541f7f46e6fc44007125544f54c4a5db6a115153ac","document","attachment","activity","wix:activity:ay10r","requires-owner-review","manual-review-required","private-draft","requires-owner-review","2b4e48d1ef415b4c9502340f652f53c9ff6efe055e49f7ed81b048f10572d183","","","","","","","","",""
"p14-owner-bde63c6f6c03aea9fdd66766","wix:asset:wix:activity:fxl97:7b70706f7ee20c7e4aaa","[""migration/phase9/assets-manifest.jsonl"",""migration/phase9/content-manifest.jsonl"",""migration/phase9/manual-review.csv"",""migration/phase9/source-inventory.jsonl""]","bbde26e74d36183ed839a39aac82f52b84bd776310abeb1cc5f69ff7c9e9441e","document","attachment","activity","wix:activity:fxl97","requires-owner-review","manual-review-required","private-draft","requires-owner-review","590690ee5dc0b1f475909453f0a0248825f5498854a29d66390562811290cd38","","","","","","","","",""
"p14-owner-be397778def4da70326ae66e","wix:asset:wix:activity:lb7xk:3a9e88bb553c8db7cd61","[""migration/phase9/assets-manifest.jsonl"",""migration/phase9/content-manifest.jsonl"",""migration/phase9/manual-review.csv"",""migration/phase9/source-inventory.jsonl""]","2bc317f6810f4dcb17966680911090ae8934866ae5ee598531687145b3516fc8","document","attachment","activity","wix:activity:lb7xk","requires-owner-review","manual-review-required","private-draft","requires-owner-review","ed3727980b2e5e413a4d7ddf1d6a116a7eb5082d9602e235a993204619983866","","","","","","","","",""
"p14-owner-bfc7f273ef876256dc4af010","wix:asset:wix:activity:mqpxs:5b963901a5a66a4a6dab","[""migration/phase9/assets-manifest.jsonl"",""migration/phase9/content-manifest.jsonl"",""migration/phase9/manual-review.csv"",""migration/phase9/source-inventory.jsonl""]","7065d9746caac2a04e49d8a3cf5df6f0a012371f0ee390f670e0a67f2e7a4cc6","image","gallery","activity","wix:activity:mqpxs","requires-owner-review","manual-review-required","private-draft","requires-owner-review","8f1b031ce866b5bbdded007555914115f64cb8b120786fabf9fad91e7c192c4c","","","","","","","","",""
"p14-owner-bfde577c8728a7c26b2af788","wix:asset:wix:activity:fu3bz:d8d9025ce2e3622c12a6","[""migration/phase9/assets-manifest.jsonl"",""migration/phase9/content-manifest.jsonl"",""migration/phase9/manual-review.csv"",""migration/phase9/source-inventory.jsonl""]","73ea051f1b39c9ba84efd2c7416e8553215921b41b5c4af9367ba11cc7584e3f","image","gallery","activity","wix:activity:fu3bz","requires-owner-review","manual-review-required","private-draft","requires-owner-review","ee0421922738a69654dd803fdef8cf419d24b2bf49e5f7d6cafbe48cfb282b74","","","","","","","","",""
"p14-owner-c12b8c1fccb482673cc74320","wix:asset:wix:activity:xhbeh:701bd6c862e2ed08e72f","[""migration/phase9/assets-manifest.jsonl"",""migration/phase9/content-manifest.jsonl"",""migration/phase9/manual-review.csv"",""migration/phase9/source-inventory.jsonl""]","4bad273147e61750e4aeb01e6a2cc423611bfcb1596e539bea7a6d3ba81acccd","image","cover","activity","wix:activity:xhbeh","requires-owner-review","manual-review-required","private-draft","requires-owner-review","0c567e124403622948f1768b4f37f4aebbc79bf7dccfea1f3043785011821231","","","","","","","","",""
"p14-owner-c1679eaf9c8b5dfb38aac3bf","wix:asset:wix:activity:yq45v:8943f9f2bb6d07b34896","[""migration/phase9/assets-manifest.jsonl"",""migration/phase9/content-manifest.jsonl"",""migration/phase9/manual-review.csv"",""migration/phase9/source-inventory.jsonl""]","2d1ede1b1c8d5b5c463761dbd5a1f7c7fd99a08ac829586339190bdc77ebe41d","image","gallery","activity","wix:activity:yq45v","requires-owner-review","manual-review-required","private-draft","requires-owner-review","60fbad698f4524b8ca9b35362f766d03fef2e5158fc0d33f8580675974e3ef3a","","","","","","","","",""
"p14-owner-c1ce2617fce9c53b7c66ec19","wix:asset:wix:activity:on53s:1eae792f423fb534628b","[""migration/phase9/assets-manifest.jsonl"",""migration/phase9/content-manifest.jsonl"",""migration/phase9/manual-review.csv"",""migration/phase9/source-inventory.jsonl""]","4b0083624618301d1e6ae70fc2db23893e7dc3cbf02259ff801aebd913c460dd","image","cover","activity","wix:activity:on53s","requires-owner-review","manual-review-required","private-draft","requires-owner-review","56ae73bbc5386e2bcc07c1b1bce40a9cc6c9087c6701147ebdd3b1656178824a","","","","","","","","",""
"p14-owner-c1e492be31ef61e82b92ffe5","wix:asset:wix:file:b3e6692cb0c07293a5fe23e4:b3e6692cb0c07293a5fe","[""migration/phase9/assets-manifest.jsonl"",""migration/phase9/content-manifest.jsonl"",""migration/phase9/manual-review.csv"",""migration/phase9/source-inventory.jsonl""]","b3e6692cb0c07293a5fe23e4bffae369e9204af7c4ad63e5599aef479d1ef687","document","download","file","wix:file:b3e6692cb0c07293a5fe23e4","requires-owner-review","manual-review-required","private-draft","requires-owner-review","6a0fee423d2ff66ae1a2094cedfbc1783dff41932385aeed41ba48cefa1c4efd","","","","","","","","",""
"p14-owner-c1ff0b7aba90621d95c16492","wix:asset:wix:activity:wnlfh:a434992de75a53f2400a","[""migration/phase9/assets-manifest.jsonl"",""migration/phase9/content-manifest.jsonl"",""migration/phase9/manual-review.csv"",""migration/phase9/source-inventory.jsonl""]","4f7df8041b654ad60f189b47e1eecb90193f2947c81f8c0f4f4a61033abf34a5","image","cover","activity","wix:activity:wnlfh","requires-owner-review","manual-review-required","private-draft","requires-owner-review","83b0691f71abbcbd76b0af85dbe39b0ead675ec787c44f5940bf381c9c30b7b9","","","","","","","","",""
"p14-owner-c34bbd0de03e754877493213","wix:asset:wix:activity:eeuqi:81fc916797957695a536","[""migration/phase9/assets-manifest.jsonl"",""migration/phase9/content-manifest.jsonl"",""migration/phase9/manual-review.csv"",""migration/phase9/source-inventory.jsonl""]","e9655b142b7f9417f785ef3ade5196423ebbb7c55a9386dc80c6ffca71a5bd5b","document","attachment","activity","wix:activity:eeuqi","requires-owner-review","manual-review-required","private-draft","requires-owner-review","7129b9d5f949fc696d8ab264ed7c6613b75853360d6f52ef98d0c82f96b159d3","","","","","","","","",""
"p14-owner-c3b23600851730dbb5d585a1","wix:asset:wix:activity:fxl97:e3a82ed803b47793565d","[""migration/phase9/assets-manifest.jsonl"",""migration/phase9/content-manifest.jsonl"",""migration/phase9/manual-review.csv"",""migration/phase9/source-inventory.jsonl""]","101680b6c679c9c13e4ae9e2a10636ab0b4aaf5ce8aca895db14a401fdd6108d","document","attachment","activity","wix:activity:fxl97","requires-owner-review","manual-review-required","private-draft","requires-owner-review","bdb59bc94f72148c02029e335c8d133e742b756a1cf9b023570ebfbda9cadbc2","","","","","","","","",""
"p14-owner-c3def60a9a2180dfdcdaacaf","wix:asset:wix:activity:o6h8s:525ae5efec5082f028c1","[""migration/phase9/assets-manifest.jsonl"",""migration/phase9/content-manifest.jsonl"",""migration/phase9/manual-review.csv"",""migration/phase9/source-inventory.jsonl""]","60be1dc11d92f8db688a92cfd86c10d697ffd5fda2b48261276e4b325cf3ff73","document","attachment","activity","wix:activity:o6h8s","requires-owner-review","manual-review-required","private-draft","requires-owner-review","66055bdbf95fcf42ba850bb9ee5c6a18b41158ce8ef24bf9b767b11ab01eb1ff","","","","","","","","",""
"p14-owner-c3f1ea4317e28f1a7185cd87","source-only:wix:asset-source:1f6b5c03923042d12cd7fd96a44fde53e7c7985f1096be8c7985334fe56d7077","[""migration/phase9/source-inventory.jsonl""]","1f6b5c03923042d12cd7fd96a44fde53e7c7985f1096be8c7985334fe56d7077","image","unknown","unresolved","","accepted_skip","manual-review-required","public-source","requires-owner-review","8087a1b851b67dcc4ba6f9f86b86a1e51c905809b801ecf2bf50aa876bdd799e","","","","","","","","",""
"p14-owner-c45ab3ca2d231af87661e843","wix:asset:wix:activity:gqhoh:b6e30ac0d92619ab25c1","[""migration/phase9/assets-manifest.jsonl"",""migration/phase9/content-manifest.jsonl"",""migration/phase9/manual-review.csv"",""migration/phase9/source-inventory.jsonl""]","c50b8ef0730a58b30017974318171c68768a0147853c05aa0db3198730bdd38b","document","attachment","activity","wix:activity:gqhoh","requires-owner-review","manual-review-required","private-draft","requires-owner-review","9b91e9d79b57a877910d5d195b748a1f36878a62314f97c1ff3e773a7014a834","","","","","","","","",""
"p14-owner-c5ccf73e3eb66b2dc4035695","wix:asset:wix:activity:jefj3:07e3977d25a3b29c960d","[""migration/phase9/assets-manifest.jsonl"",""migration/phase9/content-manifest.jsonl"",""migration/phase9/manual-review.csv"",""migration/phase9/source-inventory.jsonl""]","a0d9e9d1ea3368e026fb75327a14b851321a2e0e5ea88c6536d322f1e60506d8","image","gallery","activity","wix:activity:jefj3","requires-owner-review","manual-review-required","private-draft","requires-owner-review","477656d505ef335dc43cbb6584d0e029b6ea4048cca359016cd01e4167bbc57b","","","","","","","","",""
"p14-owner-c62ee66c07d9b0bc517c5f9f","wix:asset:wix:activity:k9aiv:463fbcf583a9e4156a25","[""migration/phase9/assets-manifest.jsonl"",""migration/phase9/content-manifest.jsonl"",""migration/phase9/manual-review.csv"",""migration/phase9/source-inventory.jsonl""]","cc7128bb0506575e25e68547165eb6f32c9e7e7835677709582e252205cf9a46","image","cover","activity","wix:activity:k9aiv","requires-owner-review","manual-review-required","private-draft","requires-owner-review","e037cc48eea5de657ad3f882e41dc7f3ccc930255b588ac75de23dc6af0d90a8","","","","","","","","",""
"p14-owner-c68596f57d85a553803231c2","wix:asset:wix:activity:fu3bz:01a8639b17eb3a040609","[""migration/phase9/assets-manifest.jsonl"",""migration/phase9/content-manifest.jsonl"",""migration/phase9/manual-review.csv"",""migration/phase9/source-inventory.jsonl""]","a2a5d226972c79a0bb60d5017a1b2f7f19f2b3b3652963dd10baa751f895eef1","document","attachment","activity","wix:activity:fu3bz","requires-owner-review","manual-review-required","private-draft","requires-owner-review","7fc24ed98892b0dea496b8a29aad6f334246d53cd0ce12ac5a770c52ef408307","","","","","","","","",""
"p14-owner-c6bca9708bd486bd51cd4675","wix:asset:wix:activity:zsngn:89c967318e08fd1fe391","[""migration/phase9/assets-manifest.jsonl"",""migration/phase9/content-manifest.jsonl"",""migration/phase9/manual-review.csv"",""migration/phase9/source-inventory.jsonl""]","0ddd3fbe993bfc7c67b0bdd306782251575ba6dfd2e95ab867e7f1375b8df146","document","attachment","activity","wix:activity:zsngn","requires-owner-review","manual-review-required","private-draft","requires-owner-review","558d32bde99fc825e7f28a71a9bed22f4c10e9abd6d504f431048894a49fa508","","","","","","","","",""
"p14-owner-c76e8dae3ccd8476edc78495","wix:asset:wix:activity:y2p9y:394a02cc06ff616ac40f","[""migration/phase9/assets-manifest.jsonl"",""migration/phase9/content-manifest.jsonl"",""migration/phase9/manual-review.csv"",""migration/phase9/source-inventory.jsonl""]","f09f499876bff6894143a6505cd011882b6d380d899f85ef5a19c796d3a6a01b","document","attachment","activity","wix:activity:y2p9y","requires-owner-review","manual-review-required","private-draft","requires-owner-review","96b59807be1d1e5b97d57f0ba8a3742570cf5aabdc94cc03dbd0a39d4492bac4","","","","","","","","",""
"p14-owner-c90ca13dcbcf342a7a633ee2","wix:asset:wix:activity:o3j0h:bfaa8c01583c253e7f9f","[""migration/phase9/assets-manifest.jsonl"",""migration/phase9/content-manifest.jsonl"",""migration/phase9/manual-review.csv"",""migration/phase9/source-inventory.jsonl""]","b9613c22eb5ae38dd8f62e7517f76101edafa55aeb88f544f3a5470a7d4666a4","document","attachment","activity","wix:activity:o3j0h","requires-owner-review","manual-review-required","private-draft","requires-owner-review","911e4134aa6164572c327ecd56f022c2b733fd46c4a01ac00b212283ff9c9072","","","","","","","","",""
"p14-owner-c9bddf6d4aed595562cdf352","wix:asset:wix:activity:yq45v:9d87b26d79ec37a3c467","[""migration/phase9/assets-manifest.jsonl"",""migration/phase9/content-manifest.jsonl"",""migration/phase9/manual-review.csv"",""migration/phase9/source-inventory.jsonl""]","0816bef699f9fb2a4022e8e9b7114360e0475a868b79833a356dad3cad9c156c","image","cover","activity","wix:activity:yq45v","requires-owner-review","manual-review-required","private-draft","requires-owner-review","e03a1a6530cf67834c06c9dde8f2b655cbd23726ced2819e0f7019d6c2764990","","","","","","","","",""
"p14-owner-ca04f2c5cff53047e2c780e1","wix:asset:wix:activity:jd4jc:db26fae718f17c527073","[""migration/phase9/assets-manifest.jsonl"",""migration/phase9/content-manifest.jsonl"",""migration/phase9/manual-review.csv"",""migration/phase9/source-inventory.jsonl""]","18e01ffa385a1d9da9e80390ef9649d5577647b601a4999d944be4cb28e13cef","document","attachment","activity","wix:activity:jd4jc","requires-owner-review","manual-review-required","private-draft","requires-owner-review","8512f202e26052f1947687ba1115d9a504c3378682bd00c0bb59d15d426f174f","","","","","","","","",""
"p14-owner-ca116e67f94ca7174abfd4fd","wix:asset:wix:activity:nz8m8:6a0bd4b6fa480a9bb06a","[""migration/phase9/assets-manifest.jsonl"",""migration/phase9/content-manifest.jsonl"",""migration/phase9/manual-review.csv"",""migration/phase9/source-inventory.jsonl""]","c7a60f979efa6378092437be9de403fa02d9f8404cd081a3d4a9fb760a26d295","document","attachment","activity","wix:activity:nz8m8","requires-owner-review","manual-review-required","private-draft","requires-owner-review","81c960561af7393db744943ced8b93a97b35c973240353b7ef9d226694e827e3","","","","","","","","",""
"p14-owner-cb3f060e2cd0225667d7592c","wix:asset:wix:activity:u61it:7214781d5c6d7fd4bc87","[""migration/phase9/assets-manifest.jsonl"",""migration/phase9/content-manifest.jsonl"",""migration/phase9/manual-review.csv"",""migration/phase9/source-inventory.jsonl""]","80220a75e6537140d7ea0056fbe12f1c3a2a2f67998f0e896b5f3958558d5b2a","image","cover","activity","wix:activity:u61it","requires-owner-review","manual-review-required","private-draft","requires-owner-review","a17a48ee65bf337ba9f50e170c345c670be0e1c5884d413c4403ccea5073f5bc","","","","","","","","",""
"p14-owner-ccd5dc1bc6872b25194b3dcf","wix:asset:wix:activity:mh72i:240fd910c5b914753f51","[""migration/phase9/assets-manifest.jsonl"",""migration/phase9/content-manifest.jsonl"",""migration/phase9/manual-review.csv"",""migration/phase9/source-inventory.jsonl""]","f6d4410f09dcb6140105ace4b18b8593395f77fdd1c6871d9ae5a182646e653a","image","gallery","activity","wix:activity:mh72i","requires-owner-review","manual-review-required","private-draft","requires-owner-review","e18bf8eb211bc9744ec85e8b63ac891e5fc29d2b8fca192f4eec207a999f87f6","","","","","","","","",""
"p14-owner-ce55a4224c674264ef280ba3","wix:asset:wix:activity:ad87y:b637c63f0bb01a795ec4","[""migration/phase9/assets-manifest.jsonl"",""migration/phase9/content-manifest.jsonl"",""migration/phase9/manual-review.csv"",""migration/phase9/source-inventory.jsonl""]","cfee84aa282a6a0fe5db2c67b73c119fcf9084a21358278fb086a2f9da7fbcb1","image","cover","activity","wix:activity:ad87y","requires-owner-review","manual-review-required","private-draft","requires-owner-review","8e016b14af41ace433869b2480976eec1b729764ff0987e08c1daf796eeda397","","","","","","","","",""
"p14-owner-ce70dc33e838bd25165f7778","wix:asset:wix:activity:euvvm:fe8547cf06dbcdff68d2","[""migration/phase9/assets-manifest.jsonl"",""migration/phase9/content-manifest.jsonl"",""migration/phase9/manual-review.csv"",""migration/phase9/source-inventory.jsonl""]","d044560088fa0f0be546dbbd3441649f9bd64ba26cc847b46a699d4023f2f279","document","attachment","activity","wix:activity:euvvm","requires-owner-review","manual-review-required","private-draft","requires-owner-review","9f16f5eff690a046963bb54cb1407b21530a8b7f211a692fb7333dd32a132fd6","","","","","","","","",""
"p14-owner-cec5039b80da0a1e871341ac","wix:asset:wix:activity:sr7vx:f588387d85ed526491c8","[""migration/phase9/assets-manifest.jsonl"",""migration/phase9/content-manifest.jsonl"",""migration/phase9/manual-review.csv"",""migration/phase9/source-inventory.jsonl""]","36adeb2e20ffc5a86536cd0859a8201cde15a0c51a324a3cfa28edeaf6fdda3a","document","attachment","activity","wix:activity:sr7vx","requires-owner-review","manual-review-required","private-draft","requires-owner-review","66dafd286c7a180e67c58624deee4da24c849ecdc042a73c924874dfdb8099f5","","","","","","","","",""
"p14-owner-cf308df78efd7689a687bfbd","wix:asset:wix:activity:o6h8s:9c8678960904890e41d7","[""migration/phase9/assets-manifest.jsonl"",""migration/phase9/content-manifest.jsonl"",""migration/phase9/manual-review.csv"",""migration/phase9/source-inventory.jsonl""]","fe10dfb797ddcd7df0859d85b7f0c9ac8e2e12a56a03238ea32cfd3e737a0848","document","attachment","activity","wix:activity:o6h8s","requires-owner-review","manual-review-required","private-draft","requires-owner-review","a91d5f2e84d2558e6f2e708f8a9612767c0f323545b06f73f162f37efbea2304","","","","","","","","",""
"p14-owner-cf35a40d638990b70bedf000","wix:asset:wix:activity:fxl97:d16b9e919d52c3483b11","[""migration/phase9/assets-manifest.jsonl"",""migration/phase9/content-manifest.jsonl"",""migration/phase9/manual-review.csv"",""migration/phase9/source-inventory.jsonl""]","d25dd715740fd0a124303cadd2eac5b90915a3c81daa62bb2d4a1481e1d46e39","document","attachment","activity","wix:activity:fxl97","requires-owner-review","manual-review-required","private-draft","requires-owner-review","7eed502ca89a54aa8c95a05fa7b8c19d4075f0d741a7a5e116ff17b93a41c2d8","","","","","","","","",""
"p14-owner-cf6a38e98484aa6919cc6d8d","wix:asset:wix:activity:r9q61:4d77ae33b75deab2b7a2","[""migration/phase9/assets-manifest.jsonl"",""migration/phase9/content-manifest.jsonl"",""migration/phase9/manual-review.csv"",""migration/phase9/source-inventory.jsonl""]","6b53ec3862d426ea3f07063a31dae8e22e45ac6b76859cdeef77ff43795095f6","document","attachment","activity","wix:activity:r9q61","requires-owner-review","manual-review-required","private-draft","requires-owner-review","2302f84295f854dd2cf7d443a35e734622737545037dd6d61427a86c7e8cd9e6","","","","","","","","",""
"p14-owner-cfafc80f75aa65d765bca139","wix:asset:wix:activity:syp73:2432752f08050d81cb1a","[""migration/phase9/assets-manifest.jsonl"",""migration/phase9/content-manifest.jsonl"",""migration/phase9/manual-review.csv"",""migration/phase9/source-inventory.jsonl""]","2d53e4b03955dba6285f0266ffa6ad54f03ead80801872dd64cdbcfb6e5bdbf2","document","attachment","activity","wix:activity:syp73","requires-owner-review","manual-review-required","private-draft","requires-owner-review","7e08b9775508b45c84d35efccc6ab3405cd7623539d51f04c8c0e87f383f79b5","","","","","","","","",""
"p14-owner-cfbeeb19db60dd8ba4d40b7a","source-only:wix:asset-source:f6d95ad486802221207cd14fbb414be18df8decdd9337fcc904481a131505a8b","[""migration/phase9/source-inventory.jsonl""]","f6d95ad486802221207cd14fbb414be18df8decdd9337fcc904481a131505a8b","image","unknown","unresolved","","accepted_skip","manual-review-required","public-source","requires-owner-review","f5f1b9d6c825da8b525851a5e577be0e4109386144d937028431f58e06455dc2","","","","","","","","",""
"p14-owner-cfef30395e667496dcd78a88","wix:asset:wix:activity:u61it:400cb761e0816e00c246","[""migration/phase9/assets-manifest.jsonl"",""migration/phase9/content-manifest.jsonl"",""migration/phase9/manual-review.csv"",""migration/phase9/source-inventory.jsonl""]","71824eb6838c30e9fb72e4a14bfa5eb1aeff4d09b2fd68353164e3629d6df18b","document","attachment","activity","wix:activity:u61it","requires-owner-review","manual-review-required","private-draft","requires-owner-review","82fb417db06604b5b9f90b69d4180141d8645dcb67aabd5160fe073b8eaf472c","","","","","","","","",""
"p14-owner-d08c6a46dc0ea517a0d63eea","wix:asset:wix:activity:mwqi8:42a27cb96f36765c4ae1","[""migration/phase9/assets-manifest.jsonl"",""migration/phase9/content-manifest.jsonl"",""migration/phase9/manual-review.csv"",""migration/phase9/source-inventory.jsonl""]","c8a3b233ddb0f520d9528d0a7e36023f1596090687b835318842961282571893","image","gallery","activity","wix:activity:mwqi8","requires-owner-review","manual-review-required","private-draft","requires-owner-review","d4da567c8de2f5641a458e71d06500815e0f3fb09fb00708a7d5c58c30c0b060","","","","","","","","",""
"p14-owner-d0a8021182fa6aa5106e64df","source-only:wix:asset-source:567200f9752d52c7cb43ce4d9d96c7d48da3df689ef3b3af70ba007c2b572676","[""migration/phase9/source-inventory.jsonl""]","567200f9752d52c7cb43ce4d9d96c7d48da3df689ef3b3af70ba007c2b572676","image","unknown","unresolved","","accepted_skip","manual-review-required","public-source","requires-owner-review","b65d2071adcb9ff830cad68659e098cec8a906f8cad55d45e13afde4b8eca104","","","","","","","","",""
"p14-owner-d1404894b961148285845dfa","wix:asset:wix:activity:j881c:66a6392c8ae42dc703dc","[""migration/phase9/assets-manifest.jsonl"",""migration/phase9/content-manifest.jsonl"",""migration/phase9/manual-review.csv"",""migration/phase9/source-inventory.jsonl""]","002ed0492bad83a628d6271e743f2f57c3d2ff265e1bb9a53435aeb9fa07bf52","document","attachment","activity","wix:activity:j881c","requires-owner-review","manual-review-required","private-draft","requires-owner-review","4c8f34653f7611450d22002f0f6a7661fa146d52d396640fba207c65162bc01f","","","","","","","","",""
"p14-owner-d1ea0407a6417aff71bae362","wix:asset:wix:activity:fuug2:f8f0bb185f51aa4a7333","[""migration/phase9/assets-manifest.jsonl"",""migration/phase9/content-manifest.jsonl"",""migration/phase9/manual-review.csv"",""migration/phase9/source-inventory.jsonl""]","5d128df30391bf27232f6a284eb9f6ffd832d152750c30e86cf985cb4c28c538","document","attachment","activity","wix:activity:fuug2","requires-owner-review","manual-review-required","private-draft","requires-owner-review","edec5e53d5bb5ed4d1aebfd35a2ac7817963c364408c7f1c78394c802b023dec","","","","","","","","",""
"p14-owner-d1ffdf9e965a67a1f41ddf9a","wix:asset:wix:activity:u61it:ce2b2855b78f5d529140","[""migration/phase9/assets-manifest.jsonl"",""migration/phase9/content-manifest.jsonl"",""migration/phase9/manual-review.csv"",""migration/phase9/source-inventory.jsonl""]","c4150559fe72bf65616bd147b3298621654af487dd3b21554dbdea80aa16d90a","document","attachment","activity","wix:activity:u61it","requires-owner-review","manual-review-required","private-draft","requires-owner-review","486c2efd9a9061a2c4e4d24031eda9318fcc0ff023ae51a0a2d62bbe52909870","","","","","","","","",""
"p14-owner-d32fdc6b50b81a686c17ec07","wix:asset:wix:activity:o2emp:26926bfbc05fd3735dc1","[""migration/phase9/assets-manifest.jsonl"",""migration/phase9/content-manifest.jsonl"",""migration/phase9/manual-review.csv"",""migration/phase9/source-inventory.jsonl""]","eb62af9398929dccaeecdf09f97e377ff072a6754eefe483898f3833813fcb25","image","gallery","activity","wix:activity:o2emp","requires-owner-review","manual-review-required","private-draft","requires-owner-review","3d6b4d59e9df981c0441dde09ac765a9b50b4da9d3a117c9af97bca8a3dceb02","","","","","","","","",""
"p14-owner-d46dde17376e2a991e763abd","wix:asset:wix:file:60339fa72b13d2999f69dd06:60339fa72b13d2999f69","[""migration/phase9/assets-manifest.jsonl"",""migration/phase9/content-manifest.jsonl"",""migration/phase9/manual-review.csv"",""migration/phase9/source-inventory.jsonl""]","60339fa72b13d2999f69dd0691fb1133b3279250091e143b255a9102fa5e7e99","document","download","file","wix:file:60339fa72b13d2999f69dd06","requires-owner-review","manual-review-required","private-draft","requires-owner-review","41e5963dab83821469c882b56c56b3e94e57a9f5879e4f9724087ad5598b5418","","","","","","","","",""
"p14-owner-d4b4fa0f953c59589a63bf01","wix:asset:wix:activity:eeuqi:900f2df4f234ad575344","[""migration/phase9/assets-manifest.jsonl"",""migration/phase9/content-manifest.jsonl"",""migration/phase9/manual-review.csv"",""migration/phase9/source-inventory.jsonl""]","b6f103e1409c57d89cc4383985195669b1a2f1147713f657476cb40e6572893a","image","gallery","activity","wix:activity:eeuqi","requires-owner-review","manual-review-required","private-draft","requires-owner-review","2137122c47619c8b8b9cbdb792721706b712dd4e6c943ce89043ee25891e803c","","","","","","","","",""
"p14-owner-d4c9249f179ab1eca6c303ec","wix:asset:wix:activity:j881c:b123ff8c74339bbb484b","[""migration/phase9/assets-manifest.jsonl"",""migration/phase9/content-manifest.jsonl"",""migration/phase9/manual-review.csv"",""migration/phase9/source-inventory.jsonl""]","438ba127353f0500205ec54ea32f39e83b8d16de59f6682778ae7b423ad07125","image","gallery","activity","wix:activity:j881c","requires-owner-review","manual-review-required","private-draft","requires-owner-review","2a980641393b50eb0e5d4317aa1cedd9fcd2aa95c1b1490a72ea4f7386e96a08","","","","","","","","",""
"p14-owner-d525728197acc7cbe989ff6e","wix:asset:wix:activity:wiy6e:e5912760b79b4a8edb00","[""migration/phase9/assets-manifest.jsonl"",""migration/phase9/content-manifest.jsonl"",""migration/phase9/manual-review.csv"",""migration/phase9/source-inventory.jsonl""]","38b136a8d75671ee72ac4b1f1a3d0184f29f582c377bd34157e93fe59a6b2daf","document","attachment","activity","wix:activity:wiy6e","requires-owner-review","manual-review-required","private-draft","requires-owner-review","e7be80341cc46eb24fa72495f85df4d0b4a04a191bdf5477d252d2c88a4a3eee","","","","","","","","",""
"p14-owner-d5681a16a31cf8a93e04a86d","wix:asset:wix:activity:o6h8s:2bc6203d789f0f69f672","[""migration/phase9/assets-manifest.jsonl"",""migration/phase9/content-manifest.jsonl"",""migration/phase9/manual-review.csv"",""migration/phase9/source-inventory.jsonl""]","e202140ffd9bf1ea944e4a211cf97a87e826a4620f543041391dd39cda1fb21a","document","attachment","activity","wix:activity:o6h8s","requires-owner-review","manual-review-required","private-draft","requires-owner-review","08365a6ecdde40c0697915fcae62a37ec7821a183380a6e8d46b122630576d9a","","","","","","","","",""
"p14-owner-d76775d9988163fc69eb2fe2","wix:asset:wix:activity:fpv52:7d270282964c470d494f","[""migration/phase9/assets-manifest.jsonl"",""migration/phase9/content-manifest.jsonl"",""migration/phase9/manual-review.csv"",""migration/phase9/source-inventory.jsonl""]","115b71094a407fd006e3331c87db3ff96e437d14382939be91178cd385d3231d","document","attachment","activity","wix:activity:fpv52","requires-owner-review","manual-review-required","private-draft","requires-owner-review","1405b7e9e3adc847123c4c3492d991b9a1d6f6dce3357f978bfbc1a29fbb7ee3","","","","","","","","",""
"p14-owner-d8e324f2924271730c8bcafe","wix:asset:wix:activity:eeuqi:2c01863552866b91631c","[""migration/phase9/assets-manifest.jsonl"",""migration/phase9/content-manifest.jsonl"",""migration/phase9/manual-review.csv"",""migration/phase9/source-inventory.jsonl""]","2d5d6a1510efae09fac412240c5b43589ed7388eb477d23ab84e1a35f2615be9","document","attachment","activity","wix:activity:eeuqi","requires-owner-review","manual-review-required","private-draft","requires-owner-review","3203ab4c9c565c2fee1175869ee2be4dcad97b6e43177bffa5e34b9d6d23e76c","","","","","","","","",""
"p14-owner-d9ccbf251cd502c32e911a42","wix:asset:wix:activity:jd4jc:befeabc629281f5c34f5","[""migration/phase9/assets-manifest.jsonl"",""migration/phase9/content-manifest.jsonl"",""migration/phase9/manual-review.csv"",""migration/phase9/source-inventory.jsonl""]","0511dcbaf80f2de5d462ba4451dbb296a102ece7086e1bf8ede6f9594dc751cf","image","gallery","activity","wix:activity:jd4jc","requires-owner-review","manual-review-required","private-draft","requires-owner-review","d49ca52c138df64950684db9a2046a54a862131f9e73502ba298bf69f467e862","","","","","","","","",""
"p14-owner-daf1ff7549c38caf1f896c33","wix:asset:wix:activity:ncu3n:eceb6aff20ed2292c3ac","[""migration/phase9/assets-manifest.jsonl"",""migration/phase9/content-manifest.jsonl"",""migration/phase9/manual-review.csv"",""migration/phase9/source-inventory.jsonl""]","afaff14fb63d6cc3ef55bf0a8fef578eabea21fec986221b78df6f802e1c6579","document","attachment","activity","wix:activity:ncu3n","requires-owner-review","manual-review-required","private-draft","requires-owner-review","748c42e8db27baa2042b800448fe850118b36d3e632152fd1b858baa8e1e3a05","","","","","","","","",""
"p14-owner-db6a6ceb025cc3d5faf9dc78","wix:asset:wix:file:2642b76d6996564aa309ac96:2642b76d6996564aa309","[""migration/phase9/assets-manifest.jsonl"",""migration/phase9/content-manifest.jsonl"",""migration/phase9/manual-review.csv"",""migration/phase9/source-inventory.jsonl""]","2642b76d6996564aa309ac9645aa93e7dc6005a28f1acf3435469768c73115a2","document","download","file","wix:file:2642b76d6996564aa309ac96","requires-owner-review","manual-review-required","private-draft","requires-owner-review","d2f535d435413792bf849681640a5777bb069a711ae5778125289e9d4446c3e8","","","","","","","","",""
"p14-owner-db7a4dc8710d8ac4ecfb1e42","source-only:wix:asset-source:44fd9de1e333a4ac892b562c49771fedbc8f5eaaaac0bdefbeaca7801756b2ac","[""migration/phase9/source-inventory.jsonl""]","44fd9de1e333a4ac892b562c49771fedbc8f5eaaaac0bdefbeaca7801756b2ac","image","unknown","unresolved","","accepted_skip","manual-review-required","public-source","requires-owner-review","e0d0e3cfc4018b591d67bc329874ce647d24a12361703a4843bbbc786c992936","","","","","","","","",""
"p14-owner-dd38b6b0302a01509e0dfc0b","wix:asset:wix:activity:ay10r:82a1af59df7d85befb52","[""migration/phase9/assets-manifest.jsonl"",""migration/phase9/content-manifest.jsonl"",""migration/phase9/manual-review.csv"",""migration/phase9/source-inventory.jsonl""]","9aa861056d20c69fb4cc4e7a2d3a4da12f31890219bd38781e81fd1bc77595f6","document","attachment","activity","wix:activity:ay10r","requires-owner-review","manual-review-required","private-draft","requires-owner-review","a691fb8178151a68b9dba9d7d774a9207931170c5407fd5fd405d1d1654874cc","","","","","","","","",""
"p14-owner-dd6894bf6740c94bde7c1272","wix:asset:wix:activity:ad87y:31da97fc3685cc05dc1b","[""migration/phase9/assets-manifest.jsonl"",""migration/phase9/content-manifest.jsonl"",""migration/phase9/manual-review.csv"",""migration/phase9/source-inventory.jsonl""]","9a088705a22ec8ad51b1d998f4b46c1a1a59cc266808ab0a0615512af12f1ad9","document","attachment","activity","wix:activity:ad87y","requires-owner-review","manual-review-required","private-draft","requires-owner-review","249bc0601f4719b5d04e54639b84d4d45efd38503f726e4a070af0c8a2894b71","","","","","","","","",""
"p14-owner-dd744bd4b59bf58c578e3d11","source-only:wix:asset-source:3a95f9ad0aa6b483e0486904f2c818bf35e2a1995f3f306e10eb6993e5757561","[""migration/phase9/source-inventory.jsonl""]","3a95f9ad0aa6b483e0486904f2c818bf35e2a1995f3f306e10eb6993e5757561","image","unknown","unresolved","","accepted_skip","manual-review-required","public-source","requires-owner-review","d366687d27c4721ea84bf6a27601bc3b664e79861a1a31e8b4912ae97260afe1","","","","","","","","",""
"p14-owner-de400d127809b06cd90794d3","wix:asset:wix:activity:j881c:259bbfe5b60ca20894f1","[""migration/phase9/assets-manifest.jsonl"",""migration/phase9/content-manifest.jsonl"",""migration/phase9/manual-review.csv"",""migration/phase9/source-inventory.jsonl""]","b5f8c392561fa7732fb7587b7072d54d2435f26876e61b41cae7ae51b7f09c34","image","cover","activity","wix:activity:j881c","requires-owner-review","manual-review-required","private-draft","requires-owner-review","eaa02db262cdbaa3293818076400bfcc689b75b01c7cac705c50d23867e85151","","","","","","","","",""
"p14-owner-df27e32bd22c1f0bd6f2032a","wix:asset:wix:activity:fu3bz:1ed21ddd88831117b638","[""migration/phase9/assets-manifest.jsonl"",""migration/phase9/content-manifest.jsonl"",""migration/phase9/manual-review.csv"",""migration/phase9/source-inventory.jsonl""]","6ec973f29bbd7cd0f95f7e02790b688d187beacdede377df8e458f8c5eca37b0","document","attachment","activity","wix:activity:fu3bz","requires-owner-review","manual-review-required","private-draft","requires-owner-review","a9a1d636536524ea2cf13e425924c5f587c24dd2101733ece8b842ae47056e58","","","","","","","","",""
"p14-owner-df67fa7dd510c0838fe70047","wix:asset:wix:activity:mh72i:859c553273896a66564f","[""migration/phase9/assets-manifest.jsonl"",""migration/phase9/content-manifest.jsonl"",""migration/phase9/manual-review.csv"",""migration/phase9/source-inventory.jsonl""]","a4b26a37f1527f621a15fe618c6b52d5fcdc7eb2b36b9214994ba20d45c006e0","image","gallery","activity","wix:activity:mh72i","requires-owner-review","manual-review-required","private-draft","requires-owner-review","29550b35da6b8d9e433fe8bcbf161411b07500a6436cf3d458ae38b57faadf75","","","","","","","","",""
"p14-owner-e0ed05399c4952c0857eaedb","wix:asset:wix:activity:ncu3n:ad2df4394f98b6ceb2d7","[""migration/phase9/assets-manifest.jsonl"",""migration/phase9/content-manifest.jsonl"",""migration/phase9/manual-review.csv"",""migration/phase9/source-inventory.jsonl""]","91d82453c57a70a8d195dfa743eb08b6ac93f0d6b4b0bab73f130faa8603e992","document","attachment","activity","wix:activity:ncu3n","requires-owner-review","manual-review-required","private-draft","requires-owner-review","eb932fed242f217636a635a91809d5b52a12f12357a96e06459ebdc395d6cc4c","","","","","","","","",""
"p14-owner-e1dc9fc91709b4eba71c880f","wix:asset:wix:activity:euvvm:cc0214e5d9b31cffac14","[""migration/phase9/assets-manifest.jsonl"",""migration/phase9/content-manifest.jsonl"",""migration/phase9/manual-review.csv"",""migration/phase9/source-inventory.jsonl""]","4c7381cc9c4f548fc73343c4dc359892e709c65d68f8abfb1fda4a92adf87d0e","image","cover","activity","wix:activity:euvvm","requires-owner-review","manual-review-required","private-draft","requires-owner-review","2f9309770ec23386b6095a4247e1344d165eba325ed81dc40fdf7187736a6b1e","","","","","","","","",""
"p14-owner-e2252c4224716a03f63faf42","wix:asset:wix:activity:finuh:3b9d2a054e2517c7920f","[""migration/phase9/assets-manifest.jsonl"",""migration/phase9/content-manifest.jsonl"",""migration/phase9/manual-review.csv"",""migration/phase9/source-inventory.jsonl""]","e65e7a32359989a7eb43d354ea3dc9c01b74513e30fcf71451f14ae0347432ba","document","attachment","activity","wix:activity:finuh","requires-owner-review","manual-review-required","private-draft","requires-owner-review","cbb53f69e339066d9a80173f31b64a710ef675c458a221cec1b5a5c8ab65fe8a","","","","","","","","",""
"p14-owner-e2ee940cc7893eaa2d7e72a7","wix:asset:wix:activity:jefj3:61f0cae71ec79782f88f","[""migration/phase9/assets-manifest.jsonl"",""migration/phase9/content-manifest.jsonl"",""migration/phase9/manual-review.csv"",""migration/phase9/source-inventory.jsonl""]","bf46a18ced9b230c148a9242a34e8579e32bb8125899bc68b16f0d4a4d6b27ed","document","attachment","activity","wix:activity:jefj3","requires-owner-review","manual-review-required","private-draft","requires-owner-review","85a84ab88fcc2fc2556eddb689479f64dcde16bebb3f3cdf1a21ae1017fd10e4","","","","","","","","",""
"p14-owner-e32710719db634df677d0fb9","wix:asset:wix:activity:vro4w:26ff6d1a98c310192e1e","[""migration/phase9/assets-manifest.jsonl"",""migration/phase9/content-manifest.jsonl"",""migration/phase9/manual-review.csv"",""migration/phase9/source-inventory.jsonl""]","17cc243cd674b1c8dc330d785a9775849c9317160822f245648c5188c472993c","document","attachment","activity","wix:activity:vro4w","requires-owner-review","manual-review-required","private-draft","requires-owner-review","d83ab0d69ae1349384ff6f9815af95b5e00eb11110f3d9058da88ff1b416db5b","","","","","","","","",""
"p14-owner-e32ca034d3967bde3cfa443d","wix:asset:wix:activity:jd4jc:ff52e3b5c828db4c010e","[""migration/phase9/assets-manifest.jsonl"",""migration/phase9/content-manifest.jsonl"",""migration/phase9/manual-review.csv"",""migration/phase9/source-inventory.jsonl""]","5e1aec72f4b9679dafe18bc22d21d9adda650c99f8d1dd9afb86ed18fb02301d","document","attachment","activity","wix:activity:jd4jc","requires-owner-review","manual-review-required","private-draft","requires-owner-review","ba2dfc210ca746dad7bf1da615557eb6e09deb9520bd0c11a08ab90bd2c41d4e","","","","","","","","",""
"p14-owner-e338798a4026d9af5981e494","wix:asset:wix:activity:io4hd:4d82e1ee7b9c6f2eecad","[""migration/phase9/assets-manifest.jsonl"",""migration/phase9/content-manifest.jsonl"",""migration/phase9/manual-review.csv"",""migration/phase9/source-inventory.jsonl""]","f50f99e8e18e2f1e4ebd0709af4d3ce0201751a58a428d0b58487248159763b1","document","attachment","activity","wix:activity:io4hd","requires-owner-review","manual-review-required","private-draft","requires-owner-review","0a67c445c4f91d70901ac7bb6fbca227f60f0de7e2378294d9138756802f8709","","","","","","","","",""
"p14-owner-e3bfe3cff57bfff57d9552f5","wix:asset:wix:activity:eove1:fdb2bca1f6548166e2d7","[""migration/phase9/assets-manifest.jsonl"",""migration/phase9/content-manifest.jsonl"",""migration/phase9/manual-review.csv"",""migration/phase9/source-inventory.jsonl""]","200cf2a321b9e74f12fbcb74f53200c18a6daaa7834d35d820c01ecb0928357d","image","gallery","activity","wix:activity:eove1","requires-owner-review","manual-review-required","private-draft","requires-owner-review","6124263ecf58bb5d17a76bcd6db364abd32c74cdc761f3f462566f06ade00839","","","","","","","","",""
"p14-owner-e3ce341ed0d31f28fb3fcf41","wix:asset:wix:activity:finuh:1b3933221bf237b1885c","[""migration/phase9/assets-manifest.jsonl"",""migration/phase9/content-manifest.jsonl"",""migration/phase9/manual-review.csv"",""migration/phase9/source-inventory.jsonl""]","947e4ca520bffaec0649bae8d06773a73e8093d11bbeb0c61389cf5d15aa4e7f","document","attachment","activity","wix:activity:finuh","requires-owner-review","manual-review-required","private-draft","requires-owner-review","e8ddfe2f40ff9f972a17fc62d03a5133da11674edc6d7f66fc745febe800312d","","","","","","","","",""
"p14-owner-e3d6198eca6bb2a4955fba00","wix:asset:wix:activity:shxze:e6a7073482f84ce10d0d","[""migration/phase9/assets-manifest.jsonl"",""migration/phase9/content-manifest.jsonl"",""migration/phase9/manual-review.csv"",""migration/phase9/source-inventory.jsonl""]","63ed74111658982a3f52cecdc45227f901f03e1b5f177920df5b5b8e898506a5","image","gallery","activity","wix:activity:shxze","requires-owner-review","manual-review-required","private-draft","requires-owner-review","d22cdf5f60e397061a2f6d88721e83b79f69baa690f181ac419c199e3a6e1fd7","","","","","","","","",""
"p14-owner-e40d82842a532be0b3d3a67e","wix:asset:wix:activity:wiy6e:db6639a8025f423381f5","[""migration/phase9/assets-manifest.jsonl"",""migration/phase9/content-manifest.jsonl"",""migration/phase9/manual-review.csv"",""migration/phase9/source-inventory.jsonl""]","86f1b49f66653351d6fd11d9bf5c30247c1a36b22d0608878ccf75a3ed0ae9b2","image","cover","activity","wix:activity:wiy6e","requires-owner-review","manual-review-required","private-draft","requires-owner-review","96a8ebe607314c0abf46713fa5790cf68212a0f3f2ede19ba842aeab0f15ba8e","","","","","","","","",""
"p14-owner-e4217f644f82097b9f9f7f77","wix:asset:wix:activity:jefj3:1bc3056f7717be9b525b","[""migration/phase9/assets-manifest.jsonl"",""migration/phase9/content-manifest.jsonl"",""migration/phase9/manual-review.csv"",""migration/phase9/source-inventory.jsonl""]","c012240b3f18a119b596a5cb34e0e0728dd45cf664797ca9fe995c3b4b58e538","document","attachment","activity","wix:activity:jefj3","requires-owner-review","manual-review-required","private-draft","requires-owner-review","2686749ced010534167dbc5a2ed38d3bff2924b74186cd467084e39c90f331ad","","","","","","","","",""
"p14-owner-e43f91d614c693c23d935100","wix:asset:wix:activity:on53s:63c5813e350ad318e10f","[""migration/phase9/assets-manifest.jsonl"",""migration/phase9/content-manifest.jsonl"",""migration/phase9/manual-review.csv"",""migration/phase9/source-inventory.jsonl""]","ff51bb1a0a5aa307297aed746e5b1765a8fc40d35dc7e0736515060021e516a8","image","gallery","activity","wix:activity:on53s","requires-owner-review","manual-review-required","private-draft","requires-owner-review","4123463394ca73eac7d1ad48c2466c2d06098dae1b2da3394e1ca763328995ac","","","","","","","","",""
"p14-owner-e555765f0da6afa8f397cf68","wix:asset:wix:activity:t4l6d:7c0d7eb75fd7adf0bd6f","[""migration/phase9/assets-manifest.jsonl"",""migration/phase9/content-manifest.jsonl"",""migration/phase9/manual-review.csv"",""migration/phase9/source-inventory.jsonl""]","476f4ac26d9ad0490566d6e1281962e406f1d10d1aa310ca65cd50380d211a0c","document","attachment","activity","wix:activity:t4l6d","requires-owner-review","manual-review-required","private-draft","requires-owner-review","0f71c98656b8067b4a483bab523d9d74163078f4516a39a33a9460f47b1460d2","","","","","","","","",""
"p14-owner-e562c829340b1a8f8b574a3d","wix:asset:wix:activity:ad87y:05e5c48b71a6c9daf791","[""migration/phase9/assets-manifest.jsonl"",""migration/phase9/content-manifest.jsonl"",""migration/phase9/manual-review.csv"",""migration/phase9/source-inventory.jsonl""]","ff5097c9247758204c46bf25c63459da4b55b91c8916f84c68ab8853e41f1092","document","attachment","activity","wix:activity:ad87y","requires-owner-review","manual-review-required","private-draft","requires-owner-review","dcd15670839cf33767451d7771c83b38d2dd1fcb8886c3e46c8e36b65e17636e","","","","","","","","",""
"p14-owner-e5d2e76dcac54408452f1c1b","wix:asset:wix:activity:acrjz:55766c2f80abe7ad0d24","[""migration/phase9/assets-manifest.jsonl"",""migration/phase9/content-manifest.jsonl"",""migration/phase9/manual-review.csv"",""migration/phase9/source-inventory.jsonl""]","89f8d2572ca5982f6a5392dc7f0310bcd9681197fbef14dd6ff0c73c1b151c7f","document","attachment","activity","wix:activity:acrjz","requires-owner-review","manual-review-required","private-draft","requires-owner-review","50819b02988d29029c81f8a1f0af87fabd9b988080751512b935b9259b5d2fdb","","","","","","","","",""
"p14-owner-e67f041d49d7bb8850bf1393","wix:asset:wix:file:72d413405514683aa64f5891:72d413405514683aa64f","[""migration/phase9/assets-manifest.jsonl"",""migration/phase9/content-manifest.jsonl"",""migration/phase9/manual-review.csv"",""migration/phase9/source-inventory.jsonl""]","72d413405514683aa64f5891ceed7d67de7800d724048f4e68da0b090889a8c7","document","download","file","wix:file:72d413405514683aa64f5891","requires-owner-review","manual-review-required","private-draft","requires-owner-review","2c347287e4ea1d5985bd39461607c5565ee1db8c822b2b8b3e736aff626bb0fe","","","","","","","","",""
"p14-owner-e6c873899eaea60d85a29587","wix:asset:wix:activity:on53s:2bda63ce91f8ff86b8a6","[""migration/phase9/assets-manifest.jsonl"",""migration/phase9/content-manifest.jsonl"",""migration/phase9/manual-review.csv"",""migration/phase9/source-inventory.jsonl""]","76207cad6e03a4d92794905fdb821c3c4c02b6c9a33084305d343013b78cf4ca","image","gallery","activity","wix:activity:on53s","requires-owner-review","manual-review-required","private-draft","requires-owner-review","3af85f1ea3674e6b2435eeb174d27614d142ac51e6a5af7c6331ff15c7edff5c","","","","","","","","",""
"p14-owner-e82821a073f7fd5fb20f6946","wix:asset:wix:activity:ra9kd:527a0ad22dcbbda7db60","[""migration/phase9/assets-manifest.jsonl"",""migration/phase9/content-manifest.jsonl"",""migration/phase9/manual-review.csv"",""migration/phase9/source-inventory.jsonl""]","b9b2f9c387607fafaf15557beb36ecfb878bb688a6b0c2109a7694e98134c093","document","attachment","activity","wix:activity:ra9kd","requires-owner-review","manual-review-required","private-draft","requires-owner-review","c0986ce0efbd4c5210c574dc0f60779e9b59e53597255efc84a60c85a1f15954","","","","","","","","",""
"p14-owner-e98d1376107d2c939c3f8b70","source-only:wix:asset-source:ad7c183ac3d0efeeabf119a0218123fbe9bbdb8b34c56265f562d51357f715c1","[""migration/phase9/source-inventory.jsonl""]","ad7c183ac3d0efeeabf119a0218123fbe9bbdb8b34c56265f562d51357f715c1","image","unknown","unresolved","","accepted_skip","manual-review-required","public-source","requires-owner-review","083073d1135f9f8249caad3694bb39b275acfca02aadc0177b15186cc0f39a2a","","","","","","","","",""
"p14-owner-ebc14798b14d2535b03903ea","wix:asset:wix:activity:ay10r:ca478597d8e773826c85","[""migration/phase9/assets-manifest.jsonl"",""migration/phase9/content-manifest.jsonl"",""migration/phase9/manual-review.csv"",""migration/phase9/source-inventory.jsonl""]","6380245b1770f0ff481b3f74a1673bce1e16a10ab12871c60bbe5eb03ca2eb72","image","gallery","activity","wix:activity:ay10r","requires-owner-review","manual-review-required","private-draft","requires-owner-review","b9818316807ac17b9bd6585b7d9d73f31b3f1ab82f4843dde9f367055a2e5543","","","","","","","","",""
"p14-owner-ebe3a58426991486ff86d7f5","wix:asset:wix:activity:jd4jc:897a7161fec492b39584","[""migration/phase9/assets-manifest.jsonl"",""migration/phase9/content-manifest.jsonl"",""migration/phase9/manual-review.csv"",""migration/phase9/source-inventory.jsonl""]","530f24c7a4354ef35e4468776e4532b8b1e4f09d5bf2f7a80dc01a1c92bd90b2","document","attachment","activity","wix:activity:jd4jc","requires-owner-review","manual-review-required","private-draft","requires-owner-review","59e61fd8b9820aacfd43fadf1dbba8afca09530be0835ca2f5a1abd4083e50e6","","","","","","","","",""
"p14-owner-ebfb402d2772a9a65cd1b8ee","wix:asset:wix:activity:g23od:62e51349013fa3c74968","[""migration/phase9/assets-manifest.jsonl"",""migration/phase9/content-manifest.jsonl"",""migration/phase9/manual-review.csv"",""migration/phase9/source-inventory.jsonl""]","12ea46d732d3f43db02e536ce06124d6cc7343a50a79493b88d9caa20a0c05a7","image","gallery","activity","wix:activity:g23od","requires-owner-review","manual-review-required","private-draft","requires-owner-review","5604da6375e2bf014e04d670a2c65515a1ffa1370b30d0226fa8de6d17e4f3a4","","","","","","","","",""
"p14-owner-eed981166b8ed44cecbb5387","wix:asset:wix:activity:mqpxs:d4cab5342d8375e03700","[""migration/phase9/assets-manifest.jsonl"",""migration/phase9/content-manifest.jsonl"",""migration/phase9/manual-review.csv"",""migration/phase9/source-inventory.jsonl""]","845141185e162b61196c50f68f7b5c92f8459d50b213f21bba2c6ea824c2fa03","image","gallery","activity","wix:activity:mqpxs","requires-owner-review","manual-review-required","private-draft","requires-owner-review","1616d4a3e049be01ba8486822cbdef69a6475ca1dcbfe43756281e624c301ede","","","","","","","","",""
"p14-owner-eee730bee816f8a01dc27db3","wix:asset:wix:activity:ncu3n:f4e043d849696b663be8","[""migration/phase9/assets-manifest.jsonl"",""migration/phase9/content-manifest.jsonl"",""migration/phase9/manual-review.csv"",""migration/phase9/source-inventory.jsonl""]","af30b655ab3b2b6ac96500cfbd618ba43aa3f13af63093146834453a7a95d903","image","gallery","activity","wix:activity:ncu3n","requires-owner-review","manual-review-required","private-draft","requires-owner-review","c7ce24487e8d107934f07e07ee0c60e60edf2cf0a2cacf9c9a0581c6a017b3a5","","","","","","","","",""
"p14-owner-ef511afc8b2b85c5f42a8d43","source-only:wix:asset-source:ae79fdd206f89ecc1026a4d7bf12f1b83115349cf3090e8fcd4e0fd4c7e5d35e","[""migration/phase9/source-inventory.jsonl""]","ae79fdd206f89ecc1026a4d7bf12f1b83115349cf3090e8fcd4e0fd4c7e5d35e","image","unknown","unresolved","","accepted_skip","manual-review-required","public-source","requires-owner-review","f6d2afae101166ac0cdaac1f2e6f99fe5ab728ab6609a8e47108584ebd1013a4","","","","","","","","",""
"p14-owner-f0d795ba924b4c0f8d147f63","wix:asset:wix:activity:y2p9y:40a5ddd00aea74356923","[""migration/phase9/assets-manifest.jsonl"",""migration/phase9/content-manifest.jsonl"",""migration/phase9/manual-review.csv"",""migration/phase9/source-inventory.jsonl""]","20a279c5be8e6a511a2034051ce9427ba5a745278f01bf3da4dcfa59f680c4c6","document","attachment","activity","wix:activity:y2p9y","requires-owner-review","manual-review-required","private-draft","requires-owner-review","7ddbc9e51209e97bb108e0036a9ff8a148eb026f642351808f78cbcaa60d900a","","","","","","","","",""
"p14-owner-f1365ae03582e36c5ace0c52","wix:asset:wix:activity:jd4jc:30c14b11c24aab0a9b4c","[""migration/phase9/assets-manifest.jsonl"",""migration/phase9/content-manifest.jsonl"",""migration/phase9/manual-review.csv"",""migration/phase9/source-inventory.jsonl""]","9acac2663651c08686c519e4ca9e9cb84caea8237d25c733eef8ff29a0d35728","image","gallery","activity","wix:activity:jd4jc","requires-owner-review","manual-review-required","private-draft","requires-owner-review","4cb1d3425f47936e12eca2a8b5386953b5433af15a7a7446d93f2976ef0ca047","","","","","","","","",""
"p14-owner-f18db294bb2e36fc4f01ee25","wix:asset:wix:activity:sr7vx:30619e4f6ea233cd6ee4","[""migration/phase9/assets-manifest.jsonl"",""migration/phase9/content-manifest.jsonl"",""migration/phase9/manual-review.csv"",""migration/phase9/source-inventory.jsonl""]","3130cc231638d2482d9205f0d152fccd3ad48d663f2d4af1de919d5fb998ce2d","image","gallery","activity","wix:activity:sr7vx","requires-owner-review","manual-review-required","private-draft","requires-owner-review","1168d82c872dcaaa6574eb7f472ba9106406f59abedfc102e3215f14d3b74b3f","","","","","","","","",""
"p14-owner-f20ade8a6e1cb5239a3676da","wix:asset:wix:activity:fu3bz:ee1f506b847e8c4bc4cb","[""migration/phase9/assets-manifest.jsonl"",""migration/phase9/content-manifest.jsonl"",""migration/phase9/manual-review.csv"",""migration/phase9/source-inventory.jsonl""]","a5b33ea0908a32c095fe24e436f317b27bcd9ee32fcfeacd51d2dbe9afc24e9c","image","cover","activity","wix:activity:fu3bz","requires-owner-review","manual-review-required","private-draft","requires-owner-review","ab82c6c62c07c4fcb0b07c6f368f71ce690ec6b6b9ff746d26bb27a9b5615360","","","","","","","","",""
"p14-owner-f263a2f75fb3fdf277db915d","wix:asset:wix:activity:o3j0h:4aa4c716d39c7920c23e","[""migration/phase9/assets-manifest.jsonl"",""migration/phase9/content-manifest.jsonl"",""migration/phase9/manual-review.csv"",""migration/phase9/source-inventory.jsonl""]","8e8626323c9c9e14f6101e530200cb8c37e09b5eda98c5dd07c4dcfc5005c945","image","gallery","activity","wix:activity:o3j0h","requires-owner-review","manual-review-required","private-draft","requires-owner-review","0769883742f4d36dc5e32b9f65ebd03c55faf5b8407179b4a7267d4e96bbd96f","","","","","","","","",""
"p14-owner-f3744399d04ec1fe0187b49a","source-only:wix:asset-source:fb9f0998f0ed71561785d45d85f929bf84764110e87cf142886dfd6644b9387b","[""migration/phase9/source-inventory.jsonl""]","fb9f0998f0ed71561785d45d85f929bf84764110e87cf142886dfd6644b9387b","image","unknown","unresolved","","accepted_skip","manual-review-required","public-source","requires-owner-review","f9751b24abf298132441a04d77c5789f1b5e7c81d345b20f0440d4a8b8bb79cf","","","","","","","","",""
"p14-owner-f3992587f2978e417719c1d6","wix:asset:wix:activity:jd4jc:75c1bc496aefcce27382","[""migration/phase9/assets-manifest.jsonl"",""migration/phase9/content-manifest.jsonl"",""migration/phase9/manual-review.csv"",""migration/phase9/source-inventory.jsonl""]","ad206e20aa3911887475840a6c8d715a08a33792748154935997d574d8e4971e","document","attachment","activity","wix:activity:jd4jc","requires-owner-review","manual-review-required","private-draft","requires-owner-review","9232eba0fcb8060add34ae144e51964b1ca52d34c5697da5fccf48af71ff42c9","","","","","","","","",""
"p14-owner-f3b6cb5b3486ef0790dc85f7","wix:asset:wix:activity:shxze:6de7b143f52e85d49d38","[""migration/phase9/assets-manifest.jsonl"",""migration/phase9/content-manifest.jsonl"",""migration/phase9/manual-review.csv"",""migration/phase9/source-inventory.jsonl""]","91aeeb213f9a0e88da3b4aa441efe6d84b3f29211880974660ded53346d2b728","image","cover","activity","wix:activity:shxze","requires-owner-review","manual-review-required","private-draft","requires-owner-review","16a03e60068d4b5e871274d33513bf7fe789393655bd72fa4c998f0abdcb9892","","","","","","","","",""
"p14-owner-f4e9550dcc68d5f45f7d42d3","wix:asset:wix:activity:xhbeh:79062af9fbaaa72a9b92","[""migration/phase9/assets-manifest.jsonl"",""migration/phase9/content-manifest.jsonl"",""migration/phase9/manual-review.csv"",""migration/phase9/source-inventory.jsonl""]","d0659f030e4b5a6da3e198619e53cf6f7d698bce9c3b1c6070e272cde4eeb9ca","document","attachment","activity","wix:activity:xhbeh","requires-owner-review","manual-review-required","private-draft","requires-owner-review","83a41b6aa2aea27a69246e6ec73680c46b2e6499978baaf7df7fc5d008fbfb98","","","","","","","","",""
"p14-owner-f5d33c0dbd044d74b1271602","wix:asset:wix:activity:wquq1:06759be1d573cbc4bfde","[""migration/phase9/assets-manifest.jsonl"",""migration/phase9/content-manifest.jsonl"",""migration/phase9/manual-review.csv"",""migration/phase9/source-inventory.jsonl""]","a17e93985ace5678beed506e3e40c804e2239f654c1e29703a2a48bc5822f73b","document","attachment","activity","wix:activity:wquq1","requires-owner-review","manual-review-required","private-draft","requires-owner-review","cacbce2fd3460f2db211f6f041365f9b3ac0adfe876a5a3933c3b53f8e9fd8f5","","","","","","","","",""
"p14-owner-f5eb3594c27c965c8c5155a4","source-only:wix:asset-source:a24c32f42657cd51043f5fdce17d56026d1ddf0ff960566c84d762021709ac44","[""migration/phase9/source-inventory.jsonl""]","a24c32f42657cd51043f5fdce17d56026d1ddf0ff960566c84d762021709ac44","image","unknown","unresolved","","accepted_skip","manual-review-required","public-source","requires-owner-review","aa5f0316c8535e38bb9668b1e819137bfe4d2cae504d026895a44172202038c5","","","","","","","","",""
"p14-owner-f61c288a7c81953d49dfd050","wix:asset:wix:activity:syp73:0de7014a3e93f0149dc6","[""migration/phase9/assets-manifest.jsonl"",""migration/phase9/content-manifest.jsonl"",""migration/phase9/manual-review.csv"",""migration/phase9/source-inventory.jsonl""]","717e42e464f06405a23aab6ba076e622dfb9aaa66d65dfc4c812125a12e3faf3","image","gallery","activity","wix:activity:syp73","requires-owner-review","manual-review-required","private-draft","requires-owner-review","9d68efedaddcad8f2bafd259bf31019c97e6c3cbd57609159dca227b90948e83","","","","","","","","",""
"p14-owner-f6d5e129e5b2046636757c8c","wix:asset:wix:activity:yq45v:b120d75eb82c1ba65dfe","[""migration/phase9/assets-manifest.jsonl"",""migration/phase9/content-manifest.jsonl"",""migration/phase9/manual-review.csv"",""migration/phase9/source-inventory.jsonl""]","381b3513ec9dc70dedc8f404afef126e8de1655d14747a28bdc59716ac96c38d","document","attachment","activity","wix:activity:yq45v","requires-owner-review","manual-review-required","private-draft","requires-owner-review","072810c381782600e8875530ed651db43ed9c58307333778aaa5003dd241b308","","","","","","","","",""
"p14-owner-f72a2a02e4d9417818dd7030","wix:asset:wix:activity:gqhoh:82341c3bb315ccfc3782","[""migration/phase9/assets-manifest.jsonl"",""migration/phase9/content-manifest.jsonl"",""migration/phase9/manual-review.csv"",""migration/phase9/source-inventory.jsonl""]","7134be5a044275560e07b450e009ac80f6356f527902e5d31ec6ff2f8eb4c125","document","attachment","activity","wix:activity:gqhoh","requires-owner-review","manual-review-required","private-draft","requires-owner-review","41aef64e92e45f371c79c8e7fd4771d65570d6425463a70a21b6b9fab04b741c","","","","","","","","",""
"p14-owner-f745720bddf3a054d7eee3ca","wix:asset:wix:file:30190e56aab62c7f108079d1:30190e56aab62c7f1080","[""migration/phase9/assets-manifest.jsonl"",""migration/phase9/content-manifest.jsonl"",""migration/phase9/manual-review.csv"",""migration/phase9/source-inventory.jsonl""]","30190e56aab62c7f108079d11b3e28be1f075544a299b4499616ef2749a918d3","document","download","file","wix:file:30190e56aab62c7f108079d1","requires-owner-review","manual-review-required","private-draft","requires-owner-review","b00c009228d6f7cd3655cb964a1cebb05c4bc2c2165c1fc3aa263f5018e4ff46","","","","","","","","",""
"p14-owner-f74932f2b4558179a865fc2e","wix:asset:wix:activity:lb7xk:9deda171580f5a164b85","[""migration/phase9/assets-manifest.jsonl"",""migration/phase9/content-manifest.jsonl"",""migration/phase9/manual-review.csv"",""migration/phase9/source-inventory.jsonl""]","bad209f054b9f848aaa2adbeb7b4184546efcd3bcc1488dc0ddc3bb23d98c10c","image","cover","activity","wix:activity:lb7xk","requires-owner-review","manual-review-required","private-draft","requires-owner-review","17edf63e6038f6bf051acf4cd851bb87dcab76d86cb3b9925bfd044ea01cff96","","","","","","","","",""
"p14-owner-f7eb6a636c19f020c4bc55ea","wix:asset:wix:activity:io4hd:9dd6d82f6a758ed90b60","[""migration/phase9/assets-manifest.jsonl"",""migration/phase9/content-manifest.jsonl"",""migration/phase9/manual-review.csv"",""migration/phase9/source-inventory.jsonl""]","7b675e1acdbeb8ee0156fa9c8138ecff9caefa085dd99922dc3b73b7f0563aeb","image","gallery","activity","wix:activity:io4hd","requires-owner-review","manual-review-required","private-draft","requires-owner-review","f568988448932663e5178149247b9b2b1832ea8bf63dfe819bab3aa270e80a60","","","","","","","","",""
"p14-owner-f86a08806bf67a8eb5c5622f","wix:asset:wix:activity:jefj3:7b3dc5fc16166519680e","[""migration/phase9/assets-manifest.jsonl"",""migration/phase9/content-manifest.jsonl"",""migration/phase9/manual-review.csv"",""migration/phase9/source-inventory.jsonl""]","f508f0021152b9b279e271920520dc35033540f2edb7172b9fea20322f18d77f","image","cover","activity","wix:activity:jefj3","requires-owner-review","manual-review-required","private-draft","requires-owner-review","436001032bea2c459deae7a8cdd2cffb6d8d704df68f3dfdfef30f930f337c14","","","","","","","","",""
"p14-owner-f93847c8392cfea5ab08b4f6","wix:asset:wix:activity:jefj3:1463174150f6f25e5331","[""migration/phase9/assets-manifest.jsonl"",""migration/phase9/content-manifest.jsonl"",""migration/phase9/manual-review.csv"",""migration/phase9/source-inventory.jsonl""]","2be4b05a76d4b06eb51f7a3aae88b23e1e61ec3e5d0e2b9acac03dfd9555b941","image","gallery","activity","wix:activity:jefj3","requires-owner-review","manual-review-required","private-draft","requires-owner-review","ad18245ee01466afd73ecea553c600db445fa1c839710545f195ee9956f75762","","","","","","","","",""
"p14-owner-fa04542362e5b435b0ae7f52","wix:asset:wix:activity:o2emp:bb4353cdf690bfc5d594","[""migration/phase9/assets-manifest.jsonl"",""migration/phase9/content-manifest.jsonl"",""migration/phase9/manual-review.csv"",""migration/phase9/source-inventory.jsonl""]","093e4aaa4f161e8f64b55628b3d6735fa30e1b9625023686ecdedb039fab3f34","image","cover","activity","wix:activity:o2emp","requires-owner-review","manual-review-required","private-draft","requires-owner-review","32f481957a4ed6c3bf81f7018b494e748150131526ccca5adb2e2987b2c95b30","","","","","","","","",""
"p14-owner-fb5eb8cb1076e1d6450442f8","source-only:wix:asset-source:17d5a87a375c161ed105a7dc0554ec3f77f6c0e4a237b7f2a3b9f360905e628d","[""migration/phase9/source-inventory.jsonl""]","17d5a87a375c161ed105a7dc0554ec3f77f6c0e4a237b7f2a3b9f360905e628d","image","unknown","unresolved","","accepted_skip","manual-review-required","public-source","requires-owner-review","71f0c737f7cfd642724205b580f36694f1b495c1876b59e3593fb479c15d5c13","","","","","","","","",""
"p14-owner-fc6d02fa3bd784e20582ab59","wix:asset:wix:activity:mqpxs:ed37c9cecb6d93cdc1c2","[""migration/phase9/assets-manifest.jsonl"",""migration/phase9/content-manifest.jsonl"",""migration/phase9/manual-review.csv"",""migration/phase9/source-inventory.jsonl""]","9292e4614af0d205ac167afc8c0817ac498bb8b5b38a2ec39191bcd563bdc14f","image","cover","activity","wix:activity:mqpxs","requires-owner-review","manual-review-required","private-draft","requires-owner-review","3f2b442011cb461b67d40e2f7cccde30d7a68339c0e2ecfb111f3d4d1feea338","","","","","","","","",""
"p14-owner-fd2ef423ea348f6bd7ec429b","wix:asset:wix:activity:zsngn:95d70cd1d2dac157f2b5","[""migration/phase9/assets-manifest.jsonl"",""migration/phase9/content-manifest.jsonl"",""migration/phase9/manual-review.csv"",""migration/phase9/source-inventory.jsonl""]","0dedcbe17aa5c4f80cb2b2d525f5f14aa41d71bc2959fdf573308257462822b4","image","gallery","activity","wix:activity:zsngn","requires-owner-review","manual-review-required","private-draft","requires-owner-review","1741e3dd58a88c3d1202648bf507ed2a0bd7eb1958cbc22d7c4834e174ff81c6","","","","","","","","",""
"p14-owner-fd9fd29d6b760d453fc3f526","wix:asset:wix:activity:mqpxs:51d9525cd1ef501f7b37","[""migration/phase9/assets-manifest.jsonl"",""migration/phase9/content-manifest.jsonl"",""migration/phase9/manual-review.csv"",""migration/phase9/source-inventory.jsonl""]","409b2351404ccf6a255e63ce6af9eaf3140e9f7c2fe5dd8ee814587d9b468733","document","attachment","activity","wix:activity:mqpxs","requires-owner-review","manual-review-required","private-draft","requires-owner-review","fc251bf7bbab47df8cd9313185e237a50144ac0c2d062c9ab3b7161de43a2343","","","","","","","","",""
"p14-owner-ff45029f1aa61c6130223941","wix:asset:wix:activity:t4l6d:03df8380f0e6b6743d8e","[""migration/phase9/assets-manifest.jsonl"",""migration/phase9/content-manifest.jsonl"",""migration/phase9/manual-review.csv"",""migration/phase9/source-inventory.jsonl""]","2a47bfb800efd2f4ef07f966590f215dc6d02a2272b3e18de02c886a0164b86f","document","attachment","activity","wix:activity:t4l6d","requires-owner-review","manual-review-required","private-draft","requires-owner-review","0aa1b323315330d4d8b828675ba45fd4a3f51db51eccc257fa920b687dd5ec46","","","","","","","","",""
"p14-owner-ff4e67f0bdc0ed4e28cd8035","wix:asset:wix:activity:k9aiv:caca51cf724290f59316","[""migration/phase9/assets-manifest.jsonl"",""migration/phase9/content-manifest.jsonl"",""migration/phase9/manual-review.csv"",""migration/phase9/source-inventory.jsonl""]","712620117a72f8db2896eb118ebe71f7c7822e6069bc2e3410e39f04178032f7","document","attachment","activity","wix:activity:k9aiv","requires-owner-review","manual-review-required","private-draft","requires-owner-review","6f6100dc2159b6b9977d6325f31c9a9792bf094f2e4b9d52af00524902c4290d","","","","","","","","",""
"p14-owner-ffa8d9794498caf5c1f3c926","wix:asset:wix:activity:ncu3n:e36c04349c58cf0b9aa0","[""migration/phase9/assets-manifest.jsonl"",""migration/phase9/content-manifest.jsonl"",""migration/phase9/manual-review.csv"",""migration/phase9/source-inventory.jsonl""]","7c6c19ea01101a93404636aa577eda0e7fe65a8ba9c5b6910b399ab8436d39b9","image","cover","activity","wix:activity:ncu3n","requires-owner-review","manual-review-required","private-draft","requires-owner-review","28bf3628c3cd559f97c087fa222d99b2126a1b7565597021b6c367374bbc4c9d","","","","","","","","",""
"p14-owner-ffd45aebd238246f66a54f5f","wix:asset:wix:activity:lb7xk:1b7977a2d415ab91b918","[""migration/phase9/assets-manifest.jsonl"",""migration/phase9/content-manifest.jsonl"",""migration/phase9/manual-review.csv"",""migration/phase9/source-inventory.jsonl""]","02df78afb672c426eb0dd607b4efb70737d0b00a95ee37a85b6c538d13e931f3","document","attachment","activity","wix:activity:lb7xk","requires-owner-review","manual-review-required","private-draft","requires-owner-review","706cb7c3457914e5b0b90b6aba64c8bb15436b6d523844160040ab94b4021c48","","","","","","","","",""
