assetKey,sourceAssetKind,role,ownerKind,ownerMigrationKey,ownerTitle,ownerYear,ownerCategory,historicalDisposition,normalizedDisposition,targetBucket,targetStoragePathRedacted,targetDatabaseReferenceKind,targetDatabaseReferenceKey,sourceSha256,sourceFilename,sourceMimeType,sourceSizeBytes,privacyStatus,reviewStatus,evidenceFiles,notes,reviewDecision,ownerComment,verifiedAt,verifiedBy
"source-only:wix:asset-source:02b88cb2aa949f804f14b47954452a6b2b7dfc2cfc78e9b47aa9925ad3785196","image","unknown","unresolved","","","","","skip","accepted-skip","","","","","02b88cb2aa949f804f14b47954452a6b2b7dfc2cfc78e9b47aa9925ad3785196","source-02b88cb2aa94.jpg","image/jpeg","1811549","public-source","requires-owner-review","[""migration/phase9/source-inventory.jsonl""]","[""No Phase 9 Storage assignment exists. Historical accepted-skip evidence indicates Wix chrome, background, or decorative use; owner confirmation is deferred to Phase 14."",""sourceFilename is deterministically redacted; authoritative filename evidence remains only in the Phase 9 manifest.""]","","","",""
"source-only:wix:asset-source:155d5332e7bfe95c5591c7ac278724c29dab4526b83f27328225c9c8c639daac","image","unknown","unresolved","","","","","skip","accepted-skip","","","","","155d5332e7bfe95c5591c7ac278724c29dab4526b83f27328225c9c8c639daac","source-155d5332e7bf.jpg","image/jpeg","128246","public-source","requires-owner-review","[""migration/phase9/source-inventory.jsonl""]","[""No Phase 9 Storage assignment exists. Historical accepted-skip evidence indicates Wix chrome, background, or decorative use; owner confirmation is deferred to Phase 14."",""sourceFilename is deterministically redacted; authoritative filename evidence remains only in the Phase 9 manifest.""]","","","",""
"source-only:wix:asset-source:17d5a87a375c161ed105a7dc0554ec3f77f6c0e4a237b7f2a3b9f360905e628d","image","unknown","unresolved","","","","","skip","accepted-skip","","","","","17d5a87a375c161ed105a7dc0554ec3f77f6c0e4a237b7f2a3b9f360905e628d","source-17d5a87a375c.jpg","image/jpeg","671344","public-source","requires-owner-review","[""migration/phase9/source-inventory.jsonl""]","[""No Phase 9 Storage assignment exists. Historical accepted-skip evidence indicates Wix chrome, background, or decorative use; owner confirmation is deferred to Phase 14."",""sourceFilename is deterministically redacted; authoritative filename evidence remains only in the Phase 9 manifest.""]","","","",""
"source-only:wix:asset-source:1dc835477143065fb534371882490f6f3bd28f0e24be7042f28ba33022fab68b","image","unknown","unresolved","","","","","skip","accepted-skip","","","","","1dc835477143065fb534371882490f6f3bd28f0e24be7042f28ba33022fab68b","source-1dc835477143.jpg","image/jpeg","77155","public-source","requires-owner-review","[""migration/phase9/source-inventory.jsonl""]","[""No Phase 9 Storage assignment exists. Historical accepted-skip evidence indicates Wix chrome, background, or decorative use; owner confirmation is deferred to Phase 14."",""sourceFilename is deterministically redacted; authoritative filename evidence remains only in the Phase 9 manifest.""]","","","",""
"source-only:wix:asset-source:1f6b5c03923042d12cd7fd96a44fde53e7c7985f1096be8c7985334fe56d7077","image","unknown","unresolved","","","","","skip","accepted-skip","","","","","1f6b5c03923042d12cd7fd96a44fde53e7c7985f1096be8c7985334fe56d7077","source-1f6b5c039230.png","image/png","31489","public-source","requires-owner-review","[""migration/phase9/source-inventory.jsonl""]","[""No Phase 9 Storage assignment exists. Historical accepted-skip evidence indicates Wix chrome, background, or decorative use; owner confirmation is deferred to Phase 14."",""sourceFilename is deterministically redacted; authoritative filename evidence remains only in the Phase 9 manifest.""]","","","",""
"source-only:wix:asset-source:3a95f9ad0aa6b483e0486904f2c818bf35e2a1995f3f306e10eb6993e5757561","image","unknown","unresolved","","","","","skip","accepted-skip","","","","","3a95f9ad0aa6b483e0486904f2c818bf35e2a1995f3f306e10eb6993e5757561","source-3a95f9ad0aa6.jpg","image/jpeg","224872","public-source","requires-owner-review","[""migration/phase9/source-inventory.jsonl""]","[""No Phase 9 Storage assignment exists. Historical accepted-skip evidence indicates Wix chrome, background, or decorative use; owner confirmation is deferred to Phase 14."",""sourceFilename is deterministically redacted; authoritative filename evidence remains only in the Phase 9 manifest.""]","","","",""
"source-only:wix:asset-source:44fd9de1e333a4ac892b562c49771fedbc8f5eaaaac0bdefbeaca7801756b2ac","image","unknown","unresolved","","","","","skip","accepted-skip","","","","","44fd9de1e333a4ac892b562c49771fedbc8f5eaaaac0bdefbeaca7801756b2ac","source-44fd9de1e333.jpg","image/jpeg","724016","public-source","requires-owner-review","[""migration/phase9/source-inventory.jsonl""]","[""No Phase 9 Storage assignment exists. Historical accepted-skip evidence indicates Wix chrome, background, or decorative use; owner confirmation is deferred to Phase 14."",""sourceFilename is deterministically redacted; authoritative filename evidence remains only in the Phase 9 manifest.""]","","","",""
"source-only:wix:asset-source:567200f9752d52c7cb43ce4d9d96c7d48da3df689ef3b3af70ba007c2b572676","image","unknown","unresolved","","","","","skip","accepted-skip","","","","","567200f9752d52c7cb43ce4d9d96c7d48da3df689ef3b3af70ba007c2b572676","source-567200f9752d.png","image/png","341809","public-source","requires-owner-review","[""migration/phase9/source-inventory.jsonl""]","[""No Phase 9 Storage assignment exists. Historical accepted-skip evidence indicates Wix chrome, background, or decorative use; owner confirmation is deferred to Phase 14."",""sourceFilename is deterministically redacted; authoritative filename evidence remains only in the Phase 9 manifest.""]","","","",""
"source-only:wix:asset-source:5b63c1696bb88cd946c6d797d9545bfc15775c308437d59ab1f5552ef20a67ca","image","unknown","unresolved","","","","","skip","accepted-skip","","","","","5b63c1696bb88cd946c6d797d9545bfc15775c308437d59ab1f5552ef20a67ca","source-5b63c1696bb8.png","image/png","10638","public-source","requires-owner-review","[""migration/phase9/source-inventory.jsonl""]","[""No Phase 9 Storage assignment exists. Historical accepted-skip evidence indicates Wix chrome, background, or decorative use; owner confirmation is deferred to Phase 14."",""sourceFilename is deterministically redacted; authoritative filename evidence remains only in the Phase 9 manifest.""]","","","",""
"source-only:wix:asset-source:65bc4292fe515c0ee8f0194ace85666bc7f386055f17f63f3100abd5cd38e127","image","unknown","unresolved","","","","","skip","accepted-skip","","","","","65bc4292fe515c0ee8f0194ace85666bc7f386055f17f63f3100abd5cd38e127","source-65bc4292fe51.png","image/png","275679","public-source","requires-owner-review","[""migration/phase9/source-inventory.jsonl""]","[""No Phase 9 Storage assignment exists. Historical accepted-skip evidence indicates Wix chrome, background, or decorative use; owner confirmation is deferred to Phase 14."",""sourceFilename is deterministically redacted; authoritative filename evidence remains only in the Phase 9 manifest.""]","","","",""
"source-only:wix:asset-source:6fbde1aae894b8b13304fd39e42a8b8345cb7d4c3864d8fb5c2a64570ac2a5fa","image","unknown","unresolved","","","","","skip","accepted-skip","","","","","6fbde1aae894b8b13304fd39e42a8b8345cb7d4c3864d8fb5c2a64570ac2a5fa","source-6fbde1aae894.jpg","image/jpeg","381487","public-source","requires-owner-review","[""migration/phase9/source-inventory.jsonl""]","[""No Phase 9 Storage assignment exists. Historical accepted-skip evidence indicates Wix chrome, background, or decorative use; owner confirmation is deferred to Phase 14."",""sourceFilename is deterministically redacted; authoritative filename evidence remains only in the Phase 9 manifest.""]","","","",""
"source-only:wix:asset-source:8bb3fbec02a135cafe5d2aed41c86c86e2bb3db07a4dee9a99c015e50b3f3290","image","unknown","unresolved","","","","","skip","accepted-skip","","","","","8bb3fbec02a135cafe5d2aed41c86c86e2bb3db07a4dee9a99c015e50b3f3290","source-8bb3fbec02a1.jpg","image/jpeg","1124483","public-source","requires-owner-review","[""migration/phase9/source-inventory.jsonl""]","[""No Phase 9 Storage assignment exists. Historical accepted-skip evidence indicates Wix chrome, background, or decorative use; owner confirmation is deferred to Phase 14."",""sourceFilename is deterministically redacted; authoritative filename evidence remains only in the Phase 9 manifest.""]","","","",""
"source-only:wix:asset-source:905208c5920fe053ac436c8c460bd38838c1909e0d8cb25b4233f96cda6f5cf8","image","unknown","unresolved","","","","","skip","accepted-skip","","","","","905208c5920fe053ac436c8c460bd38838c1909e0d8cb25b4233f96cda6f5cf8","source-905208c5920f.jpg","image/jpeg","2999718","public-source","requires-owner-review","[""migration/phase9/source-inventory.jsonl""]","[""No Phase 9 Storage assignment exists. Historical accepted-skip evidence indicates Wix chrome, background, or decorative use; owner confirmation is deferred to Phase 14."",""sourceFilename is deterministically redacted; authoritative filename evidence remains only in the Phase 9 manifest.""]","","","",""
"source-only:wix:asset-source:a24c32f42657cd51043f5fdce17d56026d1ddf0ff960566c84d762021709ac44","image","unknown","unresolved","","","","","skip","accepted-skip","","","","","a24c32f42657cd51043f5fdce17d56026d1ddf0ff960566c84d762021709ac44","source-a24c32f42657.jpg","image/jpeg","294733","public-source","requires-owner-review","[""migration/phase9/source-inventory.jsonl""]","[""No Phase 9 Storage assignment exists. Historical accepted-skip evidence indicates Wix chrome, background, or decorative use; owner confirmation is deferred to Phase 14."",""sourceFilename is deterministically redacted; authoritative filename evidence remains only in the Phase 9 manifest.""]","","","",""
"source-only:wix:asset-source:ad7c183ac3d0efeeabf119a0218123fbe9bbdb8b34c56265f562d51357f715c1","image","unknown","unresolved","","","","","skip","accepted-skip","","","","","ad7c183ac3d0efeeabf119a0218123fbe9bbdb8b34c56265f562d51357f715c1","source-ad7c183ac3d0.jpg","image/jpeg","1765659","public-source","requires-owner-review","[""migration/phase9/source-inventory.jsonl""]","[""No Phase 9 Storage assignment exists. Historical accepted-skip evidence indicates Wix chrome, background, or decorative use; owner confirmation is deferred to Phase 14."",""sourceFilename is deterministically redacted; authoritative filename evidence remains only in the Phase 9 manifest.""]","","","",""
"source-only:wix:asset-source:ae79fdd206f89ecc1026a4d7bf12f1b83115349cf3090e8fcd4e0fd4c7e5d35e","image","unknown","unresolved","","","","","skip","accepted-skip","","","","","ae79fdd206f89ecc1026a4d7bf12f1b83115349cf3090e8fcd4e0fd4c7e5d35e","source-ae79fdd206f8.jpg","image/jpeg","1441921","public-source","requires-owner-review","[""migration/phase9/source-inventory.jsonl""]","[""No Phase 9 Storage assignment exists. Historical accepted-skip evidence indicates Wix chrome, background, or decorative use; owner confirmation is deferred to Phase 14."",""sourceFilename is deterministically redacted; authoritative filename evidence remains only in the Phase 9 manifest.""]","","","",""
"source-only:wix:asset-source:b0c6f61e65d14e4b4b17c290fabc0b8d4dde5843d9f979fc6a69f7a694e539e5","image","unknown","unresolved","","","","","skip","accepted-skip","","","","","b0c6f61e65d14e4b4b17c290fabc0b8d4dde5843d9f979fc6a69f7a694e539e5","source-b0c6f61e65d1.jpg","image/jpeg","1253218","public-source","requires-owner-review","[""migration/phase9/source-inventory.jsonl""]","[""No Phase 9 Storage assignment exists. Historical accepted-skip evidence indicates Wix chrome, background, or decorative use; owner confirmation is deferred to Phase 14."",""sourceFilename is deterministically redacted; authoritative filename evidence remains only in the Phase 9 manifest.""]","","","",""
"source-only:wix:asset-source:bc7bfb75d01f147d4c44bae52b86ad75a7160a59107ab4fc7bb5b84c23f63a8e","image","unknown","unresolved","","","","","skip","accepted-skip","","","","","bc7bfb75d01f147d4c44bae52b86ad75a7160a59107ab4fc7bb5b84c23f63a8e","source-bc7bfb75d01f.jpg","image/jpeg","705215","public-source","requires-owner-review","[""migration/phase9/source-inventory.jsonl""]","[""No Phase 9 Storage assignment exists. Historical accepted-skip evidence indicates Wix chrome, background, or decorative use; owner confirmation is deferred to Phase 14."",""sourceFilename is deterministically redacted; authoritative filename evidence remains only in the Phase 9 manifest.""]","","","",""
"source-only:wix:asset-source:d38111f9ee0678300a852c5fa2c667eb05cc415faf64a48e483cc86f229c25a4","image","unknown","unresolved","","","","","skip","accepted-skip","","","","","d38111f9ee0678300a852c5fa2c667eb05cc415faf64a48e483cc86f229c25a4","source-d38111f9ee06.jpg","image/jpeg","81741","public-source","requires-owner-review","[""migration/phase9/source-inventory.jsonl""]","[""No Phase 9 Storage assignment exists. Historical accepted-skip evidence indicates Wix chrome, background, or decorative use; owner confirmation is deferred to Phase 14."",""sourceFilename is deterministically redacted; authoritative filename evidence remains only in the Phase 9 manifest.""]","","","",""
"source-only:wix:asset-source:dd971e0880e176decd63c863644689c8af4700d829a5bdeca8d16805cdaa0abf","image","unknown","unresolved","","","","","skip","accepted-skip","","","","","dd971e0880e176decd63c863644689c8af4700d829a5bdeca8d16805cdaa0abf","source-dd971e0880e1.jpg","image/jpeg","709007","public-source","requires-owner-review","[""migration/phase9/source-inventory.jsonl""]","[""No Phase 9 Storage assignment exists. Historical accepted-skip evidence indicates Wix chrome, background, or decorative use; owner confirmation is deferred to Phase 14."",""sourceFilename is deterministically redacted; authoritative filename evidence remains only in the Phase 9 manifest.""]","","","",""
"source-only:wix:asset-source:e800dd9be60e213059252be9add6fc1ecd625769790854fd87fbd912f792c28c","image","unknown","unresolved","","","","","skip","accepted-skip","","","","","e800dd9be60e213059252be9add6fc1ecd625769790854fd87fbd912f792c28c","source-e800dd9be60e.jpg","image/jpeg","513808","public-source","requires-owner-review","[""migration/phase9/source-inventory.jsonl""]","[""No Phase 9 Storage assignment exists. Historical accepted-skip evidence indicates Wix chrome, background, or decorative use; owner confirmation is deferred to Phase 14."",""sourceFilename is deterministically redacted; authoritative filename evidence remains only in the Phase 9 manifest.""]","","","",""
"source-only:wix:asset-source:ee61a50a54ea986e98981fb3d59a918780d653f07966878f7b3e42ec55af99e3","image","unknown","unresolved","","","","","skip","accepted-skip","","","","","ee61a50a54ea986e98981fb3d59a918780d653f07966878f7b3e42ec55af99e3","source-ee61a50a54ea.jpg","image/jpeg","1008217","public-source","requires-owner-review","[""migration/phase9/source-inventory.jsonl""]","[""No Phase 9 Storage assignment exists. Historical accepted-skip evidence indicates Wix chrome, background, or decorative use; owner confirmation is deferred to Phase 14."",""sourceFilename is deterministically redacted; authoritative filename evidence remains only in the Phase 9 manifest.""]","","","",""
"source-only:wix:asset-source:f53d450e17e260a86220c35e7434ebb7e64399a1c254fefe894772bf6690dc53","image","unknown","unresolved","","","","","skip","accepted-skip","","","","","f53d450e17e260a86220c35e7434ebb7e64399a1c254fefe894772bf6690dc53","source-f53d450e17e2.jpg","image/jpeg","120100","public-source","requires-owner-review","[""migration/phase9/source-inventory.jsonl""]","[""No Phase 9 Storage assignment exists. Historical accepted-skip evidence indicates Wix chrome, background, or decorative use; owner confirmation is deferred to Phase 14."",""sourceFilename is deterministically redacted; authoritative filename evidence remains only in the Phase 9 manifest.""]","","","",""
"source-only:wix:asset-source:f6d95ad486802221207cd14fbb414be18df8decdd9337fcc904481a131505a8b","image","unknown","unresolved","","","","","skip","accepted-skip","","","","","f6d95ad486802221207cd14fbb414be18df8decdd9337fcc904481a131505a8b","source-f6d95ad48680.jpg","image/jpeg","2064099","public-source","requires-owner-review","[""migration/phase9/source-inventory.jsonl""]","[""No Phase 9 Storage assignment exists. Historical accepted-skip evidence indicates Wix chrome, background, or decorative use; owner confirmation is deferred to Phase 14."",""sourceFilename is deterministically redacted; authoritative filename evidence remains only in the Phase 9 manifest.""]","","","",""
"source-only:wix:asset-source:f9943ec2fce8b5a7643217f7a2e182e69e4512dea56f88b3e9d2148ab2249de8","image","unknown","unresolved","","","","","skip","accepted-skip","","","","","f9943ec2fce8b5a7643217f7a2e182e69e4512dea56f88b3e9d2148ab2249de8","source-f9943ec2fce8.jpg","image/jpeg","421927","public-source","requires-owner-review","[""migration/phase9/source-inventory.jsonl""]","[""No Phase 9 Storage assignment exists. Historical accepted-skip evidence indicates Wix chrome, background, or decorative use; owner confirmation is deferred to Phase 14."",""sourceFilename is deterministically redacted; authoritative filename evidence remains only in the Phase 9 manifest.""]","","","",""
"source-only:wix:asset-source:f9ad52c1d5a636c929fbd017da3aeb6639c04f59b5389274396c9597008f29f7","image","unknown","unresolved","","","","","skip","accepted-skip","","","","","f9ad52c1d5a636c929fbd017da3aeb6639c04f59b5389274396c9597008f29f7","source-f9ad52c1d5a6.png","image/png","359037","public-source","requires-owner-review","[""migration/phase9/source-inventory.jsonl""]","[""No Phase 9 Storage assignment exists. Historical accepted-skip evidence indicates Wix chrome, background, or decorative use; owner confirmation is deferred to Phase 14."",""sourceFilename is deterministically redacted; authoritative filename evidence remains only in the Phase 9 manifest.""]","","","",""
"source-only:wix:asset-source:fb9f0998f0ed71561785d45d85f929bf84764110e87cf142886dfd6644b9387b","image","unknown","unresolved","","","","","skip","accepted-skip","","","","","fb9f0998f0ed71561785d45d85f929bf84764110e87cf142886dfd6644b9387b","source-fb9f0998f0ed.jpg","image/jpeg","709545","public-source","requires-owner-review","[""migration/phase9/source-inventory.jsonl""]","[""No Phase 9 Storage assignment exists. Historical accepted-skip evidence indicates Wix chrome, background, or decorative use; owner confirmation is deferred to Phase 14."",""sourceFilename is deterministically redacted; authoritative filename evidence remains only in the Phase 9 manifest.""]","","","",""
"wix:asset:wix:activity:acrjz:44572b4bc21b3551e2c7","document","attachment","activity","wix:activity:acrjz","瑪潮親子慈善園遊會 111","111","","migrate","migrated","activity-assets","activity-assets/<redacted>","activity-assets","wix:activity:acrjz","8d8486f7faf473ff6936477b932ddde30b5930fc459963fa36d7ec16c35b5a4d","source-8d8486f7faf4.pdf","application/pdf","72606","private-draft","requires-owner-review","[""migration/phase9/assets-manifest.jsonl"",""migration/phase9/content-manifest.jsonl"",""migration/phase9/manual-review.csv"",""migration/phase9/source-inventory.jsonl""]","[""sourceFilename is deterministically redacted; authoritative filename evidence remains only in the Phase 9 manifest.""]","","","",""
"wix:asset:wix:activity:acrjz:55766c2f80abe7ad0d24","document","attachment","activity","wix:activity:acrjz","瑪潮親子慈善園遊會 111","111","","migrate","migrated","activity-assets","activity-assets/<redacted>","activity-assets","wix:activity:acrjz","89f8d2572ca5982f6a5392dc7f0310bcd9681197fbef14dd6ff0c73c1b151c7f","source-89f8d2572ca5.pdf","application/pdf","80469","private-draft","requires-owner-review","[""migration/phase9/assets-manifest.jsonl"",""migration/phase9/content-manifest.jsonl"",""migration/phase9/manual-review.csv"",""migration/phase9/source-inventory.jsonl""]","[""sourceFilename is deterministically redacted; authoritative filename evidence remains only in the Phase 9 manifest.""]","","","",""
"wix:asset:wix:activity:acrjz:f19598606313ea589533","document","attachment","activity","wix:activity:acrjz","瑪潮親子慈善園遊會 111","111","","migrate","migrated","activity-assets","activity-assets/<redacted>","activity-assets","wix:activity:acrjz","49f253eb6deeddfdd04deeebe1f48df6c72a629e178a30055fbf4db2a94f7ea9","source-49f253eb6dee.pdf","application/pdf","74069","private-draft","requires-owner-review","[""migration/phase9/assets-manifest.jsonl"",""migration/phase9/content-manifest.jsonl"",""migration/phase9/manual-review.csv"",""migration/phase9/source-inventory.jsonl""]","[""sourceFilename is deterministically redacted; authoritative filename evidence remains only in the Phase 9 manifest.""]","","","",""
"wix:asset:wix:activity:ad87y:05e5c48b71a6c9daf791","document","attachment","activity","wix:activity:ad87y","​兒童志工服務與訓練","113","","migrate","migrated","activity-assets","activity-assets/<redacted>","activity-assets","wix:activity:ad87y","ff5097c9247758204c46bf25c63459da4b55b91c8916f84c68ab8853e41f1092","source-ff5097c92477.pdf","application/pdf","61567","private-draft","requires-owner-review","[""migration/phase9/assets-manifest.jsonl"",""migration/phase9/content-manifest.jsonl"",""migration/phase9/manual-review.csv"",""migration/phase9/source-inventory.jsonl""]","[""Phase 9 warnings: private_draft_attachment_may_contain_personal_data"",""sourceFilename is deterministically redacted; authoritative filename evidence remains only in the Phase 9 manifest.""]","","","",""
"wix:asset:wix:activity:ad87y:31da97fc3685cc05dc1b","document","attachment","activity","wix:activity:ad87y","​兒童志工服務與訓練","113","","migrate","migrated","activity-assets","activity-assets/<redacted>","activity-assets","wix:activity:ad87y","9a088705a22ec8ad51b1d998f4b46c1a1a59cc266808ab0a0615512af12f1ad9","source-9a088705a22e.pdf","application/pdf","121850","private-draft","requires-owner-review","[""migration/phase9/assets-manifest.jsonl"",""migration/phase9/content-manifest.jsonl"",""migration/phase9/manual-review.csv"",""migration/phase9/source-inventory.jsonl""]","[""Phase 9 warnings: private_draft_attachment_may_contain_personal_data"",""sourceFilename is deterministically redacted; authoritative filename evidence remains only in the Phase 9 manifest.""]","","","",""
"wix:asset:wix:activity:ad87y:4cf2151f8b4f7c1a3abf","image","gallery","activity","wix:activity:ad87y","​兒童志工服務與訓練","113","","migrate","migrated","activity-assets","activity-assets/<redacted>","activity-assets","wix:activity:ad87y","2125706c9fc2191a591a1f7fba4b786e7ead1df1218db1d1e4f13a55101b39c6","source-2125706c9fc2.jpg","image/jpeg","311826","private-draft","requires-owner-review","[""migration/phase9/assets-manifest.jsonl"",""migration/phase9/content-manifest.jsonl"",""migration/phase9/manual-review.csv"",""migration/phase9/source-inventory.jsonl""]","[""sourceFilename is deterministically redacted; authoritative filename evidence remains only in the Phase 9 manifest.""]","","","",""
"wix:asset:wix:activity:ad87y:529d219d493ce4d6dc03","document","attachment","activity","wix:activity:ad87y","​兒童志工服務與訓練","113","","migrate","migrated","activity-assets","activity-assets/<redacted>","activity-assets","wix:activity:ad87y","26d4ea21b60c177ec32d6a364df743d72e3cf25e334d44b7efc5ab550e0bd704","source-26d4ea21b60c.pdf","application/pdf","189127","private-draft","requires-owner-review","[""migration/phase9/assets-manifest.jsonl"",""migration/phase9/content-manifest.jsonl"",""migration/phase9/manual-review.csv"",""migration/phase9/source-inventory.jsonl""]","[""Phase 9 warnings: private_draft_attachment_may_contain_personal_data"",""sourceFilename is deterministically redacted; authoritative filename evidence remains only in the Phase 9 manifest.""]","","","",""
"wix:asset:wix:activity:ad87y:b637c63f0bb01a795ec4","image","cover","activity","wix:activity:ad87y","​兒童志工服務與訓練","113","","migrate","migrated","activity-assets","activity-assets/<redacted>","activity-assets","wix:activity:ad87y","cfee84aa282a6a0fe5db2c67b73c119fcf9084a21358278fb086a2f9da7fbcb1","source-cfee84aa282a.jpg","image/jpeg","738504","private-draft","requires-owner-review","[""migration/phase9/assets-manifest.jsonl"",""migration/phase9/content-manifest.jsonl"",""migration/phase9/manual-review.csv"",""migration/phase9/source-inventory.jsonl""]","[""sourceFilename is deterministically redacted; authoritative filename evidence remains only in the Phase 9 manifest.""]","","","",""
"wix:asset:wix:activity:ad87y:c1d4a2ea7f96a857a9af","document","attachment","activity","wix:activity:ad87y","​兒童志工服務與訓練","113","","migrate","migrated","activity-assets","activity-assets/<redacted>","activity-assets","wix:activity:ad87y","327f585a9a4a0d71eb8d620223116887222b544241fa3243d87b4c19fcb2f1d9","source-327f585a9a4a.pdf","application/pdf","195419","private-draft","requires-owner-review","[""migration/phase9/assets-manifest.jsonl"",""migration/phase9/content-manifest.jsonl"",""migration/phase9/manual-review.csv"",""migration/phase9/source-inventory.jsonl""]","[""Phase 9 warnings: private_draft_attachment_may_contain_personal_data"",""sourceFilename is deterministically redacted; authoritative filename evidence remains only in the Phase 9 manifest.""]","","","",""
"wix:asset:wix:activity:ad87y:c8aa5029c126e7265cff","image","gallery","activity","wix:activity:ad87y","​兒童志工服務與訓練","113","","migrate","migrated","activity-assets","activity-assets/<redacted>","activity-assets","wix:activity:ad87y","794861db75a7db09938d11704a7a96802d622e8777afaf3dacebb0d1ce5691f2","source-794861db75a7.jpg","image/jpeg","223348","private-draft","requires-owner-review","[""migration/phase9/assets-manifest.jsonl"",""migration/phase9/content-manifest.jsonl"",""migration/phase9/manual-review.csv"",""migration/phase9/source-inventory.jsonl""]","[""sourceFilename is deterministically redacted; authoritative filename evidence remains only in the Phase 9 manifest.""]","","","",""
"wix:asset:wix:activity:ay10r:42ea837edd5246b65adf","document","attachment","activity","wix:activity:ay10r","一起溫暖桃園-校內募款","110","","migrate","migrated","activity-assets","activity-assets/<redacted>","activity-assets","wix:activity:ay10r","5d73a79f934b03fd559fdf222a269863f96ec342eb3600518aaa67c1521c6688","source-5d73a79f934b.pdf","application/pdf","271455","private-draft","requires-owner-review","[""migration/phase9/assets-manifest.jsonl"",""migration/phase9/content-manifest.jsonl"",""migration/phase9/manual-review.csv"",""migration/phase9/source-inventory.jsonl""]","[""Phase 9 warnings: private_draft_attachment_may_contain_personal_data"",""sourceFilename is deterministically redacted; authoritative filename evidence remains only in the Phase 9 manifest.""]","","","",""
"wix:asset:wix:activity:ay10r:66a8cdce100b751480ba","document","attachment","activity","wix:activity:ay10r","一起溫暖桃園-校內募款","110","","migrate","migrated","activity-assets","activity-assets/<redacted>","activity-assets","wix:activity:ay10r","1214dfa6a8b5c7a71b60e4508b4250fa81459a64e89c3db7015af53b21855de3","source-1214dfa6a8b5.pdf","application/pdf","216094","private-draft","requires-owner-review","[""migration/phase9/assets-manifest.jsonl"",""migration/phase9/content-manifest.jsonl"",""migration/phase9/manual-review.csv"",""migration/phase9/source-inventory.jsonl""]","[""Phase 9 warnings: private_draft_attachment_may_contain_personal_data"",""sourceFilename is deterministically redacted; authoritative filename evidence remains only in the Phase 9 manifest.""]","","","",""
"wix:asset:wix:activity:ay10r:6dc681c867ed3d0ccf9d","document","attachment","activity","wix:activity:ay10r","一起溫暖桃園-校內募款","110","","migrate","migrated","activity-assets","activity-assets/<redacted>","activity-assets","wix:activity:ay10r","099c2dcdf48a8814fa4a11541f7f46e6fc44007125544f54c4a5db6a115153ac","source-099c2dcdf48a.pdf","application/pdf","272295","private-draft","requires-owner-review","[""migration/phase9/assets-manifest.jsonl"",""migration/phase9/content-manifest.jsonl"",""migration/phase9/manual-review.csv"",""migration/phase9/source-inventory.jsonl""]","[""Phase 9 warnings: private_draft_attachment_may_contain_personal_data"",""sourceFilename is deterministically redacted; authoritative filename evidence remains only in the Phase 9 manifest.""]","","","",""
"wix:asset:wix:activity:ay10r:82a1af59df7d85befb52","document","attachment","activity","wix:activity:ay10r","一起溫暖桃園-校內募款","110","","migrate","migrated","activity-assets","activity-assets/<redacted>","activity-assets","wix:activity:ay10r","9aa861056d20c69fb4cc4e7a2d3a4da12f31890219bd38781e81fd1bc77595f6","source-9aa861056d20.pdf","application/pdf","76524","private-draft","requires-owner-review","[""migration/phase9/assets-manifest.jsonl"",""migration/phase9/content-manifest.jsonl"",""migration/phase9/manual-review.csv"",""migration/phase9/source-inventory.jsonl""]","[""Phase 9 warnings: private_draft_attachment_may_contain_personal_data"",""sourceFilename is deterministically redacted; authoritative filename evidence remains only in the Phase 9 manifest.""]","","","",""
"wix:asset:wix:activity:ay10r:86c50d8e9734d3efb3db","document","attachment","activity","wix:activity:ay10r","一起溫暖桃園-校內募款","110","","migrate","migrated","activity-assets","activity-assets/<redacted>","activity-assets","wix:activity:ay10r","8e1037359438e2a42bebbd9f2cbd9114622e05bb23f423e53cb9b0575b28af7a","source-8e1037359438.pdf","application/pdf","201449","private-draft","requires-owner-review","[""migration/phase9/assets-manifest.jsonl"",""migration/phase9/content-manifest.jsonl"",""migration/phase9/manual-review.csv"",""migration/phase9/source-inventory.jsonl""]","[""Phase 9 warnings: private_draft_attachment_may_contain_personal_data"",""sourceFilename is deterministically redacted; authoritative filename evidence remains only in the Phase 9 manifest.""]","","","",""
"wix:asset:wix:activity:ay10r:9d6f8381a258b9eea82f","image","cover","activity","wix:activity:ay10r","一起溫暖桃園-校內募款","110","","migrate","migrated","activity-assets","activity-assets/<redacted>","activity-assets","wix:activity:ay10r","96b2ba726e635f3d278344ccad927f741091ea90eb0babed2864eb560e994f9f","source-96b2ba726e63.jpg","image/jpeg","396493","private-draft","requires-owner-review","[""migration/phase9/assets-manifest.jsonl"",""migration/phase9/content-manifest.jsonl"",""migration/phase9/manual-review.csv"",""migration/phase9/source-inventory.jsonl""]","[""sourceFilename is deterministically redacted; authoritative filename evidence remains only in the Phase 9 manifest.""]","","","",""
"wix:asset:wix:activity:ay10r:a6e0d46b5dfdc4e9631f","document","attachment","activity","wix:activity:ay10r","一起溫暖桃園-校內募款","110","","migrate","migrated","activity-assets","activity-assets/<redacted>","activity-assets","wix:activity:ay10r","b1aba68bbf014cdbdc03b0f594c779a8aa4e59c13b7fa1c18cde2624763c3bdd","source-b1aba68bbf01.pdf","application/pdf","358611","private-draft","requires-owner-review","[""migration/phase9/assets-manifest.jsonl"",""migration/phase9/content-manifest.jsonl"",""migration/phase9/manual-review.csv"",""migration/phase9/source-inventory.jsonl""]","[""Phase 9 warnings: private_draft_attachment_may_contain_personal_data"",""sourceFilename is deterministically redacted; authoritative filename evidence remains only in the Phase 9 manifest.""]","","","",""
"wix:asset:wix:activity:ay10r:ca478597d8e773826c85","image","gallery","activity","wix:activity:ay10r","一起溫暖桃園-校內募款","110","","migrate","migrated","activity-assets","activity-assets/<redacted>","activity-assets","wix:activity:ay10r","6380245b1770f0ff481b3f74a1673bce1e16a10ab12871c60bbe5eb03ca2eb72","source-6380245b1770.jpg","image/jpeg","286006","private-draft","requires-owner-review","[""migration/phase9/assets-manifest.jsonl"",""migration/phase9/content-manifest.jsonl"",""migration/phase9/manual-review.csv"",""migration/phase9/source-inventory.jsonl""]","[""sourceFilename is deterministically redacted; authoritative filename evidence remains only in the Phase 9 manifest.""]","","","",""
"wix:asset:wix:activity:ay10r:e23cc3ee0b21e7e2d555","document","attachment","activity","wix:activity:ay10r","一起溫暖桃園-校內募款","110","","migrate","migrated","activity-assets","activity-assets/<redacted>","activity-assets","wix:activity:ay10r","82f0b70f17d7fcd026869eaf3279804dedaed9eba62c1df168e31612cbc7b3fe","source-82f0b70f17d7.pdf","application/pdf","186622","private-draft","requires-owner-review","[""migration/phase9/assets-manifest.jsonl"",""migration/phase9/content-manifest.jsonl"",""migration/phase9/manual-review.csv"",""migration/phase9/source-inventory.jsonl""]","[""Phase 9 warnings: private_draft_attachment_may_contain_personal_data"",""sourceFilename is deterministically redacted; authoritative filename evidence remains only in the Phase 9 manifest.""]","","","",""
"wix:asset:wix:activity:ay10r:ed26a90210af11cd1af5","image","gallery","activity","wix:activity:ay10r","一起溫暖桃園-校內募款","110","","migrate","migrated","activity-assets","activity-assets/<redacted>","activity-assets","wix:activity:ay10r","03147946cdc459dbeeb3a39ab69ba57ab33544f48f3cd20ee70241225bf47f9a","source-03147946cdc4.png","image/png","5546","private-draft","requires-owner-review","[""migration/phase9/assets-manifest.jsonl"",""migration/phase9/content-manifest.jsonl"",""migration/phase9/manual-review.csv"",""migration/phase9/source-inventory.jsonl""]","[""sourceFilename is deterministically redacted; authoritative filename evidence remains only in the Phase 9 manifest.""]","","","",""
"wix:asset:wix:activity:eeuqi:2c01863552866b91631c","document","attachment","activity","wix:activity:eeuqi","創意玩科學","113","","migrate","migrated","activity-assets","activity-assets/<redacted>","activity-assets","wix:activity:eeuqi","2d5d6a1510efae09fac412240c5b43589ed7388eb477d23ab84e1a35f2615be9","source-2d5d6a1510ef.pdf","application/pdf","57670","private-draft","requires-owner-review","[""migration/phase9/assets-manifest.jsonl"",""migration/phase9/content-manifest.jsonl"",""migration/phase9/manual-review.csv"",""migration/phase9/source-inventory.jsonl""]","[""Phase 9 warnings: private_draft_attachment_may_contain_personal_data"",""sourceFilename is deterministically redacted; authoritative filename evidence remains only in the Phase 9 manifest.""]","","","",""
"wix:asset:wix:activity:eeuqi:659bfe21950417ade42d","document","attachment","activity","wix:activity:eeuqi","創意玩科學","113","","migrate","migrated","activity-assets","activity-assets/<redacted>","activity-assets","wix:activity:eeuqi","300be5b026b4c3d0ceb7b3c4c690a8b73c927291aab7a240d8d15a38ed4e2a44","source-300be5b026b4.pdf","application/pdf","132419","private-draft","requires-owner-review","[""migration/phase9/assets-manifest.jsonl"",""migration/phase9/content-manifest.jsonl"",""migration/phase9/manual-review.csv"",""migration/phase9/source-inventory.jsonl""]","[""Phase 9 warnings: private_draft_attachment_may_contain_personal_data"",""sourceFilename is deterministically redacted; authoritative filename evidence remains only in the Phase 9 manifest.""]","","","",""
"wix:asset:wix:activity:eeuqi:81fc916797957695a536","document","attachment","activity","wix:activity:eeuqi","創意玩科學","113","","migrate","migrated","activity-assets","activity-assets/<redacted>","activity-assets","wix:activity:eeuqi","e9655b142b7f9417f785ef3ade5196423ebbb7c55a9386dc80c6ffca71a5bd5b","source-e9655b142b7f.pdf","application/pdf","250512","private-draft","requires-owner-review","[""migration/phase9/assets-manifest.jsonl"",""migration/phase9/content-manifest.jsonl"",""migration/phase9/manual-review.csv"",""migration/phase9/source-inventory.jsonl""]","[""Phase 9 warnings: private_draft_attachment_may_contain_personal_data"",""sourceFilename is deterministically redacted; authoritative filename evidence remains only in the Phase 9 manifest.""]","","","",""
"wix:asset:wix:activity:eeuqi:8ac32ce381624805ac46","document","attachment","activity","wix:activity:eeuqi","創意玩科學","113","","migrate","migrated","activity-assets","activity-assets/<redacted>","activity-assets","wix:activity:eeuqi","ec3230dcfff0723a361b2146fa37df6fbee00e42e61544905d9ec782a4bfb058","source-ec3230dcfff0.pdf","application/pdf","189381","private-draft","requires-owner-review","[""migration/phase9/assets-manifest.jsonl"",""migration/phase9/content-manifest.jsonl"",""migration/phase9/manual-review.csv"",""migration/phase9/source-inventory.jsonl""]","[""Phase 9 warnings: private_draft_attachment_may_contain_personal_data"",""sourceFilename is deterministically redacted; authoritative filename evidence remains only in the Phase 9 manifest.""]","","","",""
"wix:asset:wix:activity:eeuqi:900f2df4f234ad575344","image","gallery","activity","wix:activity:eeuqi","創意玩科學","113","","migrate","migrated","activity-assets","activity-assets/<redacted>","activity-assets","wix:activity:eeuqi","b6f103e1409c57d89cc4383985195669b1a2f1147713f657476cb40e6572893a","source-b6f103e1409c.png","image/png","604622","private-draft","requires-owner-review","[""migration/phase9/assets-manifest.jsonl"",""migration/phase9/content-manifest.jsonl"",""migration/phase9/manual-review.csv"",""migration/phase9/source-inventory.jsonl""]","[""sourceFilename is deterministically redacted; authoritative filename evidence remains only in the Phase 9 manifest.""]","","","",""
"wix:asset:wix:activity:eeuqi:b54bc9e090f08a36c766","image","cover","activity","wix:activity:eeuqi","創意玩科學","113","","migrate","migrated","activity-assets","activity-assets/<redacted>","activity-assets","wix:activity:eeuqi","f399c54b5675ed2a0b31d48876cc06c85894afc6d279a4694bf7ac8f7954f18d","source-f399c54b5675.png","image/png","789676","private-draft","requires-owner-review","[""migration/phase9/assets-manifest.jsonl"",""migration/phase9/content-manifest.jsonl"",""migration/phase9/manual-review.csv"",""migration/phase9/source-inventory.jsonl""]","[""sourceFilename is deterministically redacted; authoritative filename evidence remains only in the Phase 9 manifest.""]","","","",""
"wix:asset:wix:activity:eeuqi:ba0e6e056b630affe111","document","attachment","activity","wix:activity:eeuqi","創意玩科學","113","","migrate","migrated","activity-assets","activity-assets/<redacted>","activity-assets","wix:activity:eeuqi","c589021a8f7cf9c54a57943dd744709a06921b6f819f21fdfc9107359ef67c1b","source-c589021a8f7c.pdf","application/pdf","178136","private-draft","requires-owner-review","[""migration/phase9/assets-manifest.jsonl"",""migration/phase9/content-manifest.jsonl"",""migration/phase9/manual-review.csv"",""migration/phase9/source-inventory.jsonl""]","[""Phase 9 warnings: private_draft_attachment_may_contain_personal_data"",""sourceFilename is deterministically redacted; authoritative filename evidence remains only in the Phase 9 manifest.""]","","","",""
"wix:asset:wix:activity:eeuqi:d3cf88fb721bea9d6354","image","gallery","activity","wix:activity:eeuqi","創意玩科學","113","","migrate","migrated","activity-assets","activity-assets/<redacted>","activity-assets","wix:activity:eeuqi","0acf88ca7d932a80fd7b4615dec949a66a3bfcccdf6485882975a2cb5eb62e1e","source-0acf88ca7d93.png","image/png","668380","private-draft","requires-owner-review","[""migration/phase9/assets-manifest.jsonl"",""migration/phase9/content-manifest.jsonl"",""migration/phase9/manual-review.csv"",""migration/phase9/source-inventory.jsonl""]","[""sourceFilename is deterministically redacted; authoritative filename evidence remains only in the Phase 9 manifest.""]","","","",""
"wix:asset:wix:activity:eove1:148be0eb1dcd8cff131a","document","attachment","activity","wix:activity:eove1","中秋月團圓-社員聯歡會","113","","migrate","migrated","activity-assets","activity-assets/<redacted>","activity-assets","wix:activity:eove1","1dbb0bfbb0d16b337c0c1f66d22069270f1cb5841c2d0ecf32b83d2a495e9d9a","source-1dbb0bfbb0d1.pdf","application/pdf","204256","private-draft","requires-owner-review","[""migration/phase9/assets-manifest.jsonl"",""migration/phase9/content-manifest.jsonl"",""migration/phase9/manual-review.csv"",""migration/phase9/source-inventory.jsonl""]","[""Phase 9 warnings: private_draft_attachment_may_contain_personal_data"",""Same source object has 2 distinct Storage/owner assignments; each assignment is preserved."",""sourceFilename is deterministically redacted; authoritative filename evidence remains only in the Phase 9 manifest.""]","","","",""
"wix:asset:wix:activity:eove1:164387e4890c92f2ed4e","document","attachment","activity","wix:activity:eove1","中秋月團圓-社員聯歡會","113","","migrate","migrated","activity-assets","activity-assets/<redacted>","activity-assets","wix:activity:eove1","0aae56974217ffac3f08bc78d9b9b2a6bbcb086930918d87e196b60fc65b52c7","source-0aae56974217.pdf","application/pdf","118676","private-draft","requires-owner-review","[""migration/phase9/assets-manifest.jsonl"",""migration/phase9/content-manifest.jsonl"",""migration/phase9/manual-review.csv"",""migration/phase9/source-inventory.jsonl""]","[""Phase 9 warnings: private_draft_attachment_may_contain_personal_data"",""sourceFilename is deterministically redacted; authoritative filename evidence remains only in the Phase 9 manifest.""]","","","",""
"wix:asset:wix:activity:eove1:5dcbad331ec385a3ed23","image","gallery","activity","wix:activity:eove1","中秋月團圓-社員聯歡會","113","","migrate","migrated","activity-assets","activity-assets/<redacted>","activity-assets","wix:activity:eove1","8ec77327ee29051c712b6373af6a7070ebf6647ffdf63658bb4e16f4da5a2b4e","source-8ec77327ee29.jpg","image/jpeg","1383822","private-draft","requires-owner-review","[""migration/phase9/assets-manifest.jsonl"",""migration/phase9/content-manifest.jsonl"",""migration/phase9/manual-review.csv"",""migration/phase9/source-inventory.jsonl""]","[""Same source object has 2 distinct Storage/owner assignments; each assignment is preserved."",""sourceFilename is deterministically redacted; authoritative filename evidence remains only in the Phase 9 manifest.""]","","","",""
"wix:asset:wix:activity:eove1:701bd6c862e2ed08e72f","image","cover","activity","wix:activity:eove1","中秋月團圓-社員聯歡會","113","","migrate","migrated","activity-assets","activity-assets/<redacted>","activity-assets","wix:activity:eove1","4bad273147e61750e4aeb01e6a2cc423611bfcb1596e539bea7a6d3ba81acccd","source-4bad273147e6.jpg","image/jpeg","1115511","private-draft","requires-owner-review","[""migration/phase9/assets-manifest.jsonl"",""migration/phase9/content-manifest.jsonl"",""migration/phase9/manual-review.csv"",""migration/phase9/source-inventory.jsonl""]","[""Same source object has 2 distinct Storage/owner assignments; each assignment is preserved."",""sourceFilename is deterministically redacted; authoritative filename evidence remains only in the Phase 9 manifest.""]","","","",""
"wix:asset:wix:activity:eove1:99f7f473a23f93d2e964","document","attachment","activity","wix:activity:eove1","中秋月團圓-社員聯歡會","113","","migrate","migrated","activity-assets","activity-assets/<redacted>","activity-assets","wix:activity:eove1","e1a7e35fddf77022341e9faa6333bd632381670a20776b15a0943056de136541","source-e1a7e35fddf7.pdf","application/pdf","185918","private-draft","requires-owner-review","[""migration/phase9/assets-manifest.jsonl"",""migration/phase9/content-manifest.jsonl"",""migration/phase9/manual-review.csv"",""migration/phase9/source-inventory.jsonl""]","[""Phase 9 warnings: private_draft_attachment_may_contain_personal_data"",""sourceFilename is deterministically redacted; authoritative filename evidence remains only in the Phase 9 manifest.""]","","","",""
"wix:asset:wix:activity:eove1:a0f7405a97b52bd7163c","document","attachment","activity","wix:activity:eove1","中秋月團圓-社員聯歡會","113","","migrate","migrated","activity-assets","activity-assets/<redacted>","activity-assets","wix:activity:eove1","7630d5a5ce591d0011c9002d4410a7197fc82915d9b1dbb1d3750f865c809315","source-7630d5a5ce59.pdf","application/pdf","205531","private-draft","requires-owner-review","[""migration/phase9/assets-manifest.jsonl"",""migration/phase9/content-manifest.jsonl"",""migration/phase9/manual-review.csv"",""migration/phase9/source-inventory.jsonl""]","[""Phase 9 warnings: private_draft_attachment_may_contain_personal_data"",""sourceFilename is deterministically redacted; authoritative filename evidence remains only in the Phase 9 manifest.""]","","","",""
"wix:asset:wix:activity:eove1:d32e0abf3357d30fa66f","document","attachment","activity","wix:activity:eove1","中秋月團圓-社員聯歡會","113","","migrate","migrated","activity-assets","activity-assets/<redacted>","activity-assets","wix:activity:eove1","a32a7eb3fd599e3c4a52bd9033cacce1ad82be8e74152718345a93eb7a554895","source-a32a7eb3fd59.docx","application/vnd.openxmlformats-officedocument.wordprocessingml.document","14454","private-draft","requires-owner-review","[""migration/phase9/assets-manifest.jsonl"",""migration/phase9/content-manifest.jsonl"",""migration/phase9/manual-review.csv"",""migration/phase9/source-inventory.jsonl""]","[""Phase 9 warnings: private_draft_attachment_may_contain_personal_data"",""sourceFilename is deterministically redacted; authoritative filename evidence remains only in the Phase 9 manifest.""]","","","",""
"wix:asset:wix:activity:eove1:fdb2bca1f6548166e2d7","image","gallery","activity","wix:activity:eove1","中秋月團圓-社員聯歡會","113","","migrate","migrated","activity-assets","activity-assets/<redacted>","activity-assets","wix:activity:eove1","200cf2a321b9e74f12fbcb74f53200c18a6daaa7834d35d820c01ecb0928357d","source-200cf2a321b9.jpg","image/jpeg","1212153","private-draft","requires-owner-review","[""migration/phase9/assets-manifest.jsonl"",""migration/phase9/content-manifest.jsonl"",""migration/phase9/manual-review.csv"",""migration/phase9/source-inventory.jsonl""]","[""Same source object has 2 distinct Storage/owner assignments; each assignment is preserved."",""sourceFilename is deterministically redacted; authoritative filename evidence remains only in the Phase 9 manifest.""]","","","",""
"wix:asset:wix:activity:euvvm:229414b2eede46915504","image","gallery","activity","wix:activity:euvvm","服務學習領袖培訓","113","","migrate","migrated","activity-assets","activity-assets/<redacted>","activity-assets","wix:activity:euvvm","fc146c8da8b95d004d45cf2e9505799847d0fd3f5e69cdfedeb635fe8212dac0","source-fc146c8da8b9.jpg","image/jpeg","394408","private-draft","requires-owner-review","[""migration/phase9/assets-manifest.jsonl"",""migration/phase9/content-manifest.jsonl"",""migration/phase9/manual-review.csv"",""migration/phase9/source-inventory.jsonl""]","[""sourceFilename is deterministically redacted; authoritative filename evidence remains only in the Phase 9 manifest.""]","","","",""
"wix:asset:wix:activity:euvvm:56f7733168f056df3193","document","attachment","activity","wix:activity:euvvm","服務學習領袖培訓","113","","migrate","migrated","activity-assets","activity-assets/<redacted>","activity-assets","wix:activity:euvvm","d0891fb0fecd79a98cb45c34289b86060132d5ea5afdeb3fcf857197a3decf3e","source-d0891fb0fecd.pdf","application/pdf","196184","private-draft","requires-owner-review","[""migration/phase9/assets-manifest.jsonl"",""migration/phase9/content-manifest.jsonl"",""migration/phase9/manual-review.csv"",""migration/phase9/source-inventory.jsonl""]","[""Phase 9 warnings: private_draft_attachment_may_contain_personal_data"",""sourceFilename is deterministically redacted; authoritative filename evidence remains only in the Phase 9 manifest.""]","","","",""
"wix:asset:wix:activity:euvvm:88b4f399d2b9acb0f029","document","attachment","activity","wix:activity:euvvm","服務學習領袖培訓","113","","migrate","migrated","activity-assets","activity-assets/<redacted>","activity-assets","wix:activity:euvvm","6564c74d1d3c7b6c54180479166026e444c6b019813fc2737fd3f8090d664f12","source-6564c74d1d3c.pdf","application/pdf","112200","private-draft","requires-owner-review","[""migration/phase9/assets-manifest.jsonl"",""migration/phase9/content-manifest.jsonl"",""migration/phase9/manual-review.csv"",""migration/phase9/source-inventory.jsonl""]","[""Phase 9 warnings: private_draft_attachment_may_contain_personal_data"",""sourceFilename is deterministically redacted; authoritative filename evidence remains only in the Phase 9 manifest.""]","","","",""
"wix:asset:wix:activity:euvvm:89df7e7341e0dbb23692","document","attachment","activity","wix:activity:euvvm","服務學習領袖培訓","113","","migrate","migrated","activity-assets","activity-assets/<redacted>","activity-assets","wix:activity:euvvm","15db89cefb88ed60740c642fea3bc797445f81ddeddf77c9a32099f3a3ae4396","source-15db89cefb88.pdf","application/pdf","170556","private-draft","requires-owner-review","[""migration/phase9/assets-manifest.jsonl"",""migration/phase9/content-manifest.jsonl"",""migration/phase9/manual-review.csv"",""migration/phase9/source-inventory.jsonl""]","[""Phase 9 warnings: private_draft_attachment_may_contain_personal_data"",""sourceFilename is deterministically redacted; authoritative filename evidence remains only in the Phase 9 manifest.""]","","","",""
"wix:asset:wix:activity:euvvm:9999dc6d36e95dbd1c07","image","gallery","activity","wix:activity:euvvm","服務學習領袖培訓","113","","migrate","migrated","activity-assets","activity-assets/<redacted>","activity-assets","wix:activity:euvvm","072d5250e49c77c010bae325d26e7e796b77c6e12443b5ecbf866452de88d6c8","source-072d5250e49c.jpg","image/jpeg","417248","private-draft","requires-owner-review","[""migration/phase9/assets-manifest.jsonl"",""migration/phase9/content-manifest.jsonl"",""migration/phase9/manual-review.csv"",""migration/phase9/source-inventory.jsonl""]","[""sourceFilename is deterministically redacted; authoritative filename evidence remains only in the Phase 9 manifest.""]","","","",""
"wix:asset:wix:activity:euvvm:cc0214e5d9b31cffac14","image","cover","activity","wix:activity:euvvm","服務學習領袖培訓","113","","migrate","migrated","activity-assets","activity-assets/<redacted>","activity-assets","wix:activity:euvvm","4c7381cc9c4f548fc73343c4dc359892e709c65d68f8abfb1fda4a92adf87d0e","source-4c7381cc9c4f.jpg","image/jpeg","550994","private-draft","requires-owner-review","[""migration/phase9/assets-manifest.jsonl"",""migration/phase9/content-manifest.jsonl"",""migration/phase9/manual-review.csv"",""migration/phase9/source-inventory.jsonl""]","[""sourceFilename is deterministically redacted; authoritative filename evidence remains only in the Phase 9 manifest.""]","","","",""
"wix:asset:wix:activity:euvvm:e9aae9b874d784d76e13","document","attachment","activity","wix:activity:euvvm","服務學習領袖培訓","113","","migrate","migrated","activity-assets","activity-assets/<redacted>","activity-assets","wix:activity:euvvm","a33d8e2c1442e3760fd91f554929cac56ac504693e296890960c71681f269010","source-a33d8e2c1442.pdf","application/pdf","193770","private-draft","requires-owner-review","[""migration/phase9/assets-manifest.jsonl"",""migration/phase9/content-manifest.jsonl"",""migration/phase9/manual-review.csv"",""migration/phase9/source-inventory.jsonl""]","[""Phase 9 warnings: private_draft_attachment_may_contain_personal_data"",""sourceFilename is deterministically redacted; authoritative filename evidence remains only in the Phase 9 manifest.""]","","","",""
"wix:asset:wix:activity:euvvm:fe8547cf06dbcdff68d2","document","attachment","activity","wix:activity:euvvm","服務學習領袖培訓","113","","migrate","migrated","activity-assets","activity-assets/<redacted>","activity-assets","wix:activity:euvvm","d044560088fa0f0be546dbbd3441649f9bd64ba26cc847b46a699d4023f2f279","source-d044560088fa.pdf","application/pdf","62999","private-draft","requires-owner-review","[""migration/phase9/assets-manifest.jsonl"",""migration/phase9/content-manifest.jsonl"",""migration/phase9/manual-review.csv"",""migration/phase9/source-inventory.jsonl""]","[""Phase 9 warnings: private_draft_attachment_may_contain_personal_data"",""sourceFilename is deterministically redacted; authoritative filename evidence remains only in the Phase 9 manifest.""]","","","",""
"wix:asset:wix:activity:finuh:1a82a57d5713e862c78d","image","cover","activity","wix:activity:finuh","畢業歡送交接會","110","","migrate","migrated","activity-assets","activity-assets/<redacted>","activity-assets","wix:activity:finuh","09d1cfbcceeb4645ac1cc5fa5c9afb504dc4677df74bb369fc992f84bb08ab67","source-09d1cfbcceeb.jpg","image/jpeg","1033725","private-draft","requires-owner-review","[""migration/phase9/assets-manifest.jsonl"",""migration/phase9/content-manifest.jsonl"",""migration/phase9/manual-review.csv"",""migration/phase9/source-inventory.jsonl""]","[""sourceFilename is deterministically redacted; authoritative filename evidence remains only in the Phase 9 manifest.""]","","","",""
"wix:asset:wix:activity:finuh:1b3933221bf237b1885c","document","attachment","activity","wix:activity:finuh","畢業歡送交接會","110","","migrate","migrated","activity-assets","activity-assets/<redacted>","activity-assets","wix:activity:finuh","947e4ca520bffaec0649bae8d06773a73e8093d11bbeb0c61389cf5d15aa4e7f","source-947e4ca520bf.pdf","application/pdf","77921","private-draft","requires-owner-review","[""migration/phase9/assets-manifest.jsonl"",""migration/phase9/content-manifest.jsonl"",""migration/phase9/manual-review.csv"",""migration/phase9/source-inventory.jsonl""]","[""Phase 9 warnings: private_draft_attachment_may_contain_personal_data"",""sourceFilename is deterministically redacted; authoritative filename evidence remains only in the Phase 9 manifest.""]","","","",""
"wix:asset:wix:activity:finuh:3b9d2a054e2517c7920f","document","attachment","activity","wix:activity:finuh","畢業歡送交接會","110","","migrate","migrated","activity-assets","activity-assets/<redacted>","activity-assets","wix:activity:finuh","e65e7a32359989a7eb43d354ea3dc9c01b74513e30fcf71451f14ae0347432ba","source-e65e7a323599.pdf","application/pdf","187925","private-draft","requires-owner-review","[""migration/phase9/assets-manifest.jsonl"",""migration/phase9/content-manifest.jsonl"",""migration/phase9/manual-review.csv"",""migration/phase9/source-inventory.jsonl""]","[""Phase 9 warnings: private_draft_attachment_may_contain_personal_data"",""sourceFilename is deterministically redacted; authoritative filename evidence remains only in the Phase 9 manifest.""]","","","",""
"wix:asset:wix:activity:finuh:67227882c48e18895dff","document","attachment","activity","wix:activity:finuh","畢業歡送交接會","110","","migrate","migrated","activity-assets","activity-assets/<redacted>","activity-assets","wix:activity:finuh","a41203781c9901926387f12710e69cd721e8921825b9cedae1d38e0788519fc5","source-a41203781c99.pdf","application/pdf","252233","private-draft","requires-owner-review","[""migration/phase9/assets-manifest.jsonl"",""migration/phase9/content-manifest.jsonl"",""migration/phase9/manual-review.csv"",""migration/phase9/source-inventory.jsonl""]","[""Phase 9 warnings: private_draft_attachment_may_contain_personal_data"",""sourceFilename is deterministically redacted; authoritative filename evidence remains only in the Phase 9 manifest.""]","","","",""
"wix:asset:wix:activity:finuh:8c394b1f878f446066a4","document","attachment","activity","wix:activity:finuh","畢業歡送交接會","110","","migrate","migrated","activity-assets","activity-assets/<redacted>","activity-assets","wix:activity:finuh","e0b72d8094968cfcd35d028439b54c918bff1e1871fd6a94bc27f3b9f4d6763a","source-e0b72d809496.pdf","application/pdf","218901","private-draft","requires-owner-review","[""migration/phase9/assets-manifest.jsonl"",""migration/phase9/content-manifest.jsonl"",""migration/phase9/manual-review.csv"",""migration/phase9/source-inventory.jsonl""]","[""Phase 9 warnings: private_draft_attachment_may_contain_personal_data"",""sourceFilename is deterministically redacted; authoritative filename evidence remains only in the Phase 9 manifest.""]","","","",""
"wix:asset:wix:activity:finuh:b944870f1cbe18cab479","document","attachment","activity","wix:activity:finuh","畢業歡送交接會","110","","migrate","migrated","activity-assets","activity-assets/<redacted>","activity-assets","wix:activity:finuh","f1a6c44af298c5ae1b1425f41c4947ebb32e7bffd0d1a368915e4760568abae1","source-f1a6c44af298.pdf","application/pdf","317110","private-draft","requires-owner-review","[""migration/phase9/assets-manifest.jsonl"",""migration/phase9/content-manifest.jsonl"",""migration/phase9/manual-review.csv"",""migration/phase9/source-inventory.jsonl""]","[""Phase 9 warnings: private_draft_attachment_may_contain_personal_data"",""sourceFilename is deterministically redacted; authoritative filename evidence remains only in the Phase 9 manifest.""]","","","",""
"wix:asset:wix:activity:finuh:e3eef8c39a4a86e82dd9","document","attachment","activity","wix:activity:finuh","畢業歡送交接會","110","","migrate","migrated","activity-assets","activity-assets/<redacted>","activity-assets","wix:activity:finuh","d7479745fc03f1d8632aa149495d3ba6b1b97ea5506279d4384320a1f6b801e5","source-d7479745fc03.pdf","application/pdf","222299","private-draft","requires-owner-review","[""migration/phase9/assets-manifest.jsonl"",""migration/phase9/content-manifest.jsonl"",""migration/phase9/manual-review.csv"",""migration/phase9/source-inventory.jsonl""]","[""Phase 9 warnings: private_draft_attachment_may_contain_personal_data"",""sourceFilename is deterministically redacted; authoritative filename evidence remains only in the Phase 9 manifest.""]","","","",""
"wix:asset:wix:activity:fl2ot:0cd07d62cd0d414bed3e","document","attachment","activity","wix:activity:fl2ot","登山博覽會112","112","","migrate","migrated","activity-assets","activity-assets/<redacted>","activity-assets","wix:activity:fl2ot","3de9ee92790836a1fef818273a73ed3c1d73ae6f7853a4a942e8b090e966e05f","source-3de9ee927908.pdf","application/pdf","98433","private-draft","requires-owner-review","[""migration/phase9/assets-manifest.jsonl"",""migration/phase9/content-manifest.jsonl"",""migration/phase9/manual-review.csv"",""migration/phase9/source-inventory.jsonl""]","[""Phase 9 warnings: private_draft_attachment_may_contain_personal_data"",""sourceFilename is deterministically redacted; authoritative filename evidence remains only in the Phase 9 manifest.""]","","","",""
"wix:asset:wix:activity:fl2ot:103adf52ee66479e415e","document","attachment","activity","wix:activity:fl2ot","登山博覽會112","112","","migrate","migrated","activity-assets","activity-assets/<redacted>","activity-assets","wix:activity:fl2ot","d7ffff86322f5dca4ffca41e60961d6c61eed4007755a4298ee0c3841b20f6c9","source-d7ffff86322f.pdf","application/pdf","1742795","private-draft","requires-owner-review","[""migration/phase9/assets-manifest.jsonl"",""migration/phase9/content-manifest.jsonl"",""migration/phase9/manual-review.csv"",""migration/phase9/source-inventory.jsonl""]","[""Phase 9 warnings: private_draft_attachment_may_contain_personal_data"",""sourceFilename is deterministically redacted; authoritative filename evidence remains only in the Phase 9 manifest.""]","","","",""
"wix:asset:wix:activity:fl2ot:32a9c2ed97f7c400fab7","document","attachment","activity","wix:activity:fl2ot","登山博覽會112","112","","migrate","migrated","activity-assets","activity-assets/<redacted>","activity-assets","wix:activity:fl2ot","74333a470b594bc1bea1130a98a728e67558818f8443f980e214bc9c63b2b108","source-74333a470b59.pdf","application/pdf","188860","private-draft","requires-owner-review","[""migration/phase9/assets-manifest.jsonl"",""migration/phase9/content-manifest.jsonl"",""migration/phase9/manual-review.csv"",""migration/phase9/source-inventory.jsonl""]","[""Phase 9 warnings: private_draft_attachment_may_contain_personal_data"",""sourceFilename is deterministically redacted; authoritative filename evidence remains only in the Phase 9 manifest.""]","","","",""
"wix:asset:wix:activity:fl2ot:371d413918f1726f8c35","document","attachment","activity","wix:activity:fl2ot","登山博覽會112","112","","migrate","migrated","activity-assets","activity-assets/<redacted>","activity-assets","wix:activity:fl2ot","514b340f48575ebb6d0458a604c3bc9fc2230c097508dd157850c934ce831ae6","source-514b340f4857.pdf","application/pdf","99824","private-draft","requires-owner-review","[""migration/phase9/assets-manifest.jsonl"",""migration/phase9/content-manifest.jsonl"",""migration/phase9/manual-review.csv"",""migration/phase9/source-inventory.jsonl""]","[""Phase 9 warnings: private_draft_attachment_may_contain_personal_data"",""sourceFilename is deterministically redacted; authoritative filename evidence remains only in the Phase 9 manifest.""]","","","",""
"wix:asset:wix:activity:fl2ot:39140d44e51085c445d2","document","attachment","activity","wix:activity:fl2ot","登山博覽會112","112","","migrate","migrated","activity-assets","activity-assets/<redacted>","activity-assets","wix:activity:fl2ot","f90b2b87c192ae477808a4fe2d4213e14b5944b3a9d96446c62ce37a478c74f2","source-f90b2b87c192.pdf","application/pdf","205355","private-draft","requires-owner-review","[""migration/phase9/assets-manifest.jsonl"",""migration/phase9/content-manifest.jsonl"",""migration/phase9/manual-review.csv"",""migration/phase9/source-inventory.jsonl""]","[""Phase 9 warnings: private_draft_attachment_may_contain_personal_data"",""sourceFilename is deterministically redacted; authoritative filename evidence remains only in the Phase 9 manifest.""]","","","",""
"wix:asset:wix:activity:fl2ot:492105ba64c894eac8bd","image","gallery","activity","wix:activity:fl2ot","登山博覽會112","112","","migrate","migrated","activity-assets","activity-assets/<redacted>","activity-assets","wix:activity:fl2ot","f8ccb0af9236892f3f8413e3a76ef743a4b33ca8ba2c0acb530a671c73975781","source-f8ccb0af9236.jpg","image/jpeg","414007","private-draft","requires-owner-review","[""migration/phase9/assets-manifest.jsonl"",""migration/phase9/content-manifest.jsonl"",""migration/phase9/manual-review.csv"",""migration/phase9/source-inventory.jsonl""]","[""sourceFilename is deterministically redacted; authoritative filename evidence remains only in the Phase 9 manifest.""]","","","",""
"wix:asset:wix:activity:fl2ot:5750bf660f17a654a8f2","image","cover","activity","wix:activity:fl2ot","登山博覽會112","112","","migrate","migrated","activity-assets","activity-assets/<redacted>","activity-assets","wix:activity:fl2ot","655f39bdb3dd80eeb95b9e05c5e3b374b929974858b31a2e54028907019d5e6c","source-655f39bdb3dd.jpg","image/jpeg","315171","private-draft","requires-owner-review","[""migration/phase9/assets-manifest.jsonl"",""migration/phase9/content-manifest.jsonl"",""migration/phase9/manual-review.csv"",""migration/phase9/source-inventory.jsonl""]","[""sourceFilename is deterministically redacted; authoritative filename evidence remains only in the Phase 9 manifest.""]","","","",""
"wix:asset:wix:activity:fl2ot:6513d38d2e891c7feafb","image","gallery","activity","wix:activity:fl2ot","登山博覽會112","112","","migrate","migrated","activity-assets","activity-assets/<redacted>","activity-assets","wix:activity:fl2ot","f99a98e0858ecd8ec3cf9d5f4f00427d34df1ddaa4edf50d5fc14cfc38a047d0","source-f99a98e0858e.jpg","image/jpeg","373212","private-draft","requires-owner-review","[""migration/phase9/assets-manifest.jsonl"",""migration/phase9/content-manifest.jsonl"",""migration/phase9/manual-review.csv"",""migration/phase9/source-inventory.jsonl""]","[""sourceFilename is deterministically redacted; authoritative filename evidence remains only in the Phase 9 manifest.""]","","","",""
"wix:asset:wix:activity:fl2ot:6b45cee4fe2663805bc7","document","attachment","activity","wix:activity:fl2ot","登山博覽會112","112","","migrate","migrated","activity-assets","activity-assets/<redacted>","activity-assets","wix:activity:fl2ot","72bf7a9d6fbd71d393ba8b4e92bcbb0d375741853c0a2c908641160c350dd2bc","source-72bf7a9d6fbd.pdf","application/pdf","104910","private-draft","requires-owner-review","[""migration/phase9/assets-manifest.jsonl"",""migration/phase9/content-manifest.jsonl"",""migration/phase9/manual-review.csv"",""migration/phase9/source-inventory.jsonl""]","[""Phase 9 warnings: private_draft_attachment_may_contain_personal_data"",""sourceFilename is deterministically redacted; authoritative filename evidence remains only in the Phase 9 manifest.""]","","","",""
"wix:asset:wix:activity:fl2ot:c0753035148641230eeb","document","attachment","activity","wix:activity:fl2ot","登山博覽會112","112","","migrate","migrated","activity-assets","activity-assets/<redacted>","activity-assets","wix:activity:fl2ot","95427bc780b135860278f3d5e446685dead5b03ea7d3ba0761e832feaac88fa8","source-95427bc780b1.pdf","application/pdf","130212","private-draft","requires-owner-review","[""migration/phase9/assets-manifest.jsonl"",""migration/phase9/content-manifest.jsonl"",""migration/phase9/manual-review.csv"",""migration/phase9/source-inventory.jsonl""]","[""Phase 9 warnings: private_draft_attachment_may_contain_personal_data"",""sourceFilename is deterministically redacted; authoritative filename evidence remains only in the Phase 9 manifest.""]","","","",""
"wix:asset:wix:activity:fpv52:08baa4ce8a18e9d728cf","image","gallery","activity","wix:activity:fpv52","期中社團出遊 111","113","","migrate","migrated","activity-assets","activity-assets/<redacted>","activity-assets","wix:activity:fpv52","9acc870bfcd1eec1d2b4c01161b97e4f7dd44efef8ffb4fa062c8818bb340187","source-9acc870bfcd1.png","image/png","8964","private-draft","requires-owner-review","[""migration/phase9/assets-manifest.jsonl"",""migration/phase9/content-manifest.jsonl"",""migration/phase9/manual-review.csv"",""migration/phase9/source-inventory.jsonl""]","[""sourceFilename is deterministically redacted; authoritative filename evidence remains only in the Phase 9 manifest.""]","","","",""
"wix:asset:wix:activity:fpv52:177e3b283ff9a051c54c","document","attachment","activity","wix:activity:fpv52","期中社團出遊 111","113","","migrate","migrated","activity-assets","activity-assets/<redacted>","activity-assets","wix:activity:fpv52","c15877a02582134ef38788917dcb3ff07d63db72bd3158d7568e3dea6b5029b6","source-c15877a02582.pdf","application/pdf","358760","private-draft","requires-owner-review","[""migration/phase9/assets-manifest.jsonl"",""migration/phase9/content-manifest.jsonl"",""migration/phase9/manual-review.csv"",""migration/phase9/source-inventory.jsonl""]","[""sourceFilename is deterministically redacted; authoritative filename evidence remains only in the Phase 9 manifest.""]","","","",""
"wix:asset:wix:activity:fpv52:63226155c9b2c8bb9317","image","cover","activity","wix:activity:fpv52","期中社團出遊 111","113","","migrate","migrated","activity-assets","activity-assets/<redacted>","activity-assets","wix:activity:fpv52","1b42da0115825e1a25f4c1a1bf51b6b1036dd7d95416c3fa78f8fa1d5f0e9d96","source-1b42da011582.jpg","image/jpeg","426114","private-draft","requires-owner-review","[""migration/phase9/assets-manifest.jsonl"",""migration/phase9/content-manifest.jsonl"",""migration/phase9/manual-review.csv"",""migration/phase9/source-inventory.jsonl""]","[""sourceFilename is deterministically redacted; authoritative filename evidence remains only in the Phase 9 manifest.""]","","","",""
"wix:asset:wix:activity:fpv52:7d270282964c470d494f","document","attachment","activity","wix:activity:fpv52","期中社團出遊 111","113","","migrate","migrated","activity-assets","activity-assets/<redacted>","activity-assets","wix:activity:fpv52","115b71094a407fd006e3331c87db3ff96e437d14382939be91178cd385d3231d","source-115b71094a40.pdf","application/pdf","306652","private-draft","requires-owner-review","[""migration/phase9/assets-manifest.jsonl"",""migration/phase9/content-manifest.jsonl"",""migration/phase9/manual-review.csv"",""migration/phase9/source-inventory.jsonl""]","[""sourceFilename is deterministically redacted; authoritative filename evidence remains only in the Phase 9 manifest.""]","","","",""
"wix:asset:wix:activity:fpv52:80815d056192a94f6997","image","gallery","activity","wix:activity:fpv52","期中社團出遊 111","113","","migrate","migrated","activity-assets","activity-assets/<redacted>","activity-assets","wix:activity:fpv52","6e5e7099a42cc64616a6095a7432669dd265e3e32cfd9a245ae9186d83cb34b7","source-6e5e7099a42c.jpg","image/jpeg","134879","private-draft","requires-owner-review","[""migration/phase9/assets-manifest.jsonl"",""migration/phase9/content-manifest.jsonl"",""migration/phase9/manual-review.csv"",""migration/phase9/source-inventory.jsonl""]","[""sourceFilename is deterministically redacted; authoritative filename evidence remains only in the Phase 9 manifest.""]","","","",""
"wix:asset:wix:activity:fu3bz:01a8639b17eb3a040609","document","attachment","activity","wix:activity:fu3bz","親子慈善園遊會112","112","","migrate","migrated","activity-assets","activity-assets/<redacted>","activity-assets","wix:activity:fu3bz","a2a5d226972c79a0bb60d5017a1b2f7f19f2b3b3652963dd10baa751f895eef1","source-a2a5d226972c.docx","application/vnd.openxmlformats-officedocument.wordprocessingml.document","11750","private-draft","requires-owner-review","[""migration/phase9/assets-manifest.jsonl"",""migration/phase9/content-manifest.jsonl"",""migration/phase9/manual-review.csv"",""migration/phase9/source-inventory.jsonl""]","[""Phase 9 warnings: private_draft_attachment_may_contain_personal_data"",""sourceFilename is deterministically redacted; authoritative filename evidence remains only in the Phase 9 manifest.""]","","","",""
"wix:asset:wix:activity:fu3bz:01be76cb980ec3a2ceb6","document","attachment","activity","wix:activity:fu3bz","親子慈善園遊會112","112","","migrate","migrated","activity-assets","activity-assets/<redacted>","activity-assets","wix:activity:fu3bz","70ab063e647542c6b10908fb8d0a5eb800c542f65bbb6f0bb1623456dabeaefc","source-70ab063e6475.docx","application/vnd.openxmlformats-officedocument.wordprocessingml.document","11709","private-draft","requires-owner-review","[""migration/phase9/assets-manifest.jsonl"",""migration/phase9/content-manifest.jsonl"",""migration/phase9/manual-review.csv"",""migration/phase9/source-inventory.jsonl""]","[""Phase 9 warnings: private_draft_attachment_may_contain_personal_data"",""sourceFilename is deterministically redacted; authoritative filename evidence remains only in the Phase 9 manifest.""]","","","",""
"wix:asset:wix:activity:fu3bz:1bdab048654ad2190235","document","attachment","activity","wix:activity:fu3bz","親子慈善園遊會112","112","","migrate","migrated","activity-assets","activity-assets/<redacted>","activity-assets","wix:activity:fu3bz","d736ceac5ec837a4780916192324ddb86a0e8f9092203a1aaea3e74d49a918b5","source-d736ceac5ec8.pdf","application/pdf","585193","private-draft","requires-owner-review","[""migration/phase9/assets-manifest.jsonl"",""migration/phase9/content-manifest.jsonl"",""migration/phase9/manual-review.csv"",""migration/phase9/source-inventory.jsonl""]","[""Phase 9 warnings: private_draft_attachment_may_contain_personal_data"",""sourceFilename is deterministically redacted; authoritative filename evidence remains only in the Phase 9 manifest.""]","","","",""
"wix:asset:wix:activity:fu3bz:1ed21ddd88831117b638","document","attachment","activity","wix:activity:fu3bz","親子慈善園遊會112","112","","migrate","migrated","activity-assets","activity-assets/<redacted>","activity-assets","wix:activity:fu3bz","6ec973f29bbd7cd0f95f7e02790b688d187beacdede377df8e458f8c5eca37b0","source-6ec973f29bbd.docx","application/vnd.openxmlformats-officedocument.wordprocessingml.document","11906","private-draft","requires-owner-review","[""migration/phase9/assets-manifest.jsonl"",""migration/phase9/content-manifest.jsonl"",""migration/phase9/manual-review.csv"",""migration/phase9/source-inventory.jsonl""]","[""Phase 9 warnings: private_draft_attachment_may_contain_personal_data"",""sourceFilename is deterministically redacted; authoritative filename evidence remains only in the Phase 9 manifest.""]","","","",""
"wix:asset:wix:activity:fu3bz:881fc91c4be62777a7d6","document","attachment","activity","wix:activity:fu3bz","親子慈善園遊會112","112","","migrate","migrated","activity-assets","activity-assets/<redacted>","activity-assets","wix:activity:fu3bz","6e8f6fcbd982a8d4923a7e5d9bfa592558fcfa52cfd6f631e1d14df68a0a00d2","source-6e8f6fcbd982.pdf","application/pdf","100144","private-draft","requires-owner-review","[""migration/phase9/assets-manifest.jsonl"",""migration/phase9/content-manifest.jsonl"",""migration/phase9/manual-review.csv"",""migration/phase9/source-inventory.jsonl""]","[""Phase 9 warnings: private_draft_attachment_may_contain_personal_data"",""sourceFilename is deterministically redacted; authoritative filename evidence remains only in the Phase 9 manifest.""]","","","",""
"wix:asset:wix:activity:fu3bz:88aba750e2b19d06851e","document","attachment","activity","wix:activity:fu3bz","親子慈善園遊會112","112","","migrate","migrated","activity-assets","activity-assets/<redacted>","activity-assets","wix:activity:fu3bz","0ea1d9e32e578966cc81b0e5ff889bc7e06150e5dd2d9ff954404b548c64b467","source-0ea1d9e32e57.pdf","application/pdf","216027","private-draft","requires-owner-review","[""migration/phase9/assets-manifest.jsonl"",""migration/phase9/content-manifest.jsonl"",""migration/phase9/manual-review.csv"",""migration/phase9/source-inventory.jsonl""]","[""Phase 9 warnings: private_draft_attachment_may_contain_personal_data"",""sourceFilename is deterministically redacted; authoritative filename evidence remains only in the Phase 9 manifest.""]","","","",""
"wix:asset:wix:activity:fu3bz:d8d9025ce2e3622c12a6","image","gallery","activity","wix:activity:fu3bz","親子慈善園遊會112","112","","migrate","migrated","activity-assets","activity-assets/<redacted>","activity-assets","wix:activity:fu3bz","73ea051f1b39c9ba84efd2c7416e8553215921b41b5c4af9367ba11cc7584e3f","source-73ea051f1b39.webp","image/webp","102955","private-draft","requires-owner-review","[""migration/phase9/assets-manifest.jsonl"",""migration/phase9/content-manifest.jsonl"",""migration/phase9/manual-review.csv"",""migration/phase9/source-inventory.jsonl""]","[""sourceFilename is deterministically redacted; authoritative filename evidence remains only in the Phase 9 manifest.""]","","","",""
"wix:asset:wix:activity:fu3bz:e30396c5848f86942a35","image","gallery","activity","wix:activity:fu3bz","親子慈善園遊會112","112","","migrate","migrated","activity-assets","activity-assets/<redacted>","activity-assets","wix:activity:fu3bz","90af703d72b5adadcfdd95e1f82615547e2dea35c23d1f2030b87962d39f03d7","source-90af703d72b5.webp","image/webp","141577","private-draft","requires-owner-review","[""migration/phase9/assets-manifest.jsonl"",""migration/phase9/content-manifest.jsonl"",""migration/phase9/manual-review.csv"",""migration/phase9/source-inventory.jsonl""]","[""sourceFilename is deterministically redacted; authoritative filename evidence remains only in the Phase 9 manifest.""]","","","",""
"wix:asset:wix:activity:fu3bz:ee1f506b847e8c4bc4cb","image","cover","activity","wix:activity:fu3bz","親子慈善園遊會112","112","","migrate","migrated","activity-assets","activity-assets/<redacted>","activity-assets","wix:activity:fu3bz","a5b33ea0908a32c095fe24e436f317b27bcd9ee32fcfeacd51d2dbe9afc24e9c","source-a5b33ea0908a.webp","image/webp","95351","private-draft","requires-owner-review","[""migration/phase9/assets-manifest.jsonl"",""migration/phase9/content-manifest.jsonl"",""migration/phase9/manual-review.csv"",""migration/phase9/source-inventory.jsonl""]","[""Same source object has 2 distinct Storage/owner assignments; each assignment is preserved."",""sourceFilename is deterministically redacted; authoritative filename evidence remains only in the Phase 9 manifest.""]","","","",""
"wix:asset:wix:activity:fuug2:2a03ff3ef3635847ad20","image","gallery","activity","wix:activity:fuug2","聖誕交換禮物","110","","migrate","migrated","activity-assets","activity-assets/<redacted>","activity-assets","wix:activity:fuug2","c3eb8ab662bb7005e3dcd9f184891ef00b53104f299674f8d01ad081d7b12dca","source-c3eb8ab662bb.jpg","image/jpeg","169755","private-draft","requires-owner-review","[""migration/phase9/assets-manifest.jsonl"",""migration/phase9/content-manifest.jsonl"",""migration/phase9/manual-review.csv"",""migration/phase9/source-inventory.jsonl""]","[""sourceFilename is deterministically redacted; authoritative filename evidence remains only in the Phase 9 manifest.""]","","","",""
"wix:asset:wix:activity:fuug2:4f11c51d0a142ecbefb7","document","attachment","activity","wix:activity:fuug2","聖誕交換禮物","110","","migrate","migrated","activity-assets","activity-assets/<redacted>","activity-assets","wix:activity:fuug2","1d9a6f6968cb062fda785979fc5703fdeb47cd06a2a0660cc74ae73c7540159a","source-1d9a6f6968cb.pdf","application/pdf","359313","private-draft","requires-owner-review","[""migration/phase9/assets-manifest.jsonl"",""migration/phase9/content-manifest.jsonl"",""migration/phase9/manual-review.csv"",""migration/phase9/source-inventory.jsonl""]","[""Phase 9 warnings: private_draft_attachment_may_contain_personal_data"",""sourceFilename is deterministically redacted; authoritative filename evidence remains only in the Phase 9 manifest.""]","","","",""
"wix:asset:wix:activity:fuug2:5429e3bbb4702d3eb4ae","document","attachment","activity","wix:activity:fuug2","聖誕交換禮物","110","","migrate","migrated","activity-assets","activity-assets/<redacted>","activity-assets","wix:activity:fuug2","f1165edc96e640a806bf9779d43a308fad351c00713f0ab988267bbba7a50f56","source-f1165edc96e6.pdf","application/pdf","63847","private-draft","requires-owner-review","[""migration/phase9/assets-manifest.jsonl"",""migration/phase9/content-manifest.jsonl"",""migration/phase9/manual-review.csv"",""migration/phase9/source-inventory.jsonl""]","[""Phase 9 warnings: private_draft_attachment_may_contain_personal_data"",""sourceFilename is deterministically redacted; authoritative filename evidence remains only in the Phase 9 manifest.""]","","","",""
"wix:asset:wix:activity:fuug2:59ef80c9f551263b3110","document","attachment","activity","wix:activity:fuug2","聖誕交換禮物","110","","migrate","migrated","activity-assets","activity-assets/<redacted>","activity-assets","wix:activity:fuug2","9a8b5cee9cf28fe94f97409e7b1b50d77a13aeff071aff6f93dfab2992aaceea","source-9a8b5cee9cf2.pdf","application/pdf","205101","private-draft","requires-owner-review","[""migration/phase9/assets-manifest.jsonl"",""migration/phase9/content-manifest.jsonl"",""migration/phase9/manual-review.csv"",""migration/phase9/source-inventory.jsonl""]","[""Phase 9 warnings: private_draft_attachment_may_contain_personal_data"",""sourceFilename is deterministically redacted; authoritative filename evidence remains only in the Phase 9 manifest.""]","","","",""
"wix:asset:wix:activity:fuug2:93561e8ba021f36b0e23","image","gallery","activity","wix:activity:fuug2","聖誕交換禮物","110","","migrate","migrated","activity-assets","activity-assets/<redacted>","activity-assets","wix:activity:fuug2","720595e897de74f869b184c9b8f6101f26857ca89b932ca7aa308d8d452bf5b5","source-720595e897de.jpg","image/jpeg","174625","private-draft","requires-owner-review","[""migration/phase9/assets-manifest.jsonl"",""migration/phase9/content-manifest.jsonl"",""migration/phase9/manual-review.csv"",""migration/phase9/source-inventory.jsonl""]","[""sourceFilename is deterministically redacted; authoritative filename evidence remains only in the Phase 9 manifest.""]","","","",""
"wix:asset:wix:activity:fuug2:bf2cf40ee4fbbdca1951","document","attachment","activity","wix:activity:fuug2","聖誕交換禮物","110","","migrate","migrated","activity-assets","activity-assets/<redacted>","activity-assets","wix:activity:fuug2","399a986e752769906789aabdc5e3de323ebce4cc5ae7f0e21e902537f8bbe4fe","source-399a986e7527.pdf","application/pdf","241832","private-draft","requires-owner-review","[""migration/phase9/assets-manifest.jsonl"",""migration/phase9/content-manifest.jsonl"",""migration/phase9/manual-review.csv"",""migration/phase9/source-inventory.jsonl""]","[""Phase 9 warnings: private_draft_attachment_may_contain_personal_data"",""sourceFilename is deterministically redacted; authoritative filename evidence remains only in the Phase 9 manifest.""]","","","",""
"wix:asset:wix:activity:fuug2:efb84ab5982115086645","image","cover","activity","wix:activity:fuug2","聖誕交換禮物","110","","migrate","migrated","activity-assets","activity-assets/<redacted>","activity-assets","wix:activity:fuug2","b2795bcc14e07aa3a302d004c14746a84841aaacf3ca51ded1ed5f6e8c245abd","source-b2795bcc14e0.jpg","image/jpeg","326272","private-draft","requires-owner-review","[""migration/phase9/assets-manifest.jsonl"",""migration/phase9/content-manifest.jsonl"",""migration/phase9/manual-review.csv"",""migration/phase9/source-inventory.jsonl""]","[""sourceFilename is deterministically redacted; authoritative filename evidence remains only in the Phase 9 manifest.""]","","","",""
"wix:asset:wix:activity:fuug2:f8f0bb185f51aa4a7333","document","attachment","activity","wix:activity:fuug2","聖誕交換禮物","110","","migrate","migrated","activity-assets","activity-assets/<redacted>","activity-assets","wix:activity:fuug2","5d128df30391bf27232f6a284eb9f6ffd832d152750c30e86cf985cb4c28c538","source-5d128df30391.pdf","application/pdf","193562","private-draft","requires-owner-review","[""migration/phase9/assets-manifest.jsonl"",""migration/phase9/content-manifest.jsonl"",""migration/phase9/manual-review.csv"",""migration/phase9/source-inventory.jsonl""]","[""Phase 9 warnings: private_draft_attachment_may_contain_personal_data"",""sourceFilename is deterministically redacted; authoritative filename evidence remains only in the Phase 9 manifest.""]","","","",""
"wix:asset:wix:activity:fuug2:ff6d76d6ebcff6103f41","document","attachment","activity","wix:activity:fuug2","聖誕交換禮物","110","","migrate","migrated","activity-assets","activity-assets/<redacted>","activity-assets","wix:activity:fuug2","7f7606cfaecd49e6dc01a4940a285d2f04f9d373c3e0a510c6a976e7e11a21d2","source-7f7606cfaecd.pdf","application/pdf","186923","private-draft","requires-owner-review","[""migration/phase9/assets-manifest.jsonl"",""migration/phase9/content-manifest.jsonl"",""migration/phase9/manual-review.csv"",""migration/phase9/source-inventory.jsonl""]","[""Phase 9 warnings: private_draft_attachment_may_contain_personal_data"",""sourceFilename is deterministically redacted; authoritative filename evidence remains only in the Phase 9 manifest.""]","","","",""
"wix:asset:wix:activity:fxl97:107161829e0f70540153","document","attachment","activity","wix:activity:fxl97","暑期啟發營隊-醫學奇觀","113","","migrate","migrated","activity-assets","activity-assets/<redacted>","activity-assets","wix:activity:fxl97","4eecb5bbfb5678d40e6e18f011af595702db448159e97827cbdbf0ca6e08836d","source-4eecb5bbfb56.pdf","application/pdf","234090","private-draft","requires-owner-review","[""migration/phase9/assets-manifest.jsonl"",""migration/phase9/content-manifest.jsonl"",""migration/phase9/manual-review.csv"",""migration/phase9/source-inventory.jsonl""]","[""Phase 9 warnings: private_draft_attachment_may_contain_personal_data"",""sourceFilename is deterministically redacted; authoritative filename evidence remains only in the Phase 9 manifest.""]","","","",""
"wix:asset:wix:activity:fxl97:7b70706f7ee20c7e4aaa","document","attachment","activity","wix:activity:fxl97","暑期啟發營隊-醫學奇觀","113","","migrate","migrated","activity-assets","activity-assets/<redacted>","activity-assets","wix:activity:fxl97","bbde26e74d36183ed839a39aac82f52b84bd776310abeb1cc5f69ff7c9e9441e","source-bbde26e74d36.pdf","application/pdf","253328","private-draft","requires-owner-review","[""migration/phase9/assets-manifest.jsonl"",""migration/phase9/content-manifest.jsonl"",""migration/phase9/manual-review.csv"",""migration/phase9/source-inventory.jsonl""]","[""Phase 9 warnings: private_draft_attachment_may_contain_personal_data"",""Same source object has 2 distinct Storage/owner assignments; each assignment is preserved."",""sourceFilename is deterministically redacted; authoritative filename evidence remains only in the Phase 9 manifest.""]","","","",""
"wix:asset:wix:activity:fxl97:8930f65650d2b4c6b1d4","image","gallery","activity","wix:activity:fxl97","暑期啟發營隊-醫學奇觀","113","","migrate","migrated","activity-assets","activity-assets/<redacted>","activity-assets","wix:activity:fxl97","11f9745e9a11ecf0b2d14c0c9fe3d2c9df84bb175c30f5329251d5a452608723","source-11f9745e9a11.jpg","image/jpeg","325982","private-draft","requires-owner-review","[""migration/phase9/assets-manifest.jsonl"",""migration/phase9/content-manifest.jsonl"",""migration/phase9/manual-review.csv"",""migration/phase9/source-inventory.jsonl""]","[""sourceFilename is deterministically redacted; authoritative filename evidence remains only in the Phase 9 manifest.""]","","","",""
"wix:asset:wix:activity:fxl97:c4a13db85c54498e6db3","document","attachment","activity","wix:activity:fxl97","暑期啟發營隊-醫學奇觀","113","","migrate","migrated","activity-assets","activity-assets/<redacted>","activity-assets","wix:activity:fxl97","3080b2f1b77a620b772b4eb825052067e29d87f7e55c2f6c9f81141cb13b545a","source-3080b2f1b77a.pdf","application/pdf","193394","private-draft","requires-owner-review","[""migration/phase9/assets-manifest.jsonl"",""migration/phase9/content-manifest.jsonl"",""migration/phase9/manual-review.csv"",""migration/phase9/source-inventory.jsonl""]","[""Phase 9 warnings: private_draft_attachment_may_contain_personal_data"",""sourceFilename is deterministically redacted; authoritative filename evidence remains only in the Phase 9 manifest.""]","","","",""
"wix:asset:wix:activity:fxl97:ca6ddb326ce919e50b00","image","gallery","activity","wix:activity:fxl97","暑期啟發營隊-醫學奇觀","113","","migrate","migrated","activity-assets","activity-assets/<redacted>","activity-assets","wix:activity:fxl97","61360fec7373f69ff7d285646f0ba0c7cc49d34d228d29cbf6ee6f6019cd6d38","source-61360fec7373.jpg","image/jpeg","325096","private-draft","requires-owner-review","[""migration/phase9/assets-manifest.jsonl"",""migration/phase9/content-manifest.jsonl"",""migration/phase9/manual-review.csv"",""migration/phase9/source-inventory.jsonl""]","[""sourceFilename is deterministically redacted; authoritative filename evidence remains only in the Phase 9 manifest.""]","","","",""
"wix:asset:wix:activity:fxl97:d16b9e919d52c3483b11","document","attachment","activity","wix:activity:fxl97","暑期啟發營隊-醫學奇觀","113","","migrate","migrated","activity-assets","activity-assets/<redacted>","activity-assets","wix:activity:fxl97","d25dd715740fd0a124303cadd2eac5b90915a3c81daa62bb2d4a1481e1d46e39","source-d25dd715740f.docx","application/vnd.openxmlformats-officedocument.wordprocessingml.document","14640","private-draft","requires-owner-review","[""migration/phase9/assets-manifest.jsonl"",""migration/phase9/content-manifest.jsonl"",""migration/phase9/manual-review.csv"",""migration/phase9/source-inventory.jsonl""]","[""Phase 9 warnings: private_draft_attachment_may_contain_personal_data"",""sourceFilename is deterministically redacted; authoritative filename evidence remains only in the Phase 9 manifest.""]","","","",""
"wix:asset:wix:activity:fxl97:d79913726af2b9b15243","image","cover","activity","wix:activity:fxl97","暑期啟發營隊-醫學奇觀","113","","migrate","migrated","activity-assets","activity-assets/<redacted>","activity-assets","wix:activity:fxl97","1ec0b781720c83d58956c36810f472acbda48a2ce11800a86e23505514f1e4e7","source-1ec0b781720c.jpg","image/jpeg","410088","private-draft","requires-owner-review","[""migration/phase9/assets-manifest.jsonl"",""migration/phase9/content-manifest.jsonl"",""migration/phase9/manual-review.csv"",""migration/phase9/source-inventory.jsonl""]","[""sourceFilename is deterministically redacted; authoritative filename evidence remains only in the Phase 9 manifest.""]","","","",""
"wix:asset:wix:activity:fxl97:e3a82ed803b47793565d","document","attachment","activity","wix:activity:fxl97","暑期啟發營隊-醫學奇觀","113","","migrate","migrated","activity-assets","activity-assets/<redacted>","activity-assets","wix:activity:fxl97","101680b6c679c9c13e4ae9e2a10636ab0b4aaf5ce8aca895db14a401fdd6108d","source-101680b6c679.pdf","application/pdf","130943","private-draft","requires-owner-review","[""migration/phase9/assets-manifest.jsonl"",""migration/phase9/content-manifest.jsonl"",""migration/phase9/manual-review.csv"",""migration/phase9/source-inventory.jsonl""]","[""Phase 9 warnings: private_draft_attachment_may_contain_personal_data"",""sourceFilename is deterministically redacted; authoritative filename evidence remains only in the Phase 9 manifest.""]","","","",""
"wix:asset:wix:activity:g23od:2326380a906c51f8c0dc","document","attachment","activity","wix:activity:g23od","兒童棒球營112","112","","migrate","migrated","activity-assets","activity-assets/<redacted>","activity-assets","wix:activity:g23od","8af9f39934e55e79ebdcf599bb7670a85a56474525f8b713b3450407e24214ec","source-8af9f39934e5.pdf","application/pdf","203921","private-draft","requires-owner-review","[""migration/phase9/assets-manifest.jsonl"",""migration/phase9/content-manifest.jsonl"",""migration/phase9/manual-review.csv"",""migration/phase9/source-inventory.jsonl""]","[""Phase 9 warnings: private_draft_attachment_may_contain_personal_data"",""sourceFilename is deterministically redacted; authoritative filename evidence remains only in the Phase 9 manifest.""]","","","",""
"wix:asset:wix:activity:g23od:58eaadecafb97951e077","document","attachment","activity","wix:activity:g23od","兒童棒球營112","112","","migrate","migrated","activity-assets","activity-assets/<redacted>","activity-assets","wix:activity:g23od","9dcceba2e49676ca490594411dc5f12f369e89a9fb4cdc86b9b3e543814bdec2","source-9dcceba2e496.pdf","application/pdf","184601","private-draft","requires-owner-review","[""migration/phase9/assets-manifest.jsonl"",""migration/phase9/content-manifest.jsonl"",""migration/phase9/manual-review.csv"",""migration/phase9/source-inventory.jsonl""]","[""Phase 9 warnings: private_draft_attachment_may_contain_personal_data"",""sourceFilename is deterministically redacted; authoritative filename evidence remains only in the Phase 9 manifest.""]","","","",""
"wix:asset:wix:activity:g23od:62e51349013fa3c74968","image","gallery","activity","wix:activity:g23od","兒童棒球營112","112","","migrate","migrated","activity-assets","activity-assets/<redacted>","activity-assets","wix:activity:g23od","12ea46d732d3f43db02e536ce06124d6cc7343a50a79493b88d9caa20a0c05a7","source-12ea46d732d3.png","image/png","5332","private-draft","requires-owner-review","[""migration/phase9/assets-manifest.jsonl"",""migration/phase9/content-manifest.jsonl"",""migration/phase9/manual-review.csv"",""migration/phase9/source-inventory.jsonl""]","[""sourceFilename is deterministically redacted; authoritative filename evidence remains only in the Phase 9 manifest.""]","","","",""
"wix:asset:wix:activity:g23od:6aec3a9c723d91a98c69","document","attachment","activity","wix:activity:g23od","兒童棒球營112","112","","migrate","migrated","activity-assets","activity-assets/<redacted>","activity-assets","wix:activity:g23od","bba3738161836523903081dbfc80ee4927f8349826a2992f9bb0cd551f3a89b3","source-bba373816183.docx","application/vnd.openxmlformats-officedocument.wordprocessingml.document","11719","private-draft","requires-owner-review","[""migration/phase9/assets-manifest.jsonl"",""migration/phase9/content-manifest.jsonl"",""migration/phase9/manual-review.csv"",""migration/phase9/source-inventory.jsonl""]","[""Phase 9 warnings: private_draft_attachment_may_contain_personal_data"",""sourceFilename is deterministically redacted; authoritative filename evidence remains only in the Phase 9 manifest.""]","","","",""
"wix:asset:wix:activity:g23od:7f43c555ae523efdec56","document","attachment","activity","wix:activity:g23od","兒童棒球營112","112","","migrate","migrated","activity-assets","activity-assets/<redacted>","activity-assets","wix:activity:g23od","95bc8d10efb2d9e612c254ab67e4e35b90f03254b267079b1b647a3778239dcd","source-95bc8d10efb2.docx","application/vnd.openxmlformats-officedocument.wordprocessingml.document","11740","private-draft","requires-owner-review","[""migration/phase9/assets-manifest.jsonl"",""migration/phase9/content-manifest.jsonl"",""migration/phase9/manual-review.csv"",""migration/phase9/source-inventory.jsonl""]","[""Phase 9 warnings: private_draft_attachment_may_contain_personal_data"",""sourceFilename is deterministically redacted; authoritative filename evidence remains only in the Phase 9 manifest.""]","","","",""
"wix:asset:wix:activity:g23od:89e8412efdcfbad11dd6","document","attachment","activity","wix:activity:g23od","兒童棒球營112","112","","migrate","migrated","activity-assets","activity-assets/<redacted>","activity-assets","wix:activity:g23od","5352eae941e3702e47b7b039a2b07b976ba1f5c4721c997694e4757152314051","source-5352eae941e3.pdf","application/pdf","100146","private-draft","requires-owner-review","[""migration/phase9/assets-manifest.jsonl"",""migration/phase9/content-manifest.jsonl"",""migration/phase9/manual-review.csv"",""migration/phase9/source-inventory.jsonl""]","[""Phase 9 warnings: private_draft_attachment_may_contain_personal_data"",""sourceFilename is deterministically redacted; authoritative filename evidence remains only in the Phase 9 manifest.""]","","","",""
"wix:asset:wix:activity:g23od:904303a523984a8d9375","image","gallery","activity","wix:activity:g23od","兒童棒球營112","112","","migrate","migrated","activity-assets","activity-assets/<redacted>","activity-assets","wix:activity:g23od","74cd0cc008db85d017b6de48f400be24f8a6ce6b3319010ed90ceb220a1b773b","source-74cd0cc008db.png","image/png","5262","private-draft","requires-owner-review","[""migration/phase9/assets-manifest.jsonl"",""migration/phase9/content-manifest.jsonl"",""migration/phase9/manual-review.csv"",""migration/phase9/source-inventory.jsonl""]","[""sourceFilename is deterministically redacted; authoritative filename evidence remains only in the Phase 9 manifest.""]","","","",""
"wix:asset:wix:activity:g23od:9283de455741bef99da5","document","attachment","activity","wix:activity:g23od","兒童棒球營112","112","","migrate","migrated","activity-assets","activity-assets/<redacted>","activity-assets","wix:activity:g23od","b72608c24b1745c328b5a96b56b0e5b5c90613b404f941f5a77d5b27b5644e18","source-b72608c24b17.pdf","application/pdf","275234","private-draft","requires-owner-review","[""migration/phase9/assets-manifest.jsonl"",""migration/phase9/content-manifest.jsonl"",""migration/phase9/manual-review.csv"",""migration/phase9/source-inventory.jsonl""]","[""Phase 9 warnings: private_draft_attachment_may_contain_personal_data"",""sourceFilename is deterministically redacted; authoritative filename evidence remains only in the Phase 9 manifest.""]","","","",""
"wix:asset:wix:activity:g23od:bae240f3cd644ba63bb6","image","cover","activity","wix:activity:g23od","兒童棒球營112","112","","migrate","migrated","activity-assets","activity-assets/<redacted>","activity-assets","wix:activity:g23od","8bd39fde2beb9478e53ace997f538c601e8debb6da5bdd9ddb73992610ffaf07","source-8bd39fde2beb.png","image/png","5274","private-draft","requires-owner-review","[""migration/phase9/assets-manifest.jsonl"",""migration/phase9/content-manifest.jsonl"",""migration/phase9/manual-review.csv"",""migration/phase9/source-inventory.jsonl""]","[""sourceFilename is deterministically redacted; authoritative filename evidence remains only in the Phase 9 manifest.""]","","","",""
"wix:asset:wix:activity:gqhoh:16b0417638e8197eaecd","image","gallery","activity","wix:activity:gqhoh","小勇士自然探險之旅","113","","migrate","migrated","activity-assets","activity-assets/<redacted>","activity-assets","wix:activity:gqhoh","e9e0923de4b51f86b796678a5b79b57d012ef0454737ef58671a994b832e1ac7","source-e9e0923de4b5.png","image/png","1039265","private-draft","requires-owner-review","[""migration/phase9/assets-manifest.jsonl"",""migration/phase9/content-manifest.jsonl"",""migration/phase9/manual-review.csv"",""migration/phase9/source-inventory.jsonl""]","[""sourceFilename is deterministically redacted; authoritative filename evidence remains only in the Phase 9 manifest.""]","","","",""
"wix:asset:wix:activity:gqhoh:29808f1614fde8b34f39","document","attachment","activity","wix:activity:gqhoh","小勇士自然探險之旅","113","","migrate","migrated","activity-assets","activity-assets/<redacted>","activity-assets","wix:activity:gqhoh","dd48675a96c676c9e40da002e918467e4ed1729b98721bbd3ce6b74126d4481a","source-dd48675a96c6.pdf","application/pdf","127666","private-draft","requires-owner-review","[""migration/phase9/assets-manifest.jsonl"",""migration/phase9/content-manifest.jsonl"",""migration/phase9/manual-review.csv"",""migration/phase9/source-inventory.jsonl""]","[""Phase 9 warnings: private_draft_attachment_may_contain_personal_data"",""sourceFilename is deterministically redacted; authoritative filename evidence remains only in the Phase 9 manifest.""]","","","",""
"wix:asset:wix:activity:gqhoh:79cd692ea49d6985e755","document","attachment","activity","wix:activity:gqhoh","小勇士自然探險之旅","113","","migrate","migrated","activity-assets","activity-assets/<redacted>","activity-assets","wix:activity:gqhoh","8f986c956a37801b1970745182a9512d6f0de3b705cafa0753a0a1747815a5f0","source-8f986c956a37.pdf","application/pdf","61847","private-draft","requires-owner-review","[""migration/phase9/assets-manifest.jsonl"",""migration/phase9/content-manifest.jsonl"",""migration/phase9/manual-review.csv"",""migration/phase9/source-inventory.jsonl""]","[""Phase 9 warnings: private_draft_attachment_may_contain_personal_data"",""sourceFilename is deterministically redacted; authoritative filename evidence remains only in the Phase 9 manifest.""]","","","",""
"wix:asset:wix:activity:gqhoh:82341c3bb315ccfc3782","document","attachment","activity","wix:activity:gqhoh","小勇士自然探險之旅","113","","migrate","migrated","activity-assets","activity-assets/<redacted>","activity-assets","wix:activity:gqhoh","7134be5a044275560e07b450e009ac80f6356f527902e5d31ec6ff2f8eb4c125","source-7134be5a0442.pdf","application/pdf","193176","private-draft","requires-owner-review","[""migration/phase9/assets-manifest.jsonl"",""migration/phase9/content-manifest.jsonl"",""migration/phase9/manual-review.csv"",""migration/phase9/source-inventory.jsonl""]","[""Phase 9 warnings: private_draft_attachment_may_contain_personal_data"",""sourceFilename is deterministically redacted; authoritative filename evidence remains only in the Phase 9 manifest.""]","","","",""
"wix:asset:wix:activity:gqhoh:87478b859ec47c2365d0","document","attachment","activity","wix:activity:gqhoh","小勇士自然探險之旅","113","","migrate","migrated","activity-assets","activity-assets/<redacted>","activity-assets","wix:activity:gqhoh","a44afe37acaa45fc43c1a60ca17f18c8d6026f929d833189d39fd6f165efc239","source-a44afe37acaa.pdf","application/pdf","189815","private-draft","requires-owner-review","[""migration/phase9/assets-manifest.jsonl"",""migration/phase9/content-manifest.jsonl"",""migration/phase9/manual-review.csv"",""migration/phase9/source-inventory.jsonl""]","[""Phase 9 warnings: private_draft_attachment_may_contain_personal_data"",""sourceFilename is deterministically redacted; authoritative filename evidence remains only in the Phase 9 manifest.""]","","","",""
"wix:asset:wix:activity:gqhoh:b5a079a1315f32891d2e","image","cover","activity","wix:activity:gqhoh","小勇士自然探險之旅","113","","migrate","migrated","activity-assets","activity-assets/<redacted>","activity-assets","wix:activity:gqhoh","e30d91054ca46c73ed0c2594eaa9513ac01ee0c36d1c8585177e032b4d69250a","source-e30d91054ca4.png","image/png","1174818","private-draft","requires-owner-review","[""migration/phase9/assets-manifest.jsonl"",""migration/phase9/content-manifest.jsonl"",""migration/phase9/manual-review.csv"",""migration/phase9/source-inventory.jsonl""]","[""sourceFilename is deterministically redacted; authoritative filename evidence remains only in the Phase 9 manifest.""]","","","",""
"wix:asset:wix:activity:gqhoh:b6e30ac0d92619ab25c1","document","attachment","activity","wix:activity:gqhoh","小勇士自然探險之旅","113","","migrate","migrated","activity-assets","activity-assets/<redacted>","activity-assets","wix:activity:gqhoh","c50b8ef0730a58b30017974318171c68768a0147853c05aa0db3198730bdd38b","source-c50b8ef0730a.pdf","application/pdf","220212","private-draft","requires-owner-review","[""migration/phase9/assets-manifest.jsonl"",""migration/phase9/content-manifest.jsonl"",""migration/phase9/manual-review.csv"",""migration/phase9/source-inventory.jsonl""]","[""Phase 9 warnings: private_draft_attachment_may_contain_personal_data"",""sourceFilename is deterministically redacted; authoritative filename evidence remains only in the Phase 9 manifest.""]","","","",""
"wix:asset:wix:activity:gqhoh:c24f567fdcea511e7080","image","gallery","activity","wix:activity:gqhoh","小勇士自然探險之旅","113","","migrate","migrated","activity-assets","activity-assets/<redacted>","activity-assets","wix:activity:gqhoh","808e32b27c0f9437af98e9276c47368d5278e678c0ea991dfedb56db8c9fa894","source-808e32b27c0f.png","image/png","991349","private-draft","requires-owner-review","[""migration/phase9/assets-manifest.jsonl"",""migration/phase9/content-manifest.jsonl"",""migration/phase9/manual-review.csv"",""migration/phase9/source-inventory.jsonl""]","[""sourceFilename is deterministically redacted; authoritative filename evidence remains only in the Phase 9 manifest.""]","","","",""
"wix:asset:wix:activity:io4hd:010338d6cac1441679d1","document","attachment","activity","wix:activity:io4hd","端午包粽大會","110","","migrate","migrated","activity-assets","activity-assets/<redacted>","activity-assets","wix:activity:io4hd","612e7f9e2003205515d44c7fbf160f0ad4c612ddfbcd6a6bc2a22f1d5d6327ac","source-612e7f9e2003.pdf","application/pdf","196512","private-draft","requires-owner-review","[""migration/phase9/assets-manifest.jsonl"",""migration/phase9/content-manifest.jsonl"",""migration/phase9/manual-review.csv"",""migration/phase9/source-inventory.jsonl""]","[""Phase 9 warnings: private_draft_attachment_may_contain_personal_data"",""sourceFilename is deterministically redacted; authoritative filename evidence remains only in the Phase 9 manifest.""]","","","",""
"wix:asset:wix:activity:io4hd:0e803d104b74c2afae63","document","attachment","activity","wix:activity:io4hd","端午包粽大會","110","","migrate","migrated","activity-assets","activity-assets/<redacted>","activity-assets","wix:activity:io4hd","b12fd431741c5e7dcf731b8fba2a6ed61b447f08f5477a38f4b66fdd382e4514","source-b12fd431741c.pdf","application/pdf","326642","private-draft","requires-owner-review","[""migration/phase9/assets-manifest.jsonl"",""migration/phase9/content-manifest.jsonl"",""migration/phase9/manual-review.csv"",""migration/phase9/source-inventory.jsonl""]","[""Phase 9 warnings: private_draft_attachment_may_contain_personal_data"",""sourceFilename is deterministically redacted; authoritative filename evidence remains only in the Phase 9 manifest.""]","","","",""
"wix:asset:wix:activity:io4hd:1031ebe2848eaf16088b","document","attachment","activity","wix:activity:io4hd","端午包粽大會","110","","migrate","migrated","activity-assets","activity-assets/<redacted>","activity-assets","wix:activity:io4hd","f8e8f3c43a542027f6718d1e64c4f19cb3198f5c7bfa1ca0fedf692d8c154d56","source-f8e8f3c43a54.pdf","application/pdf","184831","private-draft","requires-owner-review","[""migration/phase9/assets-manifest.jsonl"",""migration/phase9/content-manifest.jsonl"",""migration/phase9/manual-review.csv"",""migration/phase9/source-inventory.jsonl""]","[""Phase 9 warnings: private_draft_attachment_may_contain_personal_data"",""sourceFilename is deterministically redacted; authoritative filename evidence remains only in the Phase 9 manifest.""]","","","",""
"wix:asset:wix:activity:io4hd:4d82e1ee7b9c6f2eecad","document","attachment","activity","wix:activity:io4hd","端午包粽大會","110","","migrate","migrated","activity-assets","activity-assets/<redacted>","activity-assets","wix:activity:io4hd","f50f99e8e18e2f1e4ebd0709af4d3ce0201751a58a428d0b58487248159763b1","source-f50f99e8e18e.pdf","application/pdf","59399","private-draft","requires-owner-review","[""migration/phase9/assets-manifest.jsonl"",""migration/phase9/content-manifest.jsonl"",""migration/phase9/manual-review.csv"",""migration/phase9/source-inventory.jsonl""]","[""Phase 9 warnings: private_draft_attachment_may_contain_personal_data"",""sourceFilename is deterministically redacted; authoritative filename evidence remains only in the Phase 9 manifest.""]","","","",""
"wix:asset:wix:activity:io4hd:9dd6d82f6a758ed90b60","image","gallery","activity","wix:activity:io4hd","端午包粽大會","110","","migrate","migrated","activity-assets","activity-assets/<redacted>","activity-assets","wix:activity:io4hd","7b675e1acdbeb8ee0156fa9c8138ecff9caefa085dd99922dc3b73b7f0563aeb","source-7b675e1acdbe.jpg","image/jpeg","135781","private-draft","requires-owner-review","[""migration/phase9/assets-manifest.jsonl"",""migration/phase9/content-manifest.jsonl"",""migration/phase9/manual-review.csv"",""migration/phase9/source-inventory.jsonl""]","[""sourceFilename is deterministically redacted; authoritative filename evidence remains only in the Phase 9 manifest.""]","","","",""
"wix:asset:wix:activity:io4hd:aefbb5527a4503b04f3b","image","cover","activity","wix:activity:io4hd","端午包粽大會","110","","migrate","migrated","activity-assets","activity-assets/<redacted>","activity-assets","wix:activity:io4hd","faae51eedcec05f376a53677d4e81bd531935e894cbf0fbf25c550532d18968e","source-faae51eedcec.jpg","image/jpeg","88343","private-draft","requires-owner-review","[""migration/phase9/assets-manifest.jsonl"",""migration/phase9/content-manifest.jsonl"",""migration/phase9/manual-review.csv"",""migration/phase9/source-inventory.jsonl""]","[""sourceFilename is deterministically redacted; authoritative filename evidence remains only in the Phase 9 manifest.""]","","","",""
"wix:asset:wix:activity:io4hd:de2a7f10b3a21893a189","document","attachment","activity","wix:activity:io4hd","端午包粽大會","110","","migrate","migrated","activity-assets","activity-assets/<redacted>","activity-assets","wix:activity:io4hd","bff74772e11975aadd1cf57f54c2bcc013bc6d1cf1c1644f7f72d8346269a3d8","source-bff74772e119.pdf","application/pdf","253342","private-draft","requires-owner-review","[""migration/phase9/assets-manifest.jsonl"",""migration/phase9/content-manifest.jsonl"",""migration/phase9/manual-review.csv"",""migration/phase9/source-inventory.jsonl""]","[""Phase 9 warnings: private_draft_attachment_may_contain_personal_data"",""sourceFilename is deterministically redacted; authoritative filename evidence remains only in the Phase 9 manifest.""]","","","",""
"wix:asset:wix:activity:io4hd:eaa02ddce646422124f5","image","gallery","activity","wix:activity:io4hd","端午包粽大會","110","","migrate","migrated","activity-assets","activity-assets/<redacted>","activity-assets","wix:activity:io4hd","198af2a344ce089b02a5138ac35004de7b7e746b6f6c71774af52ef68dcc360b","source-198af2a344ce.jpg","image/jpeg","117375","private-draft","requires-owner-review","[""migration/phase9/assets-manifest.jsonl"",""migration/phase9/content-manifest.jsonl"",""migration/phase9/manual-review.csv"",""migration/phase9/source-inventory.jsonl""]","[""sourceFilename is deterministically redacted; authoritative filename evidence remains only in the Phase 9 manifest.""]","","","",""
"wix:asset:wix:activity:io4hd:f98a4d71f5ec0796609a","document","attachment","activity","wix:activity:io4hd","端午包粽大會","110","","migrate","migrated","activity-assets","activity-assets/<redacted>","activity-assets","wix:activity:io4hd","5b319e02fe54902f634bc042b0b90e71e4d00d09a0cbf8b53ee7026ecc77c530","source-5b319e02fe54.pdf","application/pdf","201764","private-draft","requires-owner-review","[""migration/phase9/assets-manifest.jsonl"",""migration/phase9/content-manifest.jsonl"",""migration/phase9/manual-review.csv"",""migration/phase9/source-inventory.jsonl""]","[""Phase 9 warnings: private_draft_attachment_may_contain_personal_data"",""sourceFilename is deterministically redacted; authoritative filename evidence remains only in the Phase 9 manifest.""]","","","",""
"wix:asset:wix:activity:j881c:0e01ce592fb42793e0fe","document","attachment","activity","wix:activity:j881c","我的未來我作主系列講座-升學篇","113","","migrate","migrated","activity-assets","activity-assets/<redacted>","activity-assets","wix:activity:j881c","80e09a797cd0164f368cea735438aacaf87157e01683be09aa0a6a14a3ab373c","source-80e09a797cd0.pdf","application/pdf","61533","private-draft","requires-owner-review","[""migration/phase9/assets-manifest.jsonl"",""migration/phase9/content-manifest.jsonl"",""migration/phase9/manual-review.csv"",""migration/phase9/source-inventory.jsonl""]","[""Phase 9 warnings: private_draft_attachment_may_contain_personal_data"",""sourceFilename is deterministically redacted; authoritative filename evidence remains only in the Phase 9 manifest.""]","","","",""
"wix:asset:wix:activity:j881c:14304db629d06710b745","document","attachment","activity","wix:activity:j881c","我的未來我作主系列講座-升學篇","113","","migrate","migrated","activity-assets","activity-assets/<redacted>","activity-assets","wix:activity:j881c","6dfb4d9faf8017a0ef08bda513aaf23d537f4114491b063e92ceee89e1943346","source-6dfb4d9faf80.pdf","application/pdf","120178","private-draft","requires-owner-review","[""migration/phase9/assets-manifest.jsonl"",""migration/phase9/content-manifest.jsonl"",""migration/phase9/manual-review.csv"",""migration/phase9/source-inventory.jsonl""]","[""Phase 9 warnings: private_draft_attachment_may_contain_personal_data"",""sourceFilename is deterministically redacted; authoritative filename evidence remains only in the Phase 9 manifest.""]","","","",""
"wix:asset:wix:activity:j881c:259bbfe5b60ca20894f1","image","cover","activity","wix:activity:j881c","我的未來我作主系列講座-升學篇","113","","migrate","migrated","activity-assets","activity-assets/<redacted>","activity-assets","wix:activity:j881c","b5f8c392561fa7732fb7587b7072d54d2435f26876e61b41cae7ae51b7f09c34","source-b5f8c392561f.jpg","image/jpeg","2061613","private-draft","requires-owner-review","[""migration/phase9/assets-manifest.jsonl"",""migration/phase9/content-manifest.jsonl"",""migration/phase9/manual-review.csv"",""migration/phase9/source-inventory.jsonl""]","[""sourceFilename is deterministically redacted; authoritative filename evidence remains only in the Phase 9 manifest.""]","","","",""
"wix:asset:wix:activity:j881c:66a6392c8ae42dc703dc","document","attachment","activity","wix:activity:j881c","我的未來我作主系列講座-升學篇","113","","migrate","migrated","activity-assets","activity-assets/<redacted>","activity-assets","wix:activity:j881c","002ed0492bad83a628d6271e743f2f57c3d2ff265e1bb9a53435aeb9fa07bf52","source-002ed0492bad.pdf","application/pdf","190257","private-draft","requires-owner-review","[""migration/phase9/assets-manifest.jsonl"",""migration/phase9/content-manifest.jsonl"",""migration/phase9/manual-review.csv"",""migration/phase9/source-inventory.jsonl""]","[""Phase 9 warnings: private_draft_attachment_may_contain_personal_data"",""sourceFilename is deterministically redacted; authoritative filename evidence remains only in the Phase 9 manifest.""]","","","",""
"wix:asset:wix:activity:j881c:95bfa540ad4a6ec703a6","image","gallery","activity","wix:activity:j881c","我的未來我作主系列講座-升學篇","113","","migrate","migrated","activity-assets","activity-assets/<redacted>","activity-assets","wix:activity:j881c","ae9e863ca7f57eda18e53165f59d6d892fd1ce9d176c9c9f846e5a7f62036316","source-ae9e863ca7f5.jpg","image/jpeg","1839167","private-draft","requires-owner-review","[""migration/phase9/assets-manifest.jsonl"",""migration/phase9/content-manifest.jsonl"",""migration/phase9/manual-review.csv"",""migration/phase9/source-inventory.jsonl""]","[""sourceFilename is deterministically redacted; authoritative filename evidence remains only in the Phase 9 manifest.""]","","","",""
"wix:asset:wix:activity:j881c:b123ff8c74339bbb484b","image","gallery","activity","wix:activity:j881c","我的未來我作主系列講座-升學篇","113","","migrate","migrated","activity-assets","activity-assets/<redacted>","activity-assets","wix:activity:j881c","438ba127353f0500205ec54ea32f39e83b8d16de59f6682778ae7b423ad07125","source-438ba127353f.jpg","image/jpeg","1859211","private-draft","requires-owner-review","[""migration/phase9/assets-manifest.jsonl"",""migration/phase9/content-manifest.jsonl"",""migration/phase9/manual-review.csv"",""migration/phase9/source-inventory.jsonl""]","[""sourceFilename is deterministically redacted; authoritative filename evidence remains only in the Phase 9 manifest.""]","","","",""
"wix:asset:wix:activity:j881c:c98135cc56b28bd71e61","document","attachment","activity","wix:activity:j881c","我的未來我作主系列講座-升學篇","113","","migrate","migrated","activity-assets","activity-assets/<redacted>","activity-assets","wix:activity:j881c","e52e3a4051df622df5d1659fa19ce17abb0e2af1f46c4f17ee8cfcaf275cf61b","source-e52e3a4051df.pdf","application/pdf","197494","private-draft","requires-owner-review","[""migration/phase9/assets-manifest.jsonl"",""migration/phase9/content-manifest.jsonl"",""migration/phase9/manual-review.csv"",""migration/phase9/source-inventory.jsonl""]","[""Phase 9 warnings: private_draft_attachment_may_contain_personal_data"",""sourceFilename is deterministically redacted; authoritative filename evidence remains only in the Phase 9 manifest.""]","","","",""
"wix:asset:wix:activity:jd4jc:30c14b11c24aab0a9b4c","image","gallery","activity","wix:activity:jd4jc","年度社員大會","110","","migrate","migrated","activity-assets","activity-assets/<redacted>","activity-assets","wix:activity:jd4jc","9acac2663651c08686c519e4ca9e9cb84caea8237d25c733eef8ff29a0d35728","source-9acac2663651.jpg","image/jpeg","157819","private-draft","requires-owner-review","[""migration/phase9/assets-manifest.jsonl"",""migration/phase9/content-manifest.jsonl"",""migration/phase9/manual-review.csv"",""migration/phase9/source-inventory.jsonl""]","[""sourceFilename is deterministically redacted; authoritative filename evidence remains only in the Phase 9 manifest.""]","","","",""
"wix:asset:wix:activity:jd4jc:63c99da883c732abd61d","document","attachment","activity","wix:activity:jd4jc","年度社員大會","110","","migrate","migrated","activity-assets","activity-assets/<redacted>","activity-assets","wix:activity:jd4jc","9b0b5c7774147da9007432c5b0e4b068d8a5a7157681a3b0afc90d7886d8383e","source-9b0b5c777414.pdf","application/pdf","193565","private-draft","requires-owner-review","[""migration/phase9/assets-manifest.jsonl"",""migration/phase9/content-manifest.jsonl"",""migration/phase9/manual-review.csv"",""migration/phase9/source-inventory.jsonl""]","[""Phase 9 warnings: private_draft_attachment_may_contain_personal_data"",""sourceFilename is deterministically redacted; authoritative filename evidence remains only in the Phase 9 manifest.""]","","","",""
"wix:asset:wix:activity:jd4jc:75c1bc496aefcce27382","document","attachment","activity","wix:activity:jd4jc","年度社員大會","110","","migrate","migrated","activity-assets","activity-assets/<redacted>","activity-assets","wix:activity:jd4jc","ad206e20aa3911887475840a6c8d715a08a33792748154935997d574d8e4971e","source-ad206e20aa39.pdf","application/pdf","248007","private-draft","requires-owner-review","[""migration/phase9/assets-manifest.jsonl"",""migration/phase9/content-manifest.jsonl"",""migration/phase9/manual-review.csv"",""migration/phase9/source-inventory.jsonl""]","[""Phase 9 warnings: private_draft_attachment_may_contain_personal_data"",""sourceFilename is deterministically redacted; authoritative filename evidence remains only in the Phase 9 manifest.""]","","","",""
"wix:asset:wix:activity:jd4jc:897a7161fec492b39584","document","attachment","activity","wix:activity:jd4jc","年度社員大會","110","","migrate","migrated","activity-assets","activity-assets/<redacted>","activity-assets","wix:activity:jd4jc","530f24c7a4354ef35e4468776e4532b8b1e4f09d5bf2f7a80dc01a1c92bd90b2","source-530f24c7a435.pdf","application/pdf","71598","private-draft","requires-owner-review","[""migration/phase9/assets-manifest.jsonl"",""migration/phase9/content-manifest.jsonl"",""migration/phase9/manual-review.csv"",""migration/phase9/source-inventory.jsonl""]","[""Phase 9 warnings: private_draft_attachment_may_contain_personal_data"",""sourceFilename is deterministically redacted; authoritative filename evidence remains only in the Phase 9 manifest.""]","","","",""
"wix:asset:wix:activity:jd4jc:8f83343d4cb4d5dd8e54","document","attachment","activity","wix:activity:jd4jc","年度社員大會","110","","migrate","migrated","activity-assets","activity-assets/<redacted>","activity-assets","wix:activity:jd4jc","73b115d934e10174faa8dde6818913bb05a6f57e26c5f75af1d38bc006211220","source-73b115d934e1.pdf","application/pdf","185467","private-draft","requires-owner-review","[""migration/phase9/assets-manifest.jsonl"",""migration/phase9/content-manifest.jsonl"",""migration/phase9/manual-review.csv"",""migration/phase9/source-inventory.jsonl""]","[""Phase 9 warnings: private_draft_attachment_may_contain_personal_data"",""sourceFilename is deterministically redacted; authoritative filename evidence remains only in the Phase 9 manifest.""]","","","",""
"wix:asset:wix:activity:jd4jc:befeabc629281f5c34f5","image","gallery","activity","wix:activity:jd4jc","年度社員大會","110","","migrate","migrated","activity-assets","activity-assets/<redacted>","activity-assets","wix:activity:jd4jc","0511dcbaf80f2de5d462ba4451dbb296a102ece7086e1bf8ede6f9594dc751cf","source-0511dcbaf80f.jpg","image/jpeg","143313","private-draft","requires-owner-review","[""migration/phase9/assets-manifest.jsonl"",""migration/phase9/content-manifest.jsonl"",""migration/phase9/manual-review.csv"",""migration/phase9/source-inventory.jsonl""]","[""sourceFilename is deterministically redacted; authoritative filename evidence remains only in the Phase 9 manifest.""]","","","",""
"wix:asset:wix:activity:jd4jc:db26fae718f17c527073","document","attachment","activity","wix:activity:jd4jc","年度社員大會","110","","migrate","migrated","activity-assets","activity-assets/<redacted>","activity-assets","wix:activity:jd4jc","18e01ffa385a1d9da9e80390ef9649d5577647b601a4999d944be4cb28e13cef","source-18e01ffa385a.pdf","application/pdf","310566","private-draft","requires-owner-review","[""migration/phase9/assets-manifest.jsonl"",""migration/phase9/content-manifest.jsonl"",""migration/phase9/manual-review.csv"",""migration/phase9/source-inventory.jsonl""]","[""Phase 9 warnings: private_draft_attachment_may_contain_personal_data"",""sourceFilename is deterministically redacted; authoritative filename evidence remains only in the Phase 9 manifest.""]","","","",""
"wix:asset:wix:activity:jd4jc:ecfef64e96b3ed5b8cb8","image","cover","activity","wix:activity:jd4jc","年度社員大會","110","","migrate","migrated","activity-assets","activity-assets/<redacted>","activity-assets","wix:activity:jd4jc","65968ebb8e1b12917fbcece46128c9150976a0cb971bcd248913036e6ec2e024","source-65968ebb8e1b.jpg","image/jpeg","102255","private-draft","requires-owner-review","[""migration/phase9/assets-manifest.jsonl"",""migration/phase9/content-manifest.jsonl"",""migration/phase9/manual-review.csv"",""migration/phase9/source-inventory.jsonl""]","[""sourceFilename is deterministically redacted; authoritative filename evidence remains only in the Phase 9 manifest.""]","","","",""
"wix:asset:wix:activity:jd4jc:ff52e3b5c828db4c010e","document","attachment","activity","wix:activity:jd4jc","年度社員大會","110","","migrate","migrated","activity-assets","activity-assets/<redacted>","activity-assets","wix:activity:jd4jc","5e1aec72f4b9679dafe18bc22d21d9adda650c99f8d1dd9afb86ed18fb02301d","source-5e1aec72f4b9.pdf","application/pdf","204434","private-draft","requires-owner-review","[""migration/phase9/assets-manifest.jsonl"",""migration/phase9/content-manifest.jsonl"",""migration/phase9/manual-review.csv"",""migration/phase9/source-inventory.jsonl""]","[""Phase 9 warnings: private_draft_attachment_may_contain_personal_data"",""sourceFilename is deterministically redacted; authoritative filename evidence remains only in the Phase 9 manifest.""]","","","",""
"wix:asset:wix:activity:jefj3:030c22436f0d384e5f7b","document","attachment","activity","wix:activity:jefj3","固定社課-攝影教學","110","","migrate","migrated","activity-assets","activity-assets/<redacted>","activity-assets","wix:activity:jefj3","c483cfeed933a7758d5ded71374fc8e7d7f15984c4bcaa5ec98a2250b6c53ad6","source-c483cfeed933.pdf","application/pdf","69979","private-draft","requires-owner-review","[""migration/phase9/assets-manifest.jsonl"",""migration/phase9/content-manifest.jsonl"",""migration/phase9/manual-review.csv"",""migration/phase9/source-inventory.jsonl""]","[""Phase 9 warnings: private_draft_attachment_may_contain_personal_data"",""sourceFilename is deterministically redacted; authoritative filename evidence remains only in the Phase 9 manifest.""]","","","",""
"wix:asset:wix:activity:jefj3:07e3977d25a3b29c960d","image","gallery","activity","wix:activity:jefj3","固定社課-攝影教學","110","","migrate","migrated","activity-assets","activity-assets/<redacted>","activity-assets","wix:activity:jefj3","a0d9e9d1ea3368e026fb75327a14b851321a2e0e5ea88c6536d322f1e60506d8","source-a0d9e9d1ea33.jpg","image/jpeg","438780","private-draft","requires-owner-review","[""migration/phase9/assets-manifest.jsonl"",""migration/phase9/content-manifest.jsonl"",""migration/phase9/manual-review.csv"",""migration/phase9/source-inventory.jsonl""]","[""sourceFilename is deterministically redacted; authoritative filename evidence remains only in the Phase 9 manifest.""]","","","",""
"wix:asset:wix:activity:jefj3:1463174150f6f25e5331","image","gallery","activity","wix:activity:jefj3","固定社課-攝影教學","110","","migrate","migrated","activity-assets","activity-assets/<redacted>","activity-assets","wix:activity:jefj3","2be4b05a76d4b06eb51f7a3aae88b23e1e61ec3e5d0e2b9acac03dfd9555b941","source-2be4b05a76d4.jpg","image/jpeg","272477","private-draft","requires-owner-review","[""migration/phase9/assets-manifest.jsonl"",""migration/phase9/content-manifest.jsonl"",""migration/phase9/manual-review.csv"",""migration/phase9/source-inventory.jsonl""]","[""sourceFilename is deterministically redacted; authoritative filename evidence remains only in the Phase 9 manifest.""]","","","",""
"wix:asset:wix:activity:jefj3:1bc3056f7717be9b525b","document","attachment","activity","wix:activity:jefj3","固定社課-攝影教學","110","","migrate","migrated","activity-assets","activity-assets/<redacted>","activity-assets","wix:activity:jefj3","c012240b3f18a119b596a5cb34e0e0728dd45cf664797ca9fe995c3b4b58e538","source-c012240b3f18.pdf","application/pdf","185328","private-draft","requires-owner-review","[""migration/phase9/assets-manifest.jsonl"",""migration/phase9/content-manifest.jsonl"",""migration/phase9/manual-review.csv"",""migration/phase9/source-inventory.jsonl""]","[""Phase 9 warnings: private_draft_attachment_may_contain_personal_data"",""sourceFilename is deterministically redacted; authoritative filename evidence remains only in the Phase 9 manifest.""]","","","",""
"wix:asset:wix:activity:jefj3:61f0cae71ec79782f88f","document","attachment","activity","wix:activity:jefj3","固定社課-攝影教學","110","","migrate","migrated","activity-assets","activity-assets/<redacted>","activity-assets","wix:activity:jefj3","bf46a18ced9b230c148a9242a34e8579e32bb8125899bc68b16f0d4a4d6b27ed","source-bf46a18ced9b.pdf","application/pdf","318813","private-draft","requires-owner-review","[""migration/phase9/assets-manifest.jsonl"",""migration/phase9/content-manifest.jsonl"",""migration/phase9/manual-review.csv"",""migration/phase9/source-inventory.jsonl""]","[""Phase 9 warnings: private_draft_attachment_may_contain_personal_data"",""sourceFilename is deterministically redacted; authoritative filename evidence remains only in the Phase 9 manifest.""]","","","",""
"wix:asset:wix:activity:jefj3:7b3dc5fc16166519680e","image","cover","activity","wix:activity:jefj3","固定社課-攝影教學","110","","migrate","migrated","activity-assets","activity-assets/<redacted>","activity-assets","wix:activity:jefj3","f508f0021152b9b279e271920520dc35033540f2edb7172b9fea20322f18d77f","source-f508f0021152.jpg","image/jpeg","507150","private-draft","requires-owner-review","[""migration/phase9/assets-manifest.jsonl"",""migration/phase9/content-manifest.jsonl"",""migration/phase9/manual-review.csv"",""migration/phase9/source-inventory.jsonl""]","[""sourceFilename is deterministically redacted; authoritative filename evidence remains only in the Phase 9 manifest.""]","","","",""
"wix:asset:wix:activity:jefj3:a523ac5db3ba655c4bf9","document","attachment","activity","wix:activity:jefj3","固定社課-攝影教學","110","","migrate","migrated","activity-assets","activity-assets/<redacted>","activity-assets","wix:activity:jefj3","72d4a76f7ea1e188925d645979b413dbb4013772bb59c86e8fb1feb842f1bd8b","source-72d4a76f7ea1.pdf","application/pdf","280377","private-draft","requires-owner-review","[""migration/phase9/assets-manifest.jsonl"",""migration/phase9/content-manifest.jsonl"",""migration/phase9/manual-review.csv"",""migration/phase9/source-inventory.jsonl""]","[""Phase 9 warnings: private_draft_attachment_may_contain_personal_data"",""sourceFilename is deterministically redacted; authoritative filename evidence remains only in the Phase 9 manifest.""]","","","",""
"wix:asset:wix:activity:jefj3:be6810379a0195d6ddff","document","attachment","activity","wix:activity:jefj3","固定社課-攝影教學","110","","migrate","migrated","activity-assets","activity-assets/<redacted>","activity-assets","wix:activity:jefj3","1ab1b8a74afa26e89b06f3d3d549af2be45be7343f93c3d610d05dcbdf9ea546","source-1ab1b8a74afa.pdf","application/pdf","197545","private-draft","requires-owner-review","[""migration/phase9/assets-manifest.jsonl"",""migration/phase9/content-manifest.jsonl"",""migration/phase9/manual-review.csv"",""migration/phase9/source-inventory.jsonl""]","[""Phase 9 warnings: private_draft_attachment_may_contain_personal_data"",""sourceFilename is deterministically redacted; authoritative filename evidence remains only in the Phase 9 manifest.""]","","","",""
"wix:asset:wix:activity:jefj3:e2ff335a0db7de888fb9","document","attachment","activity","wix:activity:jefj3","固定社課-攝影教學","110","","migrate","migrated","activity-assets","activity-assets/<redacted>","activity-assets","wix:activity:jefj3","f4446d0e2d5a6b636e867c26d9d5380f938536c37f7b8d8797f70e353436512a","source-f4446d0e2d5a.pdf","application/pdf","195996","private-draft","requires-owner-review","[""migration/phase9/assets-manifest.jsonl"",""migration/phase9/content-manifest.jsonl"",""migration/phase9/manual-review.csv"",""migration/phase9/source-inventory.jsonl""]","[""Phase 9 warnings: private_draft_attachment_may_contain_personal_data"",""sourceFilename is deterministically redacted; authoritative filename evidence remains only in the Phase 9 manifest.""]","","","",""
"wix:asset:wix:activity:k9aiv:323ca518618ffb4f21fc","image","gallery","activity","wix:activity:k9aiv","生命音樂成果發表","113","","migrate","migrated","activity-assets","activity-assets/<redacted>","activity-assets","wix:activity:k9aiv","f2c80c2347de57b7525893378359fbd6ba141d6f0f65fbfbd9fdd34b12cdbc74","source-f2c80c2347de.jpg","image/jpeg","1195614","private-draft","requires-owner-review","[""migration/phase9/assets-manifest.jsonl"",""migration/phase9/content-manifest.jsonl"",""migration/phase9/manual-review.csv"",""migration/phase9/source-inventory.jsonl""]","[""sourceFilename is deterministically redacted; authoritative filename evidence remains only in the Phase 9 manifest.""]","","","",""
"wix:asset:wix:activity:k9aiv:463fbcf583a9e4156a25","image","cover","activity","wix:activity:k9aiv","生命音樂成果發表","113","","migrate","migrated","activity-assets","activity-assets/<redacted>","activity-assets","wix:activity:k9aiv","cc7128bb0506575e25e68547165eb6f32c9e7e7835677709582e252205cf9a46","source-cc7128bb0506.jpg","image/jpeg","221541","private-draft","requires-owner-review","[""migration/phase9/assets-manifest.jsonl"",""migration/phase9/content-manifest.jsonl"",""migration/phase9/manual-review.csv"",""migration/phase9/source-inventory.jsonl""]","[""sourceFilename is deterministically redacted; authoritative filename evidence remains only in the Phase 9 manifest.""]","","","",""
"wix:asset:wix:activity:k9aiv:62b18cee97bc54a3b451","document","attachment","activity","wix:activity:k9aiv","生命音樂成果發表","113","","migrate","migrated","activity-assets","activity-assets/<redacted>","activity-assets","wix:activity:k9aiv","5abcf21fd354cd94d80f4cb5f22f6ad7b7fdf5612eb15fb78b5377c29aff55e3","source-5abcf21fd354.pdf","application/pdf","190334","private-draft","requires-owner-review","[""migration/phase9/assets-manifest.jsonl"",""migration/phase9/content-manifest.jsonl"",""migration/phase9/manual-review.csv"",""migration/phase9/source-inventory.jsonl""]","[""Phase 9 warnings: private_draft_attachment_may_contain_personal_data"",""sourceFilename is deterministically redacted; authoritative filename evidence remains only in the Phase 9 manifest.""]","","","",""
"wix:asset:wix:activity:k9aiv:65663f3d7ed8be84db25","document","attachment","activity","wix:activity:k9aiv","生命音樂成果發表","113","","migrate","migrated","activity-assets","activity-assets/<redacted>","activity-assets","wix:activity:k9aiv","625e0789d4f92fce330d51d81efa2bbce8d97cec5e293be13a66d0f460b7dc6c","source-625e0789d4f9.docx","application/vnd.openxmlformats-officedocument.wordprocessingml.document","14489","private-draft","requires-owner-review","[""migration/phase9/assets-manifest.jsonl"",""migration/phase9/content-manifest.jsonl"",""migration/phase9/manual-review.csv"",""migration/phase9/source-inventory.jsonl""]","[""Phase 9 warnings: private_draft_attachment_may_contain_personal_data"",""sourceFilename is deterministically redacted; authoritative filename evidence remains only in the Phase 9 manifest.""]","","","",""
"wix:asset:wix:activity:k9aiv:7c03ea135e2826839379","image","gallery","activity","wix:activity:k9aiv","生命音樂成果發表","113","","migrate","migrated","activity-assets","activity-assets/<redacted>","activity-assets","wix:activity:k9aiv","e381a278607e2ed9dd19629d8ec7ade88baeb2d3f23c39eb7b6bf80a5bf0bfb0","source-e381a278607e.jpg","image/jpeg","263572","private-draft","requires-owner-review","[""migration/phase9/assets-manifest.jsonl"",""migration/phase9/content-manifest.jsonl"",""migration/phase9/manual-review.csv"",""migration/phase9/source-inventory.jsonl""]","[""sourceFilename is deterministically redacted; authoritative filename evidence remains only in the Phase 9 manifest.""]","","","",""
"wix:asset:wix:activity:k9aiv:97c104c22cb495e19422","document","attachment","activity","wix:activity:k9aiv","生命音樂成果發表","113","","migrate","migrated","activity-assets","activity-assets/<redacted>","activity-assets","wix:activity:k9aiv","160980518adc6d2b79304f3c559cc3176ba3a5aff0d14bbb913569dde982349f","source-160980518adc.pdf","application/pdf","123406","private-draft","requires-owner-review","[""migration/phase9/assets-manifest.jsonl"",""migration/phase9/content-manifest.jsonl"",""migration/phase9/manual-review.csv"",""migration/phase9/source-inventory.jsonl""]","[""Phase 9 warnings: private_draft_attachment_may_contain_personal_data"",""sourceFilename is deterministically redacted; authoritative filename evidence remains only in the Phase 9 manifest.""]","","","",""
"wix:asset:wix:activity:k9aiv:caca51cf724290f59316","document","attachment","activity","wix:activity:k9aiv","生命音樂成果發表","113","","migrate","migrated","activity-assets","activity-assets/<redacted>","activity-assets","wix:activity:k9aiv","712620117a72f8db2896eb118ebe71f7c7822e6069bc2e3410e39f04178032f7","source-712620117a72.pdf","application/pdf","188695","private-draft","requires-owner-review","[""migration/phase9/assets-manifest.jsonl"",""migration/phase9/content-manifest.jsonl"",""migration/phase9/manual-review.csv"",""migration/phase9/source-inventory.jsonl""]","[""Phase 9 warnings: private_draft_attachment_may_contain_personal_data"",""sourceFilename is deterministically redacted; authoritative filename evidence remains only in the Phase 9 manifest.""]","","","",""
"wix:asset:wix:activity:lb7xk:1383c3498c28f579a669","document","attachment","activity","wix:activity:lb7xk","瑪潮親子慈善園遊會","110","","migrate","migrated","activity-assets","activity-assets/<redacted>","activity-assets","wix:activity:lb7xk","4f91da25eeca04dd82d759c13661ad23b70a56ac0927c751b9148b6c2caa5b27","source-4f91da25eeca.pdf","application/pdf","345430","private-draft","requires-owner-review","[""migration/phase9/assets-manifest.jsonl"",""migration/phase9/content-manifest.jsonl"",""migration/phase9/manual-review.csv"",""migration/phase9/source-inventory.jsonl""]","[""Phase 9 warnings: private_draft_attachment_may_contain_personal_data"",""sourceFilename is deterministically redacted; authoritative filename evidence remains only in the Phase 9 manifest.""]","","","",""
"wix:asset:wix:activity:lb7xk:1b7977a2d415ab91b918","document","attachment","activity","wix:activity:lb7xk","瑪潮親子慈善園遊會","110","","migrate","migrated","activity-assets","activity-assets/<redacted>","activity-assets","wix:activity:lb7xk","02df78afb672c426eb0dd607b4efb70737d0b00a95ee37a85b6c538d13e931f3","source-02df78afb672.pdf","application/pdf","315768","private-draft","requires-owner-review","[""migration/phase9/assets-manifest.jsonl"",""migration/phase9/content-manifest.jsonl"",""migration/phase9/manual-review.csv"",""migration/phase9/source-inventory.jsonl""]","[""Phase 9 warnings: private_draft_attachment_may_contain_personal_data"",""sourceFilename is deterministically redacted; authoritative filename evidence remains only in the Phase 9 manifest.""]","","","",""
"wix:asset:wix:activity:lb7xk:3a9e88bb553c8db7cd61","document","attachment","activity","wix:activity:lb7xk","瑪潮親子慈善園遊會","110","","migrate","migrated","activity-assets","activity-assets/<redacted>","activity-assets","wix:activity:lb7xk","2bc317f6810f4dcb17966680911090ae8934866ae5ee598531687145b3516fc8","source-2bc317f6810f.pdf","application/pdf","204488","private-draft","requires-owner-review","[""migration/phase9/assets-manifest.jsonl"",""migration/phase9/content-manifest.jsonl"",""migration/phase9/manual-review.csv"",""migration/phase9/source-inventory.jsonl""]","[""Phase 9 warnings: private_draft_attachment_may_contain_personal_data"",""sourceFilename is deterministically redacted; authoritative filename evidence remains only in the Phase 9 manifest.""]","","","",""
"wix:asset:wix:activity:lb7xk:5459f00f496d06f9c780","document","attachment","activity","wix:activity:lb7xk","瑪潮親子慈善園遊會","110","","migrate","migrated","activity-assets","activity-assets/<redacted>","activity-assets","wix:activity:lb7xk","16266d43481015ffaae07e9b02099f119d46605966a0bcecad9a1687e2b31d33","source-16266d434810.pdf","application/pdf","359571","private-draft","requires-owner-review","[""migration/phase9/assets-manifest.jsonl"",""migration/phase9/content-manifest.jsonl"",""migration/phase9/manual-review.csv"",""migration/phase9/source-inventory.jsonl""]","[""Phase 9 warnings: private_draft_attachment_may_contain_personal_data"",""sourceFilename is deterministically redacted; authoritative filename evidence remains only in the Phase 9 manifest.""]","","","",""
"wix:asset:wix:activity:lb7xk:8cc53a2f64777c8c63e1","image","gallery","activity","wix:activity:lb7xk","瑪潮親子慈善園遊會","110","","migrate","migrated","activity-assets","activity-assets/<redacted>","activity-assets","wix:activity:lb7xk","26b6297140192a3111c27c989508bb1f8a151480f236e95bb24a20183de0d00d","source-26b629714019.jpg","image/jpeg","3768733","private-draft","requires-owner-review","[""migration/phase9/assets-manifest.jsonl"",""migration/phase9/content-manifest.jsonl"",""migration/phase9/manual-review.csv"",""migration/phase9/source-inventory.jsonl""]","[""sourceFilename is deterministically redacted; authoritative filename evidence remains only in the Phase 9 manifest.""]","","","",""
"wix:asset:wix:activity:lb7xk:9deda171580f5a164b85","image","cover","activity","wix:activity:lb7xk","瑪潮親子慈善園遊會","110","","migrate","migrated","activity-assets","activity-assets/<redacted>","activity-assets","wix:activity:lb7xk","bad209f054b9f848aaa2adbeb7b4184546efcd3bcc1488dc0ddc3bb23d98c10c","source-bad209f054b9.png","image/png","5496","private-draft","requires-owner-review","[""migration/phase9/assets-manifest.jsonl"",""migration/phase9/content-manifest.jsonl"",""migration/phase9/manual-review.csv"",""migration/phase9/source-inventory.jsonl""]","[""sourceFilename is deterministically redacted; authoritative filename evidence remains only in the Phase 9 manifest.""]","","","",""
"wix:asset:wix:activity:lb7xk:af380077be7d7c190882","document","attachment","activity","wix:activity:lb7xk","瑪潮親子慈善園遊會","110","","migrate","migrated","activity-assets","activity-assets/<redacted>","activity-assets","wix:activity:lb7xk","db8c00730e42f708022ae5f35fd2f272bdb2bb020ecbdb0943961f6cce459693","source-db8c00730e42.pdf","application/pdf","186118","private-draft","requires-owner-review","[""migration/phase9/assets-manifest.jsonl"",""migration/phase9/content-manifest.jsonl"",""migration/phase9/manual-review.csv"",""migration/phase9/source-inventory.jsonl""]","[""Phase 9 warnings: private_draft_attachment_may_contain_personal_data"",""sourceFilename is deterministically redacted; authoritative filename evidence remains only in the Phase 9 manifest.""]","","","",""
"wix:asset:wix:activity:lb7xk:cc0ac8641d2729d9128c","document","attachment","activity","wix:activity:lb7xk","瑪潮親子慈善園遊會","110","","migrate","migrated","activity-assets","activity-assets/<redacted>","activity-assets","wix:activity:lb7xk","b8a5378e0a651e1ed7c977641a3ed82a1d9b590344ef3cf8a357b4d2c9d0127c","source-b8a5378e0a65.pdf","application/pdf","81894","private-draft","requires-owner-review","[""migration/phase9/assets-manifest.jsonl"",""migration/phase9/content-manifest.jsonl"",""migration/phase9/manual-review.csv"",""migration/phase9/source-inventory.jsonl""]","[""Phase 9 warnings: private_draft_attachment_may_contain_personal_data"",""sourceFilename is deterministically redacted; authoritative filename evidence remains only in the Phase 9 manifest.""]","","","",""
"wix:asset:wix:activity:lb7xk:db072f26fe62bbc05358","document","attachment","activity","wix:activity:lb7xk","瑪潮親子慈善園遊會","110","","migrate","migrated","activity-assets","activity-assets/<redacted>","activity-assets","wix:activity:lb7xk","0da65f99e640ace4025ac9d46c175fce2ce69118366e34cbf43926e280777c98","source-0da65f99e640.pdf","application/pdf","234838","private-draft","requires-owner-review","[""migration/phase9/assets-manifest.jsonl"",""migration/phase9/content-manifest.jsonl"",""migration/phase9/manual-review.csv"",""migration/phase9/source-inventory.jsonl""]","[""Phase 9 warnings: private_draft_attachment_may_contain_personal_data"",""sourceFilename is deterministically redacted; authoritative filename evidence remains only in the Phase 9 manifest.""]","","","",""
"wix:asset:wix:activity:lb7xk:ff4ad2aa2edacb8287d0","image","gallery","activity","wix:activity:lb7xk","瑪潮親子慈善園遊會","110","","migrate","migrated","activity-assets","activity-assets/<redacted>","activity-assets","wix:activity:lb7xk","34318018496f5643db0ce1203b80494ce6bc95e47dccaaf63064d6b4ac92ff36","source-34318018496f.png","image/png","5623","private-draft","requires-owner-review","[""migration/phase9/assets-manifest.jsonl"",""migration/phase9/content-manifest.jsonl"",""migration/phase9/manual-review.csv"",""migration/phase9/source-inventory.jsonl""]","[""sourceFilename is deterministically redacted; authoritative filename evidence remains only in the Phase 9 manifest.""]","","","",""
"wix:asset:wix:activity:mh72i:240fd910c5b914753f51","image","gallery","activity","wix:activity:mh72i","多肉植物DIY 111","111","","migrate","migrated","activity-assets","activity-assets/<redacted>","activity-assets","wix:activity:mh72i","f6d4410f09dcb6140105ace4b18b8593395f77fdd1c6871d9ae5a182646e653a","source-f6d4410f09dc.png","image/png","5529","private-draft","requires-owner-review","[""migration/phase9/assets-manifest.jsonl"",""migration/phase9/content-manifest.jsonl"",""migration/phase9/manual-review.csv"",""migration/phase9/source-inventory.jsonl""]","[""sourceFilename is deterministically redacted; authoritative filename evidence remains only in the Phase 9 manifest.""]","","","",""
"wix:asset:wix:activity:mh72i:3f0f6069b2667db0442d","image","cover","activity","wix:activity:mh72i","多肉植物DIY 111","111","","migrate","migrated","activity-assets","activity-assets/<redacted>","activity-assets","wix:activity:mh72i","84f6dc5861dd941e59bc22e936ce57edd3567042cefd934782c7d7c677fba116","source-84f6dc5861dd.jpg","image/jpeg","351613","private-draft","requires-owner-review","[""migration/phase9/assets-manifest.jsonl"",""migration/phase9/content-manifest.jsonl"",""migration/phase9/manual-review.csv"",""migration/phase9/source-inventory.jsonl""]","[""sourceFilename is deterministically redacted; authoritative filename evidence remains only in the Phase 9 manifest.""]","","","",""
"wix:asset:wix:activity:mh72i:432a0954cdc787ddf415","document","attachment","activity","wix:activity:mh72i","多肉植物DIY 111","111","","migrate","migrated","activity-assets","activity-assets/<redacted>","activity-assets","wix:activity:mh72i","2dcc53dfae5cb82f18c76065c6bdce2b26a9443d16905c8475f1ef4f48d28f0e","source-2dcc53dfae5c.pdf","application/pdf","313323","private-draft","requires-owner-review","[""migration/phase9/assets-manifest.jsonl"",""migration/phase9/content-manifest.jsonl"",""migration/phase9/manual-review.csv"",""migration/phase9/source-inventory.jsonl""]","[""sourceFilename is deterministically redacted; authoritative filename evidence remains only in the Phase 9 manifest.""]","","","",""
"wix:asset:wix:activity:mh72i:859c553273896a66564f","image","gallery","activity","wix:activity:mh72i","多肉植物DIY 111","111","","migrate","migrated","activity-assets","activity-assets/<redacted>","activity-assets","wix:activity:mh72i","a4b26a37f1527f621a15fe618c6b52d5fcdc7eb2b36b9214994ba20d45c006e0","source-a4b26a37f152.jpg","image/jpeg","113855","private-draft","requires-owner-review","[""migration/phase9/assets-manifest.jsonl"",""migration/phase9/content-manifest.jsonl"",""migration/phase9/manual-review.csv"",""migration/phase9/source-inventory.jsonl""]","[""sourceFilename is deterministically redacted; authoritative filename evidence remains only in the Phase 9 manifest.""]","","","",""
"wix:asset:wix:activity:mh72i:c8cc5eec786fce0cbf90","document","attachment","activity","wix:activity:mh72i","多肉植物DIY 111","111","","migrate","migrated","activity-assets","activity-assets/<redacted>","activity-assets","wix:activity:mh72i","eadf9e427c649345970adb9fad1792efda100a020d34c49162be54d6afbec1b7","source-eadf9e427c64.pdf","application/pdf","346594","private-draft","requires-owner-review","[""migration/phase9/assets-manifest.jsonl"",""migration/phase9/content-manifest.jsonl"",""migration/phase9/manual-review.csv"",""migration/phase9/source-inventory.jsonl""]","[""sourceFilename is deterministically redacted; authoritative filename evidence remains only in the Phase 9 manifest.""]","","","",""
"wix:asset:wix:activity:mqpxs:193624b0061d093c9755","document","attachment","activity","wix:activity:mqpxs","兩校聯合幹部訓練","110","","migrate","migrated","activity-assets","activity-assets/<redacted>","activity-assets","wix:activity:mqpxs","11c62acc507b632cc50d5149a2e6812518944e1b604d725c9ace31c24e6aadd2","source-11c62acc507b.pdf","application/pdf","328278","private-draft","requires-owner-review","[""migration/phase9/assets-manifest.jsonl"",""migration/phase9/content-manifest.jsonl"",""migration/phase9/manual-review.csv"",""migration/phase9/source-inventory.jsonl""]","[""Phase 9 warnings: private_draft_attachment_may_contain_personal_data"",""sourceFilename is deterministically redacted; authoritative filename evidence remains only in the Phase 9 manifest.""]","","","",""
"wix:asset:wix:activity:mqpxs:35e7e528ca6f491fa0d4","document","attachment","activity","wix:activity:mqpxs","兩校聯合幹部訓練","110","","migrate","migrated","activity-assets","activity-assets/<redacted>","activity-assets","wix:activity:mqpxs","e1c91ce0c703b7cde21723e2f98ae657a7c30a2712064d89cb88a087199ed304","source-e1c91ce0c703.pdf","application/pdf","188066","private-draft","requires-owner-review","[""migration/phase9/assets-manifest.jsonl"",""migration/phase9/content-manifest.jsonl"",""migration/phase9/manual-review.csv"",""migration/phase9/source-inventory.jsonl""]","[""Phase 9 warnings: private_draft_attachment_may_contain_personal_data"",""sourceFilename is deterministically redacted; authoritative filename evidence remains only in the Phase 9 manifest.""]","","","",""
"wix:asset:wix:activity:mqpxs:51d9525cd1ef501f7b37","document","attachment","activity","wix:activity:mqpxs","兩校聯合幹部訓練","110","","migrate","migrated","activity-assets","activity-assets/<redacted>","activity-assets","wix:activity:mqpxs","409b2351404ccf6a255e63ce6af9eaf3140e9f7c2fe5dd8ee814587d9b468733","source-409b2351404c.pdf","application/pdf","85434","private-draft","requires-owner-review","[""migration/phase9/assets-manifest.jsonl"",""migration/phase9/content-manifest.jsonl"",""migration/phase9/manual-review.csv"",""migration/phase9/source-inventory.jsonl""]","[""Phase 9 warnings: private_draft_attachment_may_contain_personal_data"",""sourceFilename is deterministically redacted; authoritative filename evidence remains only in the Phase 9 manifest.""]","","","",""
"wix:asset:wix:activity:mqpxs:5b963901a5a66a4a6dab","image","gallery","activity","wix:activity:mqpxs","兩校聯合幹部訓練","110","","migrate","migrated","activity-assets","activity-assets/<redacted>","activity-assets","wix:activity:mqpxs","7065d9746caac2a04e49d8a3cf5df6f0a012371f0ee390f670e0a67f2e7a4cc6","source-7065d9746caa.jpg","image/jpeg","247984","private-draft","requires-owner-review","[""migration/phase9/assets-manifest.jsonl"",""migration/phase9/content-manifest.jsonl"",""migration/phase9/manual-review.csv"",""migration/phase9/source-inventory.jsonl""]","[""sourceFilename is deterministically redacted; authoritative filename evidence remains only in the Phase 9 manifest.""]","","","",""
"wix:asset:wix:activity:mqpxs:8d2a5d0a684e58d725b3","document","attachment","activity","wix:activity:mqpxs","兩校聯合幹部訓練","110","","migrate","migrated","activity-assets","activity-assets/<redacted>","activity-assets","wix:activity:mqpxs","8e851c45a72ba784e9dabe03191f08244c0fa4fee2ac745a63660ccd07693607","source-8e851c45a72b.pdf","application/pdf","280568","private-draft","requires-owner-review","[""migration/phase9/assets-manifest.jsonl"",""migration/phase9/content-manifest.jsonl"",""migration/phase9/manual-review.csv"",""migration/phase9/source-inventory.jsonl""]","[""Phase 9 warnings: private_draft_attachment_may_contain_personal_data"",""sourceFilename is deterministically redacted; authoritative filename evidence remains only in the Phase 9 manifest.""]","","","",""
"wix:asset:wix:activity:mqpxs:a09e87527fea60eaebdc","document","attachment","activity","wix:activity:mqpxs","兩校聯合幹部訓練","110","","migrate","migrated","activity-assets","activity-assets/<redacted>","activity-assets","wix:activity:mqpxs","e9f5f47f2ae190f4494ad7036aa13fd1089d9b9d2bdbc0aa759d064cfaf3daf6","source-e9f5f47f2ae1.pdf","application/pdf","191290","private-draft","requires-owner-review","[""migration/phase9/assets-manifest.jsonl"",""migration/phase9/content-manifest.jsonl"",""migration/phase9/manual-review.csv"",""migration/phase9/source-inventory.jsonl""]","[""Phase 9 warnings: private_draft_attachment_may_contain_personal_data"",""sourceFilename is deterministically redacted; authoritative filename evidence remains only in the Phase 9 manifest.""]","","","",""
"wix:asset:wix:activity:mqpxs:c21621e5c54ed5e40166","document","attachment","activity","wix:activity:mqpxs","兩校聯合幹部訓練","110","","migrate","migrated","activity-assets","activity-assets/<redacted>","activity-assets","wix:activity:mqpxs","f44373845532b19920466fd022ae2543c474e2fee597c14f5b9b2174b5c107ea","source-f44373845532.pdf","application/pdf","215245","private-draft","requires-owner-review","[""migration/phase9/assets-manifest.jsonl"",""migration/phase9/content-manifest.jsonl"",""migration/phase9/manual-review.csv"",""migration/phase9/source-inventory.jsonl""]","[""Phase 9 warnings: private_draft_attachment_may_contain_personal_data"",""sourceFilename is deterministically redacted; authoritative filename evidence remains only in the Phase 9 manifest.""]","","","",""
"wix:asset:wix:activity:mqpxs:d4cab5342d8375e03700","image","gallery","activity","wix:activity:mqpxs","兩校聯合幹部訓練","110","","migrate","migrated","activity-assets","activity-assets/<redacted>","activity-assets","wix:activity:mqpxs","845141185e162b61196c50f68f7b5c92f8459d50b213f21bba2c6ea824c2fa03","source-845141185e16.jpg","image/jpeg","260257","private-draft","requires-owner-review","[""migration/phase9/assets-manifest.jsonl"",""migration/phase9/content-manifest.jsonl"",""migration/phase9/manual-review.csv"",""migration/phase9/source-inventory.jsonl""]","[""sourceFilename is deterministically redacted; authoritative filename evidence remains only in the Phase 9 manifest.""]","","","",""
"wix:asset:wix:activity:mqpxs:ed37c9cecb6d93cdc1c2","image","cover","activity","wix:activity:mqpxs","兩校聯合幹部訓練","110","","migrate","migrated","activity-assets","activity-assets/<redacted>","activity-assets","wix:activity:mqpxs","9292e4614af0d205ac167afc8c0817ac498bb8b5b38a2ec39191bcd563bdc14f","source-9292e4614af0.jpg","image/jpeg","240776","private-draft","requires-owner-review","[""migration/phase9/assets-manifest.jsonl"",""migration/phase9/content-manifest.jsonl"",""migration/phase9/manual-review.csv"",""migration/phase9/source-inventory.jsonl""]","[""sourceFilename is deterministically redacted; authoritative filename evidence remains only in the Phase 9 manifest.""]","","","",""
"wix:asset:wix:activity:mwqi8:1ce1c00d836f1ca10608","image","cover","activity","wix:activity:mwqi8","兒童野外挑戰營","113","","migrate","migrated","activity-assets","activity-assets/<redacted>","activity-assets","wix:activity:mwqi8","fb70ddd067d7e49107910fde8e26c9f67c3a6e673c297fc084e847037b0d05b6","source-fb70ddd067d7.png","image/png","766936","private-draft","requires-owner-review","[""migration/phase9/assets-manifest.jsonl"",""migration/phase9/content-manifest.jsonl"",""migration/phase9/manual-review.csv"",""migration/phase9/source-inventory.jsonl""]","[""sourceFilename is deterministically redacted; authoritative filename evidence remains only in the Phase 9 manifest.""]","","","",""
"wix:asset:wix:activity:mwqi8:399efd44b09c5b7c96c7","document","attachment","activity","wix:activity:mwqi8","兒童野外挑戰營","113","","migrate","migrated","activity-assets","activity-assets/<redacted>","activity-assets","wix:activity:mwqi8","c56ebdae91bc7c6d6c4dcda3b3df7e24059503d01f53493cfeeb949d6d16bd58","source-c56ebdae91bc.pdf","application/pdf","257981","private-draft","requires-owner-review","[""migration/phase9/assets-manifest.jsonl"",""migration/phase9/content-manifest.jsonl"",""migration/phase9/manual-review.csv"",""migration/phase9/source-inventory.jsonl""]","[""Phase 9 warnings: private_draft_attachment_may_contain_personal_data"",""sourceFilename is deterministically redacted; authoritative filename evidence remains only in the Phase 9 manifest.""]","","","",""
"wix:asset:wix:activity:mwqi8:42a27cb96f36765c4ae1","image","gallery","activity","wix:activity:mwqi8","兒童野外挑戰營","113","","migrate","migrated","activity-assets","activity-assets/<redacted>","activity-assets","wix:activity:mwqi8","c8a3b233ddb0f520d9528d0a7e36023f1596090687b835318842961282571893","source-c8a3b233ddb0.png","image/png","317943","private-draft","requires-owner-review","[""migration/phase9/assets-manifest.jsonl"",""migration/phase9/content-manifest.jsonl"",""migration/phase9/manual-review.csv"",""migration/phase9/source-inventory.jsonl""]","[""sourceFilename is deterministically redacted; authoritative filename evidence remains only in the Phase 9 manifest.""]","","","",""
"wix:asset:wix:activity:mwqi8:48efa5c2bf74fd2fec90","document","attachment","activity","wix:activity:mwqi8","兒童野外挑戰營","113","","migrate","migrated","activity-assets","activity-assets/<redacted>","activity-assets","wix:activity:mwqi8","7c43d73cdef1cf47f411451b51fb4250d63e2e2157aed4a9d79902d9e34ef62e","source-7c43d73cdef1.pdf","application/pdf","240271","private-draft","requires-owner-review","[""migration/phase9/assets-manifest.jsonl"",""migration/phase9/content-manifest.jsonl"",""migration/phase9/manual-review.csv"",""migration/phase9/source-inventory.jsonl""]","[""Phase 9 warnings: private_draft_attachment_may_contain_personal_data"",""sourceFilename is deterministically redacted; authoritative filename evidence remains only in the Phase 9 manifest.""]","","","",""
"wix:asset:wix:activity:mwqi8:642944ddd9a197e9e8f2","document","attachment","activity","wix:activity:mwqi8","兒童野外挑戰營","113","","migrate","migrated","activity-assets","activity-assets/<redacted>","activity-assets","wix:activity:mwqi8","dc6d3464783b59447ceb48e9ee8fa3478491f05571eb5c0749d810a3dd9dc9f2","source-dc6d3464783b.pdf","application/pdf","147419","private-draft","requires-owner-review","[""migration/phase9/assets-manifest.jsonl"",""migration/phase9/content-manifest.jsonl"",""migration/phase9/manual-review.csv"",""migration/phase9/source-inventory.jsonl""]","[""Phase 9 warnings: private_draft_attachment_may_contain_personal_data"",""sourceFilename is deterministically redacted; authoritative filename evidence remains only in the Phase 9 manifest.""]","","","",""
"wix:asset:wix:activity:mwqi8:75dd1882ecea08b98e75","document","attachment","activity","wix:activity:mwqi8","兒童野外挑戰營","113","","migrate","migrated","activity-assets","activity-assets/<redacted>","activity-assets","wix:activity:mwqi8","ead9f98d9fd57f2fd64f21e8c4ccf3cae2bd067abc72d3c9144cc05d780440e1","source-ead9f98d9fd5.pdf","application/pdf","195791","private-draft","requires-owner-review","[""migration/phase9/assets-manifest.jsonl"",""migration/phase9/content-manifest.jsonl"",""migration/phase9/manual-review.csv"",""migration/phase9/source-inventory.jsonl""]","[""Phase 9 warnings: private_draft_attachment_may_contain_personal_data"",""sourceFilename is deterministically redacted; authoritative filename evidence remains only in the Phase 9 manifest.""]","","","",""
"wix:asset:wix:activity:mwqi8:e5066247ba2f0e99a935","image","gallery","activity","wix:activity:mwqi8","兒童野外挑戰營","113","","migrate","migrated","activity-assets","activity-assets/<redacted>","activity-assets","wix:activity:mwqi8","048d52f4af8f8c25163c86bc3643ffdf07df573ed372bdab64466ac08f1f11b4","source-048d52f4af8f.png","image/png","228984","private-draft","requires-owner-review","[""migration/phase9/assets-manifest.jsonl"",""migration/phase9/content-manifest.jsonl"",""migration/phase9/manual-review.csv"",""migration/phase9/source-inventory.jsonl""]","[""sourceFilename is deterministically redacted; authoritative filename evidence remains only in the Phase 9 manifest.""]","","","",""
"wix:asset:wix:activity:mwqi8:f362aeca452cc3b604f6","document","attachment","activity","wix:activity:mwqi8","兒童野外挑戰營","113","","migrate","migrated","activity-assets","activity-assets/<redacted>","activity-assets","wix:activity:mwqi8","404e6c4dfebd990747535b72a1de4b36ab52e0789e53f7e18d6104bab26f9272","source-404e6c4dfebd.pdf","application/pdf","68918","private-draft","requires-owner-review","[""migration/phase9/assets-manifest.jsonl"",""migration/phase9/content-manifest.jsonl"",""migration/phase9/manual-review.csv"",""migration/phase9/source-inventory.jsonl""]","[""Phase 9 warnings: private_draft_attachment_may_contain_personal_data"",""sourceFilename is deterministically redacted; authoritative filename evidence remains only in the Phase 9 manifest.""]","","","",""
"wix:asset:wix:activity:ncu3n:04c92dc82d60fdfdbe72","document","attachment","activity","wix:activity:ncu3n","個人形象管理","110","","migrate","migrated","activity-assets","activity-assets/<redacted>","activity-assets","wix:activity:ncu3n","43a60dcfa4ffee973e4779d8af384a365b3b538bdec659142547632c29fd8ec7","source-43a60dcfa4ff.pdf","application/pdf","193922","private-draft","requires-owner-review","[""migration/phase9/assets-manifest.jsonl"",""migration/phase9/content-manifest.jsonl"",""migration/phase9/manual-review.csv"",""migration/phase9/source-inventory.jsonl""]","[""Phase 9 warnings: private_draft_attachment_may_contain_personal_data"",""sourceFilename is deterministically redacted; authoritative filename evidence remains only in the Phase 9 manifest.""]","","","",""
"wix:asset:wix:activity:ncu3n:61cca57de5197f9e5999","document","attachment","activity","wix:activity:ncu3n","個人形象管理","110","","migrate","migrated","activity-assets","activity-assets/<redacted>","activity-assets","wix:activity:ncu3n","5dd079427ff16cbc338abc4c2e072e4a1ab44f131bbeea327db0551bb4cf32b8","source-5dd079427ff1.pdf","application/pdf","57802","private-draft","requires-owner-review","[""migration/phase9/assets-manifest.jsonl"",""migration/phase9/content-manifest.jsonl"",""migration/phase9/manual-review.csv"",""migration/phase9/source-inventory.jsonl""]","[""Phase 9 warnings: private_draft_attachment_may_contain_personal_data"",""sourceFilename is deterministically redacted; authoritative filename evidence remains only in the Phase 9 manifest.""]","","","",""
"wix:asset:wix:activity:ncu3n:722b1b963a7a8360a2a2","image","gallery","activity","wix:activity:ncu3n","個人形象管理","110","","migrate","migrated","activity-assets","activity-assets/<redacted>","activity-assets","wix:activity:ncu3n","45263a1dfbe971cc102d00df7eda4af3bbeb7a19ec15c0232079f679ac633b13","source-45263a1dfbe9.jpg","image/jpeg","130150","private-draft","requires-owner-review","[""migration/phase9/assets-manifest.jsonl"",""migration/phase9/content-manifest.jsonl"",""migration/phase9/manual-review.csv"",""migration/phase9/source-inventory.jsonl""]","[""sourceFilename is deterministically redacted; authoritative filename evidence remains only in the Phase 9 manifest.""]","","","",""
"wix:asset:wix:activity:ncu3n:9b1071ae9c5f07760172","document","attachment","activity","wix:activity:ncu3n","個人形象管理","110","","migrate","migrated","activity-assets","activity-assets/<redacted>","activity-assets","wix:activity:ncu3n","fa9117a0aa2f69b737e60cbbc5343cee2a1315e49cb09f222a7154c2140c5dbb","source-fa9117a0aa2f.pdf","application/pdf","230527","private-draft","requires-owner-review","[""migration/phase9/assets-manifest.jsonl"",""migration/phase9/content-manifest.jsonl"",""migration/phase9/manual-review.csv"",""migration/phase9/source-inventory.jsonl""]","[""Phase 9 warnings: private_draft_attachment_may_contain_personal_data"",""sourceFilename is deterministically redacted; authoritative filename evidence remains only in the Phase 9 manifest.""]","","","",""
"wix:asset:wix:activity:ncu3n:ad2df4394f98b6ceb2d7","document","attachment","activity","wix:activity:ncu3n","個人形象管理","110","","migrate","migrated","activity-assets","activity-assets/<redacted>","activity-assets","wix:activity:ncu3n","91d82453c57a70a8d195dfa743eb08b6ac93f0d6b4b0bab73f130faa8603e992","source-91d82453c57a.pdf","application/pdf","310256","private-draft","requires-owner-review","[""migration/phase9/assets-manifest.jsonl"",""migration/phase9/content-manifest.jsonl"",""migration/phase9/manual-review.csv"",""migration/phase9/source-inventory.jsonl""]","[""Phase 9 warnings: private_draft_attachment_may_contain_personal_data"",""sourceFilename is deterministically redacted; authoritative filename evidence remains only in the Phase 9 manifest.""]","","","",""
"wix:asset:wix:activity:ncu3n:e36c04349c58cf0b9aa0","image","cover","activity","wix:activity:ncu3n","個人形象管理","110","","migrate","migrated","activity-assets","activity-assets/<redacted>","activity-assets","wix:activity:ncu3n","7c6c19ea01101a93404636aa577eda0e7fe65a8ba9c5b6910b399ab8436d39b9","source-7c6c19ea0110.jpg","image/jpeg","135709","private-draft","requires-owner-review","[""migration/phase9/assets-manifest.jsonl"",""migration/phase9/content-manifest.jsonl"",""migration/phase9/manual-review.csv"",""migration/phase9/source-inventory.jsonl""]","[""sourceFilename is deterministically redacted; authoritative filename evidence remains only in the Phase 9 manifest.""]","","","",""
"wix:asset:wix:activity:ncu3n:eceb6aff20ed2292c3ac","document","attachment","activity","wix:activity:ncu3n","個人形象管理","110","","migrate","migrated","activity-assets","activity-assets/<redacted>","activity-assets","wix:activity:ncu3n","afaff14fb63d6cc3ef55bf0a8fef578eabea21fec986221b78df6f802e1c6579","source-afaff14fb63d.pdf","application/pdf","201699","private-draft","requires-owner-review","[""migration/phase9/assets-manifest.jsonl"",""migration/phase9/content-manifest.jsonl"",""migration/phase9/manual-review.csv"",""migration/phase9/source-inventory.jsonl""]","[""Phase 9 warnings: private_draft_attachment_may_contain_personal_data"",""sourceFilename is deterministically redacted; authoritative filename evidence remains only in the Phase 9 manifest.""]","","","",""
"wix:asset:wix:activity:ncu3n:f4e043d849696b663be8","image","gallery","activity","wix:activity:ncu3n","個人形象管理","110","","migrate","migrated","activity-assets","activity-assets/<redacted>","activity-assets","wix:activity:ncu3n","af30b655ab3b2b6ac96500cfbd618ba43aa3f13af63093146834453a7a95d903","source-af30b655ab3b.jpg","image/jpeg","138849","private-draft","requires-owner-review","[""migration/phase9/assets-manifest.jsonl"",""migration/phase9/content-manifest.jsonl"",""migration/phase9/manual-review.csv"",""migration/phase9/source-inventory.jsonl""]","[""sourceFilename is deterministically redacted; authoritative filename evidence remains only in the Phase 9 manifest.""]","","","",""
"wix:asset:wix:activity:ncu3n:f9075ab8a3310a3ee6eb","document","attachment","activity","wix:activity:ncu3n","個人形象管理","110","","migrate","migrated","activity-assets","activity-assets/<redacted>","activity-assets","wix:activity:ncu3n","0bb33482a6126d058215f05a5dcdc561faeb657157168dcc36e605d5a4b2b791","source-0bb33482a612.pdf","application/pdf","185737","private-draft","requires-owner-review","[""migration/phase9/assets-manifest.jsonl"",""migration/phase9/content-manifest.jsonl"",""migration/phase9/manual-review.csv"",""migration/phase9/source-inventory.jsonl""]","[""Phase 9 warnings: private_draft_attachment_may_contain_personal_data"",""sourceFilename is deterministically redacted; authoritative filename evidence remains only in the Phase 9 manifest.""]","","","",""
"wix:asset:wix:activity:nz8m8:00d3cb354a87d13a17b4","document","attachment","activity","wix:activity:nz8m8","世界地球日透過創造學會守護112","112","","migrate","migrated","activity-assets","activity-assets/<redacted>","activity-assets","wix:activity:nz8m8","498adb63f5a4ab566feb3274817a3f3ad4ec03bd43d24b9e0fd99945d7889571","source-498adb63f5a4.pdf","application/pdf","190834","private-draft","requires-owner-review","[""migration/phase9/assets-manifest.jsonl"",""migration/phase9/content-manifest.jsonl"",""migration/phase9/manual-review.csv"",""migration/phase9/source-inventory.jsonl""]","[""Phase 9 warnings: private_draft_attachment_may_contain_personal_data"",""sourceFilename is deterministically redacted; authoritative filename evidence remains only in the Phase 9 manifest.""]","","","",""
"wix:asset:wix:activity:nz8m8:0a83be912f84aa9a6880","image","gallery","activity","wix:activity:nz8m8","世界地球日透過創造學會守護112","112","","migrate","migrated","activity-assets","activity-assets/<redacted>","activity-assets","wix:activity:nz8m8","abc70aae3f07ea5c93f3ffc5ff113e327940f1b2d5980d498c90c19b2cd14b24","source-abc70aae3f07.jpg","image/jpeg","416681","private-draft","requires-owner-review","[""migration/phase9/assets-manifest.jsonl"",""migration/phase9/content-manifest.jsonl"",""migration/phase9/manual-review.csv"",""migration/phase9/source-inventory.jsonl""]","[""sourceFilename is deterministically redacted; authoritative filename evidence remains only in the Phase 9 manifest.""]","","","",""
"wix:asset:wix:activity:nz8m8:185f0308e9609347fb15","image","cover","activity","wix:activity:nz8m8","世界地球日透過創造學會守護112","112","","migrate","migrated","activity-assets","activity-assets/<redacted>","activity-assets","wix:activity:nz8m8","60ed75c3eb9bbe5e124e7965906efe759e1ef05d0131df2dfec441fab84fa4ab","source-60ed75c3eb9b.jpg","image/jpeg","530837","private-draft","requires-owner-review","[""migration/phase9/assets-manifest.jsonl"",""migration/phase9/content-manifest.jsonl"",""migration/phase9/manual-review.csv"",""migration/phase9/source-inventory.jsonl""]","[""sourceFilename is deterministically redacted; authoritative filename evidence remains only in the Phase 9 manifest.""]","","","",""
"wix:asset:wix:activity:nz8m8:3f8c1ea593861e5ee357","document","attachment","activity","wix:activity:nz8m8","世界地球日透過創造學會守護112","112","","migrate","migrated","activity-assets","activity-assets/<redacted>","activity-assets","wix:activity:nz8m8","6ad0576f6852d375204bdd4664f18be3a040a10ae8dd27118502c709475a433b","source-6ad0576f6852.pdf","application/pdf","274621","private-draft","requires-owner-review","[""migration/phase9/assets-manifest.jsonl"",""migration/phase9/content-manifest.jsonl"",""migration/phase9/manual-review.csv"",""migration/phase9/source-inventory.jsonl""]","[""Phase 9 warnings: private_draft_attachment_may_contain_personal_data"",""sourceFilename is deterministically redacted; authoritative filename evidence remains only in the Phase 9 manifest.""]","","","",""
"wix:asset:wix:activity:nz8m8:4e25caee74906a7f3f51","document","attachment","activity","wix:activity:nz8m8","世界地球日透過創造學會守護112","112","","migrate","migrated","activity-assets","activity-assets/<redacted>","activity-assets","wix:activity:nz8m8","49027e836f1e076768405de7b51c3fe19e0b1334f84a8a6179ce43a059a33885","source-49027e836f1e.pdf","application/pdf","197243","private-draft","requires-owner-review","[""migration/phase9/assets-manifest.jsonl"",""migration/phase9/content-manifest.jsonl"",""migration/phase9/manual-review.csv"",""migration/phase9/source-inventory.jsonl""]","[""Phase 9 warnings: private_draft_attachment_may_contain_personal_data"",""sourceFilename is deterministically redacted; authoritative filename evidence remains only in the Phase 9 manifest.""]","","","",""
"wix:asset:wix:activity:nz8m8:6a0bd4b6fa480a9bb06a","document","attachment","activity","wix:activity:nz8m8","世界地球日透過創造學會守護112","112","","migrate","migrated","activity-assets","activity-assets/<redacted>","activity-assets","wix:activity:nz8m8","c7a60f979efa6378092437be9de403fa02d9f8404cd081a3d4a9fb760a26d295","source-c7a60f979efa.pdf","application/pdf","99195","private-draft","requires-owner-review","[""migration/phase9/assets-manifest.jsonl"",""migration/phase9/content-manifest.jsonl"",""migration/phase9/manual-review.csv"",""migration/phase9/source-inventory.jsonl""]","[""Phase 9 warnings: private_draft_attachment_may_contain_personal_data"",""sourceFilename is deterministically redacted; authoritative filename evidence remains only in the Phase 9 manifest.""]","","","",""
"wix:asset:wix:activity:nz8m8:8acc4d75c2ae13a9cf24","document","attachment","activity","wix:activity:nz8m8","世界地球日透過創造學會守護112","112","","migrate","migrated","activity-assets","activity-assets/<redacted>","activity-assets","wix:activity:nz8m8","b77d52f627b62fc81e41c6af27a216333b77764676cb78d6b72de2521c2bb8ef","source-b77d52f627b6.pdf","application/pdf","65162","private-draft","requires-owner-review","[""migration/phase9/assets-manifest.jsonl"",""migration/phase9/content-manifest.jsonl"",""migration/phase9/manual-review.csv"",""migration/phase9/source-inventory.jsonl""]","[""Phase 9 warnings: private_draft_attachment_may_contain_personal_data"",""sourceFilename is deterministically redacted; authoritative filename evidence remains only in the Phase 9 manifest.""]","","","",""
"wix:asset:wix:activity:nz8m8:a7a7df2d65bc7386a26b","document","attachment","activity","wix:activity:nz8m8","世界地球日透過創造學會守護112","112","","migrate","migrated","activity-assets","activity-assets/<redacted>","activity-assets","wix:activity:nz8m8","903e1f4456a6e2fc8f9921697333ad3f75bf852caf7f0acfe3352cad93f9849c","source-903e1f4456a6.pdf","application/pdf","58524","private-draft","requires-owner-review","[""migration/phase9/assets-manifest.jsonl"",""migration/phase9/content-manifest.jsonl"",""migration/phase9/manual-review.csv"",""migration/phase9/source-inventory.jsonl""]","[""Phase 9 warnings: private_draft_attachment_may_contain_personal_data"",""sourceFilename is deterministically redacted; authoritative filename evidence remains only in the Phase 9 manifest.""]","","","",""
"wix:asset:wix:activity:nz8m8:f2bd7b3011ee7bb673c5","image","gallery","activity","wix:activity:nz8m8","世界地球日透過創造學會守護112","112","","migrate","migrated","activity-assets","activity-assets/<redacted>","activity-assets","wix:activity:nz8m8","62f1829a0d1a8dbf3573e5a35fa3fba91a009c8562667dedecff23634d95cf75","source-62f1829a0d1a.jpg","image/jpeg","510900","private-draft","requires-owner-review","[""migration/phase9/assets-manifest.jsonl"",""migration/phase9/content-manifest.jsonl"",""migration/phase9/manual-review.csv"",""migration/phase9/source-inventory.jsonl""]","[""sourceFilename is deterministically redacted; authoritative filename evidence remains only in the Phase 9 manifest.""]","","","",""
"wix:asset:wix:activity:o2emp:0999df67f388862e15c8","document","attachment","activity","wix:activity:o2emp","聖誕慈善嘉年華 111","111","","migrate","migrated","activity-assets","activity-assets/<redacted>","activity-assets","wix:activity:o2emp","7d218ae1bec9c4c61768d387b5447c05c71052603d970f6b086d0311d2d08070","source-7d218ae1bec9.pdf","application/pdf","68032","private-draft","requires-owner-review","[""migration/phase9/assets-manifest.jsonl"",""migration/phase9/content-manifest.jsonl"",""migration/phase9/manual-review.csv"",""migration/phase9/source-inventory.jsonl""]","[""sourceFilename is deterministically redacted; authoritative filename evidence remains only in the Phase 9 manifest.""]","","","",""
"wix:asset:wix:activity:o2emp:26926bfbc05fd3735dc1","image","gallery","activity","wix:activity:o2emp","聖誕慈善嘉年華 111","111","","migrate","migrated","activity-assets","activity-assets/<redacted>","activity-assets","wix:activity:o2emp","eb62af9398929dccaeecdf09f97e377ff072a6754eefe483898f3833813fcb25","source-eb62af939892.jpg","image/jpeg","69395","private-draft","requires-owner-review","[""migration/phase9/assets-manifest.jsonl"",""migration/phase9/content-manifest.jsonl"",""migration/phase9/manual-review.csv"",""migration/phase9/source-inventory.jsonl""]","[""sourceFilename is deterministically redacted; authoritative filename evidence remains only in the Phase 9 manifest.""]","","","",""
"wix:asset:wix:activity:o2emp:a11bd9d80b85b6a74ddb","document","attachment","activity","wix:activity:o2emp","聖誕慈善嘉年華 111","111","","migrate","migrated","activity-assets","activity-assets/<redacted>","activity-assets","wix:activity:o2emp","51de5406db536f9ec412921fa5df7a468d27215696f1fd673de5fbd2da24fd14","source-51de5406db53.pdf","application/pdf","61908","private-draft","requires-owner-review","[""migration/phase9/assets-manifest.jsonl"",""migration/phase9/content-manifest.jsonl"",""migration/phase9/manual-review.csv"",""migration/phase9/source-inventory.jsonl""]","[""sourceFilename is deterministically redacted; authoritative filename evidence remains only in the Phase 9 manifest.""]","","","",""
"wix:asset:wix:activity:o2emp:b8d247a5b65714677b63","document","attachment","activity","wix:activity:o2emp","聖誕慈善嘉年華 111","111","","migrate","migrated","activity-assets","activity-assets/<redacted>","activity-assets","wix:activity:o2emp","2b178b8a6687b44a0fc3dd78e2bcc5c7616e99ba9d139b2aedd70572262e9384","source-2b178b8a6687.pdf","application/pdf","73072","private-draft","requires-owner-review","[""migration/phase9/assets-manifest.jsonl"",""migration/phase9/content-manifest.jsonl"",""migration/phase9/manual-review.csv"",""migration/phase9/source-inventory.jsonl""]","[""sourceFilename is deterministically redacted; authoritative filename evidence remains only in the Phase 9 manifest.""]","","","",""
"wix:asset:wix:activity:o2emp:bb4353cdf690bfc5d594","image","cover","activity","wix:activity:o2emp","聖誕慈善嘉年華 111","111","","migrate","migrated","activity-assets","activity-assets/<redacted>","activity-assets","wix:activity:o2emp","093e4aaa4f161e8f64b55628b3d6735fa30e1b9625023686ecdedb039fab3f34","source-093e4aaa4f16.jpg","image/jpeg","39340","private-draft","requires-owner-review","[""migration/phase9/assets-manifest.jsonl"",""migration/phase9/content-manifest.jsonl"",""migration/phase9/manual-review.csv"",""migration/phase9/source-inventory.jsonl""]","[""sourceFilename is deterministically redacted; authoritative filename evidence remains only in the Phase 9 manifest.""]","","","",""
"wix:asset:wix:activity:o3j0h:06115a9f11d98e235c2d","document","attachment","activity","wix:activity:o3j0h","把愛送到家-蔥油餅DIY","110","","migrate","migrated","activity-assets","activity-assets/<redacted>","activity-assets","wix:activity:o3j0h","ed26700043ec988333022cbc78bcf8e3ae06c75caf5c96d824d647880c2350f8","source-ed26700043ec.pdf","application/pdf","187622","private-draft","requires-owner-review","[""migration/phase9/assets-manifest.jsonl"",""migration/phase9/content-manifest.jsonl"",""migration/phase9/manual-review.csv"",""migration/phase9/source-inventory.jsonl""]","[""Phase 9 warnings: private_draft_attachment_may_contain_personal_data"",""sourceFilename is deterministically redacted; authoritative filename evidence remains only in the Phase 9 manifest.""]","","","",""
"wix:asset:wix:activity:o3j0h:18c3ac26280ecd393526","image","cover","activity","wix:activity:o3j0h","把愛送到家-蔥油餅DIY","110","","migrate","migrated","activity-assets","activity-assets/<redacted>","activity-assets","wix:activity:o3j0h","b430da2aa2325a3b911795f829210db760fd2431baca9e811bc65fb060da01e7","source-b430da2aa232.jpg","image/jpeg","386637","private-draft","requires-owner-review","[""migration/phase9/assets-manifest.jsonl"",""migration/phase9/content-manifest.jsonl"",""migration/phase9/manual-review.csv"",""migration/phase9/source-inventory.jsonl""]","[""sourceFilename is deterministically redacted; authoritative filename evidence remains only in the Phase 9 manifest.""]","","","",""
"wix:asset:wix:activity:o3j0h:24a6a9bd2a609bd55e4c","document","attachment","activity","wix:activity:o3j0h","把愛送到家-蔥油餅DIY","110","","migrate","migrated","activity-assets","activity-assets/<redacted>","activity-assets","wix:activity:o3j0h","b9fd3ff87b902cd8e934e2d8b63cb84ae58df53e7d822f603e1b380543b81893","source-b9fd3ff87b90.pdf","application/pdf","201569","private-draft","requires-owner-review","[""migration/phase9/assets-manifest.jsonl"",""migration/phase9/content-manifest.jsonl"",""migration/phase9/manual-review.csv"",""migration/phase9/source-inventory.jsonl""]","[""Phase 9 warnings: private_draft_attachment_may_contain_personal_data"",""sourceFilename is deterministically redacted; authoritative filename evidence remains only in the Phase 9 manifest.""]","","","",""
"wix:asset:wix:activity:o3j0h:4aa4c716d39c7920c23e","image","gallery","activity","wix:activity:o3j0h","把愛送到家-蔥油餅DIY","110","","migrate","migrated","activity-assets","activity-assets/<redacted>","activity-assets","wix:activity:o3j0h","8e8626323c9c9e14f6101e530200cb8c37e09b5eda98c5dd07c4dcfc5005c945","source-8e8626323c9c.jpg","image/jpeg","428351","private-draft","requires-owner-review","[""migration/phase9/assets-manifest.jsonl"",""migration/phase9/content-manifest.jsonl"",""migration/phase9/manual-review.csv"",""migration/phase9/source-inventory.jsonl""]","[""sourceFilename is deterministically redacted; authoritative filename evidence remains only in the Phase 9 manifest.""]","","","",""
"wix:asset:wix:activity:o3j0h:80930a090d9619c9dc3c","document","attachment","activity","wix:activity:o3j0h","把愛送到家-蔥油餅DIY","110","","migrate","migrated","activity-assets","activity-assets/<redacted>","activity-assets","wix:activity:o3j0h","ad5bf3f5b3812519145fd059bf543952b41fe2ab0abee7140b61695e17243778","source-ad5bf3f5b381.pdf","application/pdf","126176","private-draft","requires-owner-review","[""migration/phase9/assets-manifest.jsonl"",""migration/phase9/content-manifest.jsonl"",""migration/phase9/manual-review.csv"",""migration/phase9/source-inventory.jsonl""]","[""Phase 9 warnings: private_draft_attachment_may_contain_personal_data"",""sourceFilename is deterministically redacted; authoritative filename evidence remains only in the Phase 9 manifest.""]","","","",""
"wix:asset:wix:activity:o3j0h:8a38f01e5bed791a846c","image","gallery","activity","wix:activity:o3j0h","把愛送到家-蔥油餅DIY","110","","migrate","migrated","activity-assets","activity-assets/<redacted>","activity-assets","wix:activity:o3j0h","915cc70203b1935e4eebb7b996eb91565b23ba9ba128bbf75957e1b874ebe1d9","source-915cc70203b1.jpg","image/jpeg","329865","private-draft","requires-owner-review","[""migration/phase9/assets-manifest.jsonl"",""migration/phase9/content-manifest.jsonl"",""migration/phase9/manual-review.csv"",""migration/phase9/source-inventory.jsonl""]","[""sourceFilename is deterministically redacted; authoritative filename evidence remains only in the Phase 9 manifest.""]","","","",""
"wix:asset:wix:activity:o3j0h:8d843a9982e8c08ca209","document","attachment","activity","wix:activity:o3j0h","把愛送到家-蔥油餅DIY","110","","migrate","migrated","activity-assets","activity-assets/<redacted>","activity-assets","wix:activity:o3j0h","b59f112b87fd714f97f7aeda6d6a9385c4648a0c984bae4f8cbe1efbae1c8953","source-b59f112b87fd.pdf","application/pdf","129051","private-draft","requires-owner-review","[""migration/phase9/assets-manifest.jsonl"",""migration/phase9/content-manifest.jsonl"",""migration/phase9/manual-review.csv"",""migration/phase9/source-inventory.jsonl""]","[""Phase 9 warnings: private_draft_attachment_may_contain_personal_data"",""sourceFilename is deterministically redacted; authoritative filename evidence remains only in the Phase 9 manifest.""]","","","",""
"wix:asset:wix:activity:o3j0h:b440aea77383ac8c01aa","document","attachment","activity","wix:activity:o3j0h","把愛送到家-蔥油餅DIY","110","","migrate","migrated","activity-assets","activity-assets/<redacted>","activity-assets","wix:activity:o3j0h","e236d04edf17cd33f814be843199a5ab7fff12717bd086d9f2dee993ebe15b80","source-e236d04edf17.pdf","application/pdf","212821","private-draft","requires-owner-review","[""migration/phase9/assets-manifest.jsonl"",""migration/phase9/content-manifest.jsonl"",""migration/phase9/manual-review.csv"",""migration/phase9/source-inventory.jsonl""]","[""Phase 9 warnings: private_draft_attachment_may_contain_personal_data"",""sourceFilename is deterministically redacted; authoritative filename evidence remains only in the Phase 9 manifest.""]","","","",""
"wix:asset:wix:activity:o3j0h:bfaa8c01583c253e7f9f","document","attachment","activity","wix:activity:o3j0h","把愛送到家-蔥油餅DIY","110","","migrate","migrated","activity-assets","activity-assets/<redacted>","activity-assets","wix:activity:o3j0h","b9613c22eb5ae38dd8f62e7517f76101edafa55aeb88f544f3a5470a7d4666a4","source-b9613c22eb5a.pdf","application/pdf","122932","private-draft","requires-owner-review","[""migration/phase9/assets-manifest.jsonl"",""migration/phase9/content-manifest.jsonl"",""migration/phase9/manual-review.csv"",""migration/phase9/source-inventory.jsonl""]","[""Phase 9 warnings: private_draft_attachment_may_contain_personal_data"",""sourceFilename is deterministically redacted; authoritative filename evidence remains only in the Phase 9 manifest.""]","","","",""
"wix:asset:wix:activity:o3j0h:e839b7bec45593649d97","document","attachment","activity","wix:activity:o3j0h","把愛送到家-蔥油餅DIY","110","","migrate","migrated","activity-assets","activity-assets/<redacted>","activity-assets","wix:activity:o3j0h","034dc3100099e6d6e60b62416391b6458bf4f6f76f23adac8de5a8253467a37b","source-034dc3100099.pdf","application/pdf","128995","private-draft","requires-owner-review","[""migration/phase9/assets-manifest.jsonl"",""migration/phase9/content-manifest.jsonl"",""migration/phase9/manual-review.csv"",""migration/phase9/source-inventory.jsonl""]","[""Phase 9 warnings: private_draft_attachment_may_contain_personal_data"",""sourceFilename is deterministically redacted; authoritative filename evidence remains only in the Phase 9 manifest.""]","","","",""
"wix:asset:wix:activity:o6h8s:1e249613658ed7127f8d","document","attachment","activity","wix:activity:o6h8s","品格教育營","114","","migrate","migrated","activity-assets","activity-assets/<redacted>","activity-assets","wix:activity:o6h8s","5ec03bb9992ceff365889620c928673d75350ed77bb028841067335d3ec6f607","source-5ec03bb9992c.pdf","application/pdf","138776","private-draft","requires-owner-review","[""migration/phase9/assets-manifest.jsonl"",""migration/phase9/content-manifest.jsonl"",""migration/phase9/manual-review.csv"",""migration/phase9/source-inventory.jsonl""]","[""sourceFilename is deterministically redacted; authoritative filename evidence remains only in the Phase 9 manifest.""]","","","",""
"wix:asset:wix:activity:o6h8s:2bc6203d789f0f69f672","document","attachment","activity","wix:activity:o6h8s","品格教育營","114","","migrate","migrated","activity-assets","activity-assets/<redacted>","activity-assets","wix:activity:o6h8s","e202140ffd9bf1ea944e4a211cf97a87e826a4620f543041391dd39cda1fb21a","source-e202140ffd9b.pdf","application/pdf","275653","private-draft","requires-owner-review","[""migration/phase9/assets-manifest.jsonl"",""migration/phase9/content-manifest.jsonl"",""migration/phase9/manual-review.csv"",""migration/phase9/source-inventory.jsonl""]","[""sourceFilename is deterministically redacted; authoritative filename evidence remains only in the Phase 9 manifest.""]","","","",""
"wix:asset:wix:activity:o6h8s:525ae5efec5082f028c1","document","attachment","activity","wix:activity:o6h8s","品格教育營","114","","migrate","migrated","activity-assets","activity-assets/<redacted>","activity-assets","wix:activity:o6h8s","60be1dc11d92f8db688a92cfd86c10d697ffd5fda2b48261276e4b325cf3ff73","source-60be1dc11d92.pdf","application/pdf","176111","private-draft","requires-owner-review","[""migration/phase9/assets-manifest.jsonl"",""migration/phase9/content-manifest.jsonl"",""migration/phase9/manual-review.csv"",""migration/phase9/source-inventory.jsonl""]","[""sourceFilename is deterministically redacted; authoritative filename evidence remains only in the Phase 9 manifest.""]","","","",""
"wix:asset:wix:activity:o6h8s:863aab10265415d639c9","document","attachment","activity","wix:activity:o6h8s","品格教育營","114","","migrate","migrated","activity-assets","activity-assets/<redacted>","activity-assets","wix:activity:o6h8s","c4e73a78770fe54ddba2a65818cf6e62e76b27d26a26e01e9343f0463636a5cf","source-c4e73a78770f.pdf","application/pdf","132147","private-draft","requires-owner-review","[""migration/phase9/assets-manifest.jsonl"",""migration/phase9/content-manifest.jsonl"",""migration/phase9/manual-review.csv"",""migration/phase9/source-inventory.jsonl""]","[""sourceFilename is deterministically redacted; authoritative filename evidence remains only in the Phase 9 manifest.""]","","","",""
"wix:asset:wix:activity:o6h8s:9c8678960904890e41d7","document","attachment","activity","wix:activity:o6h8s","品格教育營","114","","migrate","migrated","activity-assets","activity-assets/<redacted>","activity-assets","wix:activity:o6h8s","fe10dfb797ddcd7df0859d85b7f0c9ac8e2e12a56a03238ea32cfd3e737a0848","source-fe10dfb797dd.pdf","application/pdf","276273","private-draft","requires-owner-review","[""migration/phase9/assets-manifest.jsonl"",""migration/phase9/content-manifest.jsonl"",""migration/phase9/manual-review.csv"",""migration/phase9/source-inventory.jsonl""]","[""sourceFilename is deterministically redacted; authoritative filename evidence remains only in the Phase 9 manifest.""]","","","",""
"wix:asset:wix:activity:o6h8s:b05b47dc4ad7c6abeb67","image","cover","activity","wix:activity:o6h8s","品格教育營","114","","migrate","migrated","activity-assets","activity-assets/<redacted>","activity-assets","wix:activity:o6h8s","f6b7790d1f0d565bfb5c92d004ac87e8636eeee1f9e31f750f2dfc4513e6fd31","source-f6b7790d1f0d.jpg","image/jpeg","333050","private-draft","requires-owner-review","[""migration/phase9/assets-manifest.jsonl"",""migration/phase9/content-manifest.jsonl"",""migration/phase9/manual-review.csv"",""migration/phase9/source-inventory.jsonl""]","[""sourceFilename is deterministically redacted; authoritative filename evidence remains only in the Phase 9 manifest.""]","","","",""
"wix:asset:wix:activity:on53s:148be0eb1dcd8cff131a","document","attachment","activity","wix:activity:on53s","登山博覽會","113","","migrate","migrated","activity-assets","activity-assets/<redacted>","activity-assets","wix:activity:on53s","1dbb0bfbb0d16b337c0c1f66d22069270f1cb5841c2d0ecf32b83d2a495e9d9a","source-1dbb0bfbb0d1.pdf","application/pdf","204256","private-draft","requires-owner-review","[""migration/phase9/assets-manifest.jsonl"",""migration/phase9/content-manifest.jsonl"",""migration/phase9/manual-review.csv"",""migration/phase9/source-inventory.jsonl""]","[""Phase 9 warnings: private_draft_attachment_may_contain_personal_data"",""Same source object has 2 distinct Storage/owner assignments; each assignment is preserved."",""sourceFilename is deterministically redacted; authoritative filename evidence remains only in the Phase 9 manifest.""]","","","",""
"wix:asset:wix:activity:on53s:1eae792f423fb534628b","image","cover","activity","wix:activity:on53s","登山博覽會","113","","migrate","migrated","activity-assets","activity-assets/<redacted>","activity-assets","wix:activity:on53s","4b0083624618301d1e6ae70fc2db23893e7dc3cbf02259ff801aebd913c460dd","source-4b0083624618.jpg","image/jpeg","265241","private-draft","requires-owner-review","[""migration/phase9/assets-manifest.jsonl"",""migration/phase9/content-manifest.jsonl"",""migration/phase9/manual-review.csv"",""migration/phase9/source-inventory.jsonl""]","[""sourceFilename is deterministically redacted; authoritative filename evidence remains only in the Phase 9 manifest.""]","","","",""
"wix:asset:wix:activity:on53s:2bda63ce91f8ff86b8a6","image","gallery","activity","wix:activity:on53s","登山博覽會","113","","migrate","migrated","activity-assets","activity-assets/<redacted>","activity-assets","wix:activity:on53s","76207cad6e03a4d92794905fdb821c3c4c02b6c9a33084305d343013b78cf4ca","source-76207cad6e03.jpg","image/jpeg","1025825","private-draft","requires-owner-review","[""migration/phase9/assets-manifest.jsonl"",""migration/phase9/content-manifest.jsonl"",""migration/phase9/manual-review.csv"",""migration/phase9/source-inventory.jsonl""]","[""sourceFilename is deterministically redacted; authoritative filename evidence remains only in the Phase 9 manifest.""]","","","",""
"wix:asset:wix:activity:on53s:63c5813e350ad318e10f","image","gallery","activity","wix:activity:on53s","登山博覽會","113","","migrate","migrated","activity-assets","activity-assets/<redacted>","activity-assets","wix:activity:on53s","ff51bb1a0a5aa307297aed746e5b1765a8fc40d35dc7e0736515060021e516a8","source-ff51bb1a0a5a.jpg","image/jpeg","454864","private-draft","requires-owner-review","[""migration/phase9/assets-manifest.jsonl"",""migration/phase9/content-manifest.jsonl"",""migration/phase9/manual-review.csv"",""migration/phase9/source-inventory.jsonl""]","[""sourceFilename is deterministically redacted; authoritative filename evidence remains only in the Phase 9 manifest.""]","","","",""
"wix:asset:wix:activity:on53s:73d02f58d5a04f9f4740","document","attachment","activity","wix:activity:on53s","登山博覽會","113","","migrate","migrated","activity-assets","activity-assets/<redacted>","activity-assets","wix:activity:on53s","84beeca88202445aece4c59ca5afc69206c128abc08ab7fa44c40b9eb6f0e112","source-84beeca88202.pdf","application/pdf","120339","private-draft","requires-owner-review","[""migration/phase9/assets-manifest.jsonl"",""migration/phase9/content-manifest.jsonl"",""migration/phase9/manual-review.csv"",""migration/phase9/source-inventory.jsonl""]","[""Phase 9 warnings: private_draft_attachment_may_contain_personal_data"",""sourceFilename is deterministically redacted; authoritative filename evidence remains only in the Phase 9 manifest.""]","","","",""
"wix:asset:wix:activity:on53s:7b70706f7ee20c7e4aaa","document","attachment","activity","wix:activity:on53s","登山博覽會","113","","migrate","migrated","activity-assets","activity-assets/<redacted>","activity-assets","wix:activity:on53s","bbde26e74d36183ed839a39aac82f52b84bd776310abeb1cc5f69ff7c9e9441e","source-bbde26e74d36.pdf","application/pdf","253328","private-draft","requires-owner-review","[""migration/phase9/assets-manifest.jsonl"",""migration/phase9/content-manifest.jsonl"",""migration/phase9/manual-review.csv"",""migration/phase9/source-inventory.jsonl""]","[""Phase 9 warnings: private_draft_attachment_may_contain_personal_data"",""Same source object has 2 distinct Storage/owner assignments; each assignment is preserved."",""sourceFilename is deterministically redacted; authoritative filename evidence remains only in the Phase 9 manifest.""]","","","",""
"wix:asset:wix:activity:on53s:8314e70c9df8d39c97c7","document","attachment","activity","wix:activity:on53s","登山博覽會","113","","migrate","migrated","activity-assets","activity-assets/<redacted>","activity-assets","wix:activity:on53s","0f331e401844898a4251b6bd27cd61aef6d5cf5000a823148fc7db5311fc2977","source-0f331e401844.pdf","application/pdf","60204","private-draft","requires-owner-review","[""migration/phase9/assets-manifest.jsonl"",""migration/phase9/content-manifest.jsonl"",""migration/phase9/manual-review.csv"",""migration/phase9/source-inventory.jsonl""]","[""Phase 9 warnings: private_draft_attachment_may_contain_personal_data"",""sourceFilename is deterministically redacted; authoritative filename evidence remains only in the Phase 9 manifest.""]","","","",""
"wix:asset:wix:activity:on53s:cefdabbb148c31f92721","document","attachment","activity","wix:activity:on53s","登山博覽會","113","","migrate","migrated","activity-assets","activity-assets/<redacted>","activity-assets","wix:activity:on53s","269b59ddcaedd1e34d96f59774086f2ed22c832e1faaddfb4d420c181d57f7ec","source-269b59ddcaed.pdf","application/pdf","188982","private-draft","requires-owner-review","[""migration/phase9/assets-manifest.jsonl"",""migration/phase9/content-manifest.jsonl"",""migration/phase9/manual-review.csv"",""migration/phase9/source-inventory.jsonl""]","[""Phase 9 warnings: private_draft_attachment_may_contain_personal_data"",""sourceFilename is deterministically redacted; authoritative filename evidence remains only in the Phase 9 manifest.""]","","","",""
"wix:asset:wix:activity:r9q61:39b6c9f20fcff0051b5a","document","attachment","activity","wix:activity:r9q61","大山領袖培訓工作坊112","112","","migrate","migrated","activity-assets","activity-assets/<redacted>","activity-assets","wix:activity:r9q61","121eccd8984ff2811ded0325e5e20f4886940927f818787fa06185a25ae80f31","source-121eccd8984f.pdf","application/pdf","196300","private-draft","requires-owner-review","[""migration/phase9/assets-manifest.jsonl"",""migration/phase9/content-manifest.jsonl"",""migration/phase9/manual-review.csv"",""migration/phase9/source-inventory.jsonl""]","[""Phase 9 warnings: private_draft_attachment_may_contain_personal_data"",""sourceFilename is deterministically redacted; authoritative filename evidence remains only in the Phase 9 manifest.""]","","","",""
"wix:asset:wix:activity:r9q61:4d77ae33b75deab2b7a2","document","attachment","activity","wix:activity:r9q61","大山領袖培訓工作坊112","112","","migrate","migrated","activity-assets","activity-assets/<redacted>","activity-assets","wix:activity:r9q61","6b53ec3862d426ea3f07063a31dae8e22e45ac6b76859cdeef77ff43795095f6","source-6b53ec3862d4.pdf","application/pdf","57900","private-draft","requires-owner-review","[""migration/phase9/assets-manifest.jsonl"",""migration/phase9/content-manifest.jsonl"",""migration/phase9/manual-review.csv"",""migration/phase9/source-inventory.jsonl""]","[""Phase 9 warnings: private_draft_attachment_may_contain_personal_data"",""sourceFilename is deterministically redacted; authoritative filename evidence remains only in the Phase 9 manifest.""]","","","",""
"wix:asset:wix:activity:r9q61:55273953d6094a6f917d","document","attachment","activity","wix:activity:r9q61","大山領袖培訓工作坊112","112","","migrate","migrated","activity-assets","activity-assets/<redacted>","activity-assets","wix:activity:r9q61","43403eb57db562b8b7c1f3386ddbd992422e927cb4b4be9641d3c96d0fc2b68e","source-43403eb57db5.pdf","application/pdf","65104","private-draft","requires-owner-review","[""migration/phase9/assets-manifest.jsonl"",""migration/phase9/content-manifest.jsonl"",""migration/phase9/manual-review.csv"",""migration/phase9/source-inventory.jsonl""]","[""Phase 9 warnings: private_draft_attachment_may_contain_personal_data"",""sourceFilename is deterministically redacted; authoritative filename evidence remains only in the Phase 9 manifest.""]","","","",""
"wix:asset:wix:activity:r9q61:6119496dcdb6d658e0a4","image","gallery","activity","wix:activity:r9q61","大山領袖培訓工作坊112","112","","migrate","migrated","activity-assets","activity-assets/<redacted>","activity-assets","wix:activity:r9q61","760fa774675fabf8a3704c77872b3b77f1b6665f8bde33939db7164e8ad75734","source-760fa774675f.png","image/png","5336","private-draft","requires-owner-review","[""migration/phase9/assets-manifest.jsonl"",""migration/phase9/content-manifest.jsonl"",""migration/phase9/manual-review.csv"",""migration/phase9/source-inventory.jsonl""]","[""sourceFilename is deterministically redacted; authoritative filename evidence remains only in the Phase 9 manifest.""]","","","",""
"wix:asset:wix:activity:r9q61:6166c4e00314d43173d4","document","attachment","activity","wix:activity:r9q61","大山領袖培訓工作坊112","112","","migrate","migrated","activity-assets","activity-assets/<redacted>","activity-assets","wix:activity:r9q61","438f1b4beb6586bbf9b8e29daf7fe5ded92b4c4a04360cb6d0b4c2bc385ec50b","source-438f1b4beb65.pdf","application/pdf","186168","private-draft","requires-owner-review","[""migration/phase9/assets-manifest.jsonl"",""migration/phase9/content-manifest.jsonl"",""migration/phase9/manual-review.csv"",""migration/phase9/source-inventory.jsonl""]","[""Phase 9 warnings: private_draft_attachment_may_contain_personal_data"",""sourceFilename is deterministically redacted; authoritative filename evidence remains only in the Phase 9 manifest.""]","","","",""
"wix:asset:wix:activity:r9q61:88d65a7beac1b6db1f3f","document","attachment","activity","wix:activity:r9q61","大山領袖培訓工作坊112","112","","migrate","migrated","activity-assets","activity-assets/<redacted>","activity-assets","wix:activity:r9q61","1f8ced67c8ff7cc51519a35210fec6a32e0fc1fa9bb36ea4185ac3fe438787f1","source-1f8ced67c8ff.pdf","application/pdf","789488","private-draft","requires-owner-review","[""migration/phase9/assets-manifest.jsonl"",""migration/phase9/content-manifest.jsonl"",""migration/phase9/manual-review.csv"",""migration/phase9/source-inventory.jsonl""]","[""Phase 9 warnings: private_draft_attachment_may_contain_personal_data"",""sourceFilename is deterministically redacted; authoritative filename evidence remains only in the Phase 9 manifest.""]","","","",""
"wix:asset:wix:activity:r9q61:f1cd7e1b39696b8f8c78","image","gallery","activity","wix:activity:r9q61","大山領袖培訓工作坊112","112","","migrate","migrated","activity-assets","activity-assets/<redacted>","activity-assets","wix:activity:r9q61","e43719da9e877b55b650ae9840a833e9084307738318ae8db828353bcdf89d2c","source-e43719da9e87.png","image/png","5083","private-draft","requires-owner-review","[""migration/phase9/assets-manifest.jsonl"",""migration/phase9/content-manifest.jsonl"",""migration/phase9/manual-review.csv"",""migration/phase9/source-inventory.jsonl""]","[""sourceFilename is deterministically redacted; authoritative filename evidence remains only in the Phase 9 manifest.""]","","","",""
"wix:asset:wix:activity:r9q61:f92baa38b49190419620","image","cover","activity","wix:activity:r9q61","大山領袖培訓工作坊112","112","","migrate","migrated","activity-assets","activity-assets/<redacted>","activity-assets","wix:activity:r9q61","b12cde3b8c4048dd81d3bb5c39c90752e12abc68eee9be0f0a8940f5946e14fb","source-b12cde3b8c40.png","image/png","5280","private-draft","requires-owner-review","[""migration/phase9/assets-manifest.jsonl"",""migration/phase9/content-manifest.jsonl"",""migration/phase9/manual-review.csv"",""migration/phase9/source-inventory.jsonl""]","[""sourceFilename is deterministically redacted; authoritative filename evidence remains only in the Phase 9 manifest.""]","","","",""
"wix:asset:wix:activity:ra9kd:527a0ad22dcbbda7db60","document","attachment","activity","wix:activity:ra9kd","清寒兒童陪讀服務 111","111","","migrate","migrated","activity-assets","activity-assets/<redacted>","activity-assets","wix:activity:ra9kd","b9b2f9c387607fafaf15557beb36ecfb878bb688a6b0c2109a7694e98134c093","source-b9b2f9c38760.pdf","application/pdf","325003","private-draft","requires-owner-review","[""migration/phase9/assets-manifest.jsonl"",""migration/phase9/content-manifest.jsonl"",""migration/phase9/manual-review.csv"",""migration/phase9/source-inventory.jsonl""]","[""sourceFilename is deterministically redacted; authoritative filename evidence remains only in the Phase 9 manifest.""]","","","",""
"wix:asset:wix:activity:ra9kd:52c145cb042144079df0","image","gallery","activity","wix:activity:ra9kd","清寒兒童陪讀服務 111","111","","migrate","migrated","activity-assets","activity-assets/<redacted>","activity-assets","wix:activity:ra9kd","63a0983ebe2ec86e7bb9796feb88c48e2df229e5281e2819abed15df1dc92649","source-63a0983ebe2e.png","image/png","5250","private-draft","requires-owner-review","[""migration/phase9/assets-manifest.jsonl"",""migration/phase9/content-manifest.jsonl"",""migration/phase9/manual-review.csv"",""migration/phase9/source-inventory.jsonl""]","[""sourceFilename is deterministically redacted; authoritative filename evidence remains only in the Phase 9 manifest.""]","","","",""
"wix:asset:wix:activity:ra9kd:9c24878941f99d90e01f","image","gallery","activity","wix:activity:ra9kd","清寒兒童陪讀服務 111","111","","migrate","migrated","activity-assets","activity-assets/<redacted>","activity-assets","wix:activity:ra9kd","09651f17c757c810f77a250cdaf2d5b468b0372ae1c562fee395bb76e7a1f5a3","source-09651f17c757.jpg","image/jpeg","278931","private-draft","requires-owner-review","[""migration/phase9/assets-manifest.jsonl"",""migration/phase9/content-manifest.jsonl"",""migration/phase9/manual-review.csv"",""migration/phase9/source-inventory.jsonl""]","[""sourceFilename is deterministically redacted; authoritative filename evidence remains only in the Phase 9 manifest.""]","","","",""
"wix:asset:wix:activity:ra9kd:c0dabc77e4832a5a400c","image","cover","activity","wix:activity:ra9kd","清寒兒童陪讀服務 111","111","","migrate","migrated","activity-assets","activity-assets/<redacted>","activity-assets","wix:activity:ra9kd","054061c609d6f640cbf1bd8e253ab61b35b8089caa59a2610402fc2e34ad72e4","source-054061c609d6.png","image/png","5633","private-draft","requires-owner-review","[""migration/phase9/assets-manifest.jsonl"",""migration/phase9/content-manifest.jsonl"",""migration/phase9/manual-review.csv"",""migration/phase9/source-inventory.jsonl""]","[""sourceFilename is deterministically redacted; authoritative filename evidence remains only in the Phase 9 manifest.""]","","","",""
"wix:asset:wix:activity:ra9kd:e06970e3dab51309824d","document","attachment","activity","wix:activity:ra9kd","清寒兒童陪讀服務 111","111","","migrate","migrated","activity-assets","activity-assets/<redacted>","activity-assets","wix:activity:ra9kd","29f850790eb4e9ec7ae15dc36a33eb5636ed425777fc2d09a9104252767cd26e","source-29f850790eb4.pdf","application/pdf","337827","private-draft","requires-owner-review","[""migration/phase9/assets-manifest.jsonl"",""migration/phase9/content-manifest.jsonl"",""migration/phase9/manual-review.csv"",""migration/phase9/source-inventory.jsonl""]","[""sourceFilename is deterministically redacted; authoritative filename evidence remains only in the Phase 9 manifest.""]","","","",""
"wix:asset:wix:activity:rndc1:1c95bfd4af6847616d3e","document","attachment","activity","wix:activity:rndc1","幹部訓練 111","111","","migrate","migrated","activity-assets","activity-assets/<redacted>","activity-assets","wix:activity:rndc1","7b27a9e7e7e69f4ec714c4596a0d504a82cf3961712c363096d45a8513157dfe","source-7b27a9e7e7e6.pdf","application/pdf","353642","private-draft","requires-owner-review","[""migration/phase9/assets-manifest.jsonl"",""migration/phase9/content-manifest.jsonl"",""migration/phase9/manual-review.csv"",""migration/phase9/source-inventory.jsonl""]","[""sourceFilename is deterministically redacted; authoritative filename evidence remains only in the Phase 9 manifest.""]","","","",""
"wix:asset:wix:activity:rndc1:e58b0944aab1110851f8","document","attachment","activity","wix:activity:rndc1","幹部訓練 111","111","","migrate","migrated","activity-assets","activity-assets/<redacted>","activity-assets","wix:activity:rndc1","1502cb67ac4d86fe723304a0ff8f0f39aecbf0ec986696a39eeac1b1824bac31","source-1502cb67ac4d.pdf","application/pdf","324187","private-draft","requires-owner-review","[""migration/phase9/assets-manifest.jsonl"",""migration/phase9/content-manifest.jsonl"",""migration/phase9/manual-review.csv"",""migration/phase9/source-inventory.jsonl""]","[""sourceFilename is deterministically redacted; authoritative filename evidence remains only in the Phase 9 manifest.""]","","","",""
"wix:asset:wix:activity:shxze:3bc76c7ad445aeab6d5a","document","attachment","activity","wix:activity:shxze","成為中原人","110","","migrate","migrated","activity-assets","activity-assets/<redacted>","activity-assets","wix:activity:shxze","bc1657f24df639152bd345af0666c709d341f19b2f14a76ae8650baa350a178b","source-bc1657f24df6.pdf","application/pdf","196017","private-draft","requires-owner-review","[""migration/phase9/assets-manifest.jsonl"",""migration/phase9/content-manifest.jsonl"",""migration/phase9/manual-review.csv"",""migration/phase9/source-inventory.jsonl""]","[""Phase 9 warnings: private_draft_attachment_may_contain_personal_data"",""sourceFilename is deterministically redacted; authoritative filename evidence remains only in the Phase 9 manifest.""]","","","",""
"wix:asset:wix:activity:shxze:5350089eb97f4247b19e","document","attachment","activity","wix:activity:shxze","成為中原人","110","","migrate","migrated","activity-assets","activity-assets/<redacted>","activity-assets","wix:activity:shxze","c297c436052ea139e78aabbd82fedff2a7caeb04298e6e0a98af2f670d5ef4cf","source-c297c436052e.pdf","application/pdf","401501","private-draft","requires-owner-review","[""migration/phase9/assets-manifest.jsonl"",""migration/phase9/content-manifest.jsonl"",""migration/phase9/manual-review.csv"",""migration/phase9/source-inventory.jsonl""]","[""Phase 9 warnings: private_draft_attachment_may_contain_personal_data"",""sourceFilename is deterministically redacted; authoritative filename evidence remains only in the Phase 9 manifest.""]","","","",""
"wix:asset:wix:activity:shxze:542c1883f17ae523789b","document","attachment","activity","wix:activity:shxze","成為中原人","110","","migrate","migrated","activity-assets","activity-assets/<redacted>","activity-assets","wix:activity:shxze","d03b3e4ab5ecae84ade7113b01f04f720f4d815f3660a2a183fe17a24f0068f8","source-d03b3e4ab5ec.pdf","application/pdf","184788","private-draft","requires-owner-review","[""migration/phase9/assets-manifest.jsonl"",""migration/phase9/content-manifest.jsonl"",""migration/phase9/manual-review.csv"",""migration/phase9/source-inventory.jsonl""]","[""Phase 9 warnings: private_draft_attachment_may_contain_personal_data"",""sourceFilename is deterministically redacted; authoritative filename evidence remains only in the Phase 9 manifest.""]","","","",""
"wix:asset:wix:activity:shxze:5b87eea3bb92caecce0c","image","gallery","activity","wix:activity:shxze","成為中原人","110","","migrate","migrated","activity-assets","activity-assets/<redacted>","activity-assets","wix:activity:shxze","1a368da1e13e69c50da07df2ed77e0153a069eef9c5c38acac8e9fc0b0d966ce","source-1a368da1e13e.png","image/png","5663","private-draft","requires-owner-review","[""migration/phase9/assets-manifest.jsonl"",""migration/phase9/content-manifest.jsonl"",""migration/phase9/manual-review.csv"",""migration/phase9/source-inventory.jsonl""]","[""sourceFilename is deterministically redacted; authoritative filename evidence remains only in the Phase 9 manifest.""]","","","",""
"wix:asset:wix:activity:shxze:6de7b143f52e85d49d38","image","cover","activity","wix:activity:shxze","成為中原人","110","","migrate","migrated","activity-assets","activity-assets/<redacted>","activity-assets","wix:activity:shxze","91aeeb213f9a0e88da3b4aa441efe6d84b3f29211880974660ded53346d2b728","source-91aeeb213f9a.png","image/png","5425","private-draft","requires-owner-review","[""migration/phase9/assets-manifest.jsonl"",""migration/phase9/content-manifest.jsonl"",""migration/phase9/manual-review.csv"",""migration/phase9/source-inventory.jsonl""]","[""sourceFilename is deterministically redacted; authoritative filename evidence remains only in the Phase 9 manifest.""]","","","",""
"wix:asset:wix:activity:shxze:71a36203a209dcd9ade4","document","attachment","activity","wix:activity:shxze","成為中原人","110","","migrate","migrated","activity-assets","activity-assets/<redacted>","activity-assets","wix:activity:shxze","ad41ce4cedf4c5b6b9599c7078d465c909eb23358d69e7d7d48485dd57cbca59","source-ad41ce4cedf4.pdf","application/pdf","217886","private-draft","requires-owner-review","[""migration/phase9/assets-manifest.jsonl"",""migration/phase9/content-manifest.jsonl"",""migration/phase9/manual-review.csv"",""migration/phase9/source-inventory.jsonl""]","[""Phase 9 warnings: private_draft_attachment_may_contain_personal_data"",""sourceFilename is deterministically redacted; authoritative filename evidence remains only in the Phase 9 manifest.""]","","","",""
"wix:asset:wix:activity:shxze:c0a0f94b2b49c8709e50","document","attachment","activity","wix:activity:shxze","成為中原人","110","","migrate","migrated","activity-assets","activity-assets/<redacted>","activity-assets","wix:activity:shxze","d473f4b007bf2b49419558fe9ccd02e4b0cb23453131080cbcb2f68c53467ba1","source-d473f4b007bf.pdf","application/pdf","316924","private-draft","requires-owner-review","[""migration/phase9/assets-manifest.jsonl"",""migration/phase9/content-manifest.jsonl"",""migration/phase9/manual-review.csv"",""migration/phase9/source-inventory.jsonl""]","[""Phase 9 warnings: private_draft_attachment_may_contain_personal_data"",""sourceFilename is deterministically redacted; authoritative filename evidence remains only in the Phase 9 manifest.""]","","","",""
"wix:asset:wix:activity:shxze:ce76dc64260dcfd85036","document","attachment","activity","wix:activity:shxze","成為中原人","110","","migrate","migrated","activity-assets","activity-assets/<redacted>","activity-assets","wix:activity:shxze","444867897994435acb86390bad974fb566d5ca0a2819a37057ecb571b1d406e1","source-444867897994.pdf","application/pdf","125931","private-draft","requires-owner-review","[""migration/phase9/assets-manifest.jsonl"",""migration/phase9/content-manifest.jsonl"",""migration/phase9/manual-review.csv"",""migration/phase9/source-inventory.jsonl""]","[""Phase 9 warnings: private_draft_attachment_may_contain_personal_data"",""sourceFilename is deterministically redacted; authoritative filename evidence remains only in the Phase 9 manifest.""]","","","",""
"wix:asset:wix:activity:shxze:e6a7073482f84ce10d0d","image","gallery","activity","wix:activity:shxze","成為中原人","110","","migrate","migrated","activity-assets","activity-assets/<redacted>","activity-assets","wix:activity:shxze","63ed74111658982a3f52cecdc45227f901f03e1b5f177920df5b5b8e898506a5","source-63ed74111658.png","image/png","5549","private-draft","requires-owner-review","[""migration/phase9/assets-manifest.jsonl"",""migration/phase9/content-manifest.jsonl"",""migration/phase9/manual-review.csv"",""migration/phase9/source-inventory.jsonl""]","[""sourceFilename is deterministically redacted; authoritative filename evidence remains only in the Phase 9 manifest.""]","","","",""
"wix:asset:wix:activity:sr7vx:30619e4f6ea233cd6ee4","image","gallery","activity","wix:activity:sr7vx","一起溫暖桃園","110","","migrate","migrated","activity-assets","activity-assets/<redacted>","activity-assets","wix:activity:sr7vx","3130cc231638d2482d9205f0d152fccd3ad48d663f2d4af1de919d5fb998ce2d","source-3130cc231638.jpg","image/jpeg","220736","private-draft","requires-owner-review","[""migration/phase9/assets-manifest.jsonl"",""migration/phase9/content-manifest.jsonl"",""migration/phase9/manual-review.csv"",""migration/phase9/source-inventory.jsonl""]","[""sourceFilename is deterministically redacted; authoritative filename evidence remains only in the Phase 9 manifest.""]","","","",""
"wix:asset:wix:activity:sr7vx:5ebb795fe1f1c4acdf85","document","attachment","activity","wix:activity:sr7vx","一起溫暖桃園","110","","migrate","migrated","activity-assets","activity-assets/<redacted>","activity-assets","wix:activity:sr7vx","eb675efc7e23580ae7267dd5689961da4ec69fd4cd3545db72cc088f02c84c0f","source-eb675efc7e23.pdf","application/pdf","73053","private-draft","requires-owner-review","[""migration/phase9/assets-manifest.jsonl"",""migration/phase9/content-manifest.jsonl"",""migration/phase9/manual-review.csv"",""migration/phase9/source-inventory.jsonl""]","[""Phase 9 warnings: private_draft_attachment_may_contain_personal_data"",""sourceFilename is deterministically redacted; authoritative filename evidence remains only in the Phase 9 manifest.""]","","","",""
"wix:asset:wix:activity:sr7vx:a5948c5f7555a7122d69","document","attachment","activity","wix:activity:sr7vx","一起溫暖桃園","110","","migrate","migrated","activity-assets","activity-assets/<redacted>","activity-assets","wix:activity:sr7vx","26ffce7eb3f94c06fd1b06b5b0373e85a0fe172cd9cbe6b24f98486493830039","source-26ffce7eb3f9.pdf","application/pdf","282163","private-draft","requires-owner-review","[""migration/phase9/assets-manifest.jsonl"",""migration/phase9/content-manifest.jsonl"",""migration/phase9/manual-review.csv"",""migration/phase9/source-inventory.jsonl""]","[""Phase 9 warnings: private_draft_attachment_may_contain_personal_data"",""sourceFilename is deterministically redacted; authoritative filename evidence remains only in the Phase 9 manifest.""]","","","",""
"wix:asset:wix:activity:sr7vx:c218c32cc50bc9f5494b","image","gallery","activity","wix:activity:sr7vx","一起溫暖桃園","110","","migrate","migrated","activity-assets","activity-assets/<redacted>","activity-assets","wix:activity:sr7vx","1d59356b046d6694359e069715a6abbfc4f5d75b497ebaac3ca343ea395fe518","source-1d59356b046d.jpg","image/jpeg","196534","private-draft","requires-owner-review","[""migration/phase9/assets-manifest.jsonl"",""migration/phase9/content-manifest.jsonl"",""migration/phase9/manual-review.csv"",""migration/phase9/source-inventory.jsonl""]","[""sourceFilename is deterministically redacted; authoritative filename evidence remains only in the Phase 9 manifest.""]","","","",""
"wix:asset:wix:activity:sr7vx:c29eab2859775c0fab3b","document","attachment","activity","wix:activity:sr7vx","一起溫暖桃園","110","","migrate","migrated","activity-assets","activity-assets/<redacted>","activity-assets","wix:activity:sr7vx","85b4e6702f35e1069018239eb28724e1bf1d19ddffc2614acd69886763315174","source-85b4e6702f35.pdf","application/pdf","185941","private-draft","requires-owner-review","[""migration/phase9/assets-manifest.jsonl"",""migration/phase9/content-manifest.jsonl"",""migration/phase9/manual-review.csv"",""migration/phase9/source-inventory.jsonl""]","[""Phase 9 warnings: private_draft_attachment_may_contain_personal_data"",""sourceFilename is deterministically redacted; authoritative filename evidence remains only in the Phase 9 manifest.""]","","","",""
"wix:asset:wix:activity:sr7vx:d0815064b74939b7fe1f","document","attachment","activity","wix:activity:sr7vx","一起溫暖桃園","110","","migrate","migrated","activity-assets","activity-assets/<redacted>","activity-assets","wix:activity:sr7vx","0dc3589d317feabf0314ad7f94de53e630bce52118d185763d71eb3e70367b7d","source-0dc3589d317f.pdf","application/pdf","201277","private-draft","requires-owner-review","[""migration/phase9/assets-manifest.jsonl"",""migration/phase9/content-manifest.jsonl"",""migration/phase9/manual-review.csv"",""migration/phase9/source-inventory.jsonl""]","[""Phase 9 warnings: private_draft_attachment_may_contain_personal_data"",""sourceFilename is deterministically redacted; authoritative filename evidence remains only in the Phase 9 manifest.""]","","","",""
"wix:asset:wix:activity:sr7vx:f146484adcb20d1d44e3","document","attachment","activity","wix:activity:sr7vx","一起溫暖桃園","110","","migrate","migrated","activity-assets","activity-assets/<redacted>","activity-assets","wix:activity:sr7vx","b0f5ed962ffe438a14b0b432a7e72902965bff416d86385a42df764a60a63390","source-b0f5ed962ffe.pdf","application/pdf","309552","private-draft","requires-owner-review","[""migration/phase9/assets-manifest.jsonl"",""migration/phase9/content-manifest.jsonl"",""migration/phase9/manual-review.csv"",""migration/phase9/source-inventory.jsonl""]","[""Phase 9 warnings: private_draft_attachment_may_contain_personal_data"",""sourceFilename is deterministically redacted; authoritative filename evidence remains only in the Phase 9 manifest.""]","","","",""
"wix:asset:wix:activity:sr7vx:f36d2385b845a35f5ebd","image","cover","activity","wix:activity:sr7vx","一起溫暖桃園","110","","migrate","migrated","activity-assets","activity-assets/<redacted>","activity-assets","wix:activity:sr7vx","23ec0ef30a0b8dcbdf2754383bfc7682792de5891a1b1dce778c8115a7a4cdf4","source-23ec0ef30a0b.jpg","image/jpeg","160898","private-draft","requires-owner-review","[""migration/phase9/assets-manifest.jsonl"",""migration/phase9/content-manifest.jsonl"",""migration/phase9/manual-review.csv"",""migration/phase9/source-inventory.jsonl""]","[""sourceFilename is deterministically redacted; authoritative filename evidence remains only in the Phase 9 manifest.""]","","","",""
"wix:asset:wix:activity:sr7vx:f588387d85ed526491c8","document","attachment","activity","wix:activity:sr7vx","一起溫暖桃園","110","","migrate","migrated","activity-assets","activity-assets/<redacted>","activity-assets","wix:activity:sr7vx","36adeb2e20ffc5a86536cd0859a8201cde15a0c51a324a3cfa28edeaf6fdda3a","source-36adeb2e20ff.pdf","application/pdf","227224","private-draft","requires-owner-review","[""migration/phase9/assets-manifest.jsonl"",""migration/phase9/content-manifest.jsonl"",""migration/phase9/manual-review.csv"",""migration/phase9/source-inventory.jsonl""]","[""Phase 9 warnings: private_draft_attachment_may_contain_personal_data"",""sourceFilename is deterministically redacted; authoritative filename evidence remains only in the Phase 9 manifest.""]","","","",""
"wix:asset:wix:activity:syp73:00b49a1577257dfc6915","image","cover","activity","wix:activity:syp73","大溪一日快閃音樂會","110","","migrate","migrated","activity-assets","activity-assets/<redacted>","activity-assets","wix:activity:syp73","190721b353b46580bcdf55439d5b834ca3901e7f10d8d7c2a7419b3fce41b581","source-190721b353b4.jpg","image/jpeg","448497","private-draft","requires-owner-review","[""migration/phase9/assets-manifest.jsonl"",""migration/phase9/content-manifest.jsonl"",""migration/phase9/manual-review.csv"",""migration/phase9/source-inventory.jsonl""]","[""sourceFilename is deterministically redacted; authoritative filename evidence remains only in the Phase 9 manifest.""]","","","",""
"wix:asset:wix:activity:syp73:0de7014a3e93f0149dc6","image","gallery","activity","wix:activity:syp73","大溪一日快閃音樂會","110","","migrate","migrated","activity-assets","activity-assets/<redacted>","activity-assets","wix:activity:syp73","717e42e464f06405a23aab6ba076e622dfb9aaa66d65dfc4c812125a12e3faf3","source-717e42e464f0.jpg","image/jpeg","272529","private-draft","requires-owner-review","[""migration/phase9/assets-manifest.jsonl"",""migration/phase9/content-manifest.jsonl"",""migration/phase9/manual-review.csv"",""migration/phase9/source-inventory.jsonl""]","[""sourceFilename is deterministically redacted; authoritative filename evidence remains only in the Phase 9 manifest.""]","","","",""
"wix:asset:wix:activity:syp73:2432752f08050d81cb1a","document","attachment","activity","wix:activity:syp73","大溪一日快閃音樂會","110","","migrate","migrated","activity-assets","activity-assets/<redacted>","activity-assets","wix:activity:syp73","2d53e4b03955dba6285f0266ffa6ad54f03ead80801872dd64cdbcfb6e5bdbf2","source-2d53e4b03955.pdf","application/pdf","263705","private-draft","requires-owner-review","[""migration/phase9/assets-manifest.jsonl"",""migration/phase9/content-manifest.jsonl"",""migration/phase9/manual-review.csv"",""migration/phase9/source-inventory.jsonl""]","[""Phase 9 warnings: private_draft_attachment_may_contain_personal_data"",""sourceFilename is deterministically redacted; authoritative filename evidence remains only in the Phase 9 manifest.""]","","","",""
"wix:asset:wix:activity:syp73:2d151d66a64c903b1a3c","document","attachment","activity","wix:activity:syp73","大溪一日快閃音樂會","110","","migrate","migrated","activity-assets","activity-assets/<redacted>","activity-assets","wix:activity:syp73","8305ed4eb1c38bbdbd91340d2ed18e9ad3fcfbe5c908a239488b227bc304c601","source-8305ed4eb1c3.pdf","application/pdf","350915","private-draft","requires-owner-review","[""migration/phase9/assets-manifest.jsonl"",""migration/phase9/content-manifest.jsonl"",""migration/phase9/manual-review.csv"",""migration/phase9/source-inventory.jsonl""]","[""Phase 9 warnings: private_draft_attachment_may_contain_personal_data"",""sourceFilename is deterministically redacted; authoritative filename evidence remains only in the Phase 9 manifest.""]","","","",""
"wix:asset:wix:activity:syp73:5cc78d29053e3468188e","document","attachment","activity","wix:activity:syp73","大溪一日快閃音樂會","110","","migrate","migrated","activity-assets","activity-assets/<redacted>","activity-assets","wix:activity:syp73","a54bd16b292488069174753a5ab5217785ff249f6e9e68477eeeb528c7bff78a","source-a54bd16b2924.pdf","application/pdf","75247","private-draft","requires-owner-review","[""migration/phase9/assets-manifest.jsonl"",""migration/phase9/content-manifest.jsonl"",""migration/phase9/manual-review.csv"",""migration/phase9/source-inventory.jsonl""]","[""Phase 9 warnings: private_draft_attachment_may_contain_personal_data"",""sourceFilename is deterministically redacted; authoritative filename evidence remains only in the Phase 9 manifest.""]","","","",""
"wix:asset:wix:activity:syp73:64ec98e548dc679847e5","image","gallery","activity","wix:activity:syp73","大溪一日快閃音樂會","110","","migrate","migrated","activity-assets","activity-assets/<redacted>","activity-assets","wix:activity:syp73","833eac4e5e59f6ef1dc2b42deec553b009f0ae369a71a8745fe44897796aeeb3","source-833eac4e5e59.png","image/png","4737710","private-draft","requires-owner-review","[""migration/phase9/assets-manifest.jsonl"",""migration/phase9/content-manifest.jsonl"",""migration/phase9/manual-review.csv"",""migration/phase9/source-inventory.jsonl""]","[""sourceFilename is deterministically redacted; authoritative filename evidence remains only in the Phase 9 manifest.""]","","","",""
"wix:asset:wix:activity:syp73:844d599edfd17ecd6bfd","document","attachment","activity","wix:activity:syp73","大溪一日快閃音樂會","110","","migrate","migrated","activity-assets","activity-assets/<redacted>","activity-assets","wix:activity:syp73","c75dd7b8839a07900a28d7efcb9399a444be1fb1b44f88cc1a9b115dbeb246dd","source-c75dd7b8839a.pdf","application/pdf","203897","private-draft","requires-owner-review","[""migration/phase9/assets-manifest.jsonl"",""migration/phase9/content-manifest.jsonl"",""migration/phase9/manual-review.csv"",""migration/phase9/source-inventory.jsonl""]","[""Phase 9 warnings: private_draft_attachment_may_contain_personal_data"",""sourceFilename is deterministically redacted; authoritative filename evidence remains only in the Phase 9 manifest.""]","","","",""
"wix:asset:wix:activity:syp73:9ca519ab8d0c03ca65e0","document","attachment","activity","wix:activity:syp73","大溪一日快閃音樂會","110","","migrate","migrated","activity-assets","activity-assets/<redacted>","activity-assets","wix:activity:syp73","715cb0a29b3ff10442e7d93db439e844d8d331d738f4192caa45126e2b0ebf42","source-715cb0a29b3f.pdf","application/pdf","186322","private-draft","requires-owner-review","[""migration/phase9/assets-manifest.jsonl"",""migration/phase9/content-manifest.jsonl"",""migration/phase9/manual-review.csv"",""migration/phase9/source-inventory.jsonl""]","[""Phase 9 warnings: private_draft_attachment_may_contain_personal_data"",""sourceFilename is deterministically redacted; authoritative filename evidence remains only in the Phase 9 manifest.""]","","","",""
"wix:asset:wix:activity:syp73:fede4d4c021b848e5c99","document","attachment","activity","wix:activity:syp73","大溪一日快閃音樂會","110","","migrate","migrated","activity-assets","activity-assets/<redacted>","activity-assets","wix:activity:syp73","f5218e2db01426c8962ab565537a928a144fbf0f9236eaa667f0ca27a7ddf71f","source-f5218e2db014.pdf","application/pdf","195104","private-draft","requires-owner-review","[""migration/phase9/assets-manifest.jsonl"",""migration/phase9/content-manifest.jsonl"",""migration/phase9/manual-review.csv"",""migration/phase9/source-inventory.jsonl""]","[""Phase 9 warnings: private_draft_attachment_may_contain_personal_data"",""sourceFilename is deterministically redacted; authoritative filename evidence remains only in the Phase 9 manifest.""]","","","",""
"wix:asset:wix:activity:t4l6d:03df8380f0e6b6743d8e","document","attachment","activity","wix:activity:t4l6d","勇者試煉營","114","","migrate","migrated","activity-assets","activity-assets/<redacted>","activity-assets","wix:activity:t4l6d","2a47bfb800efd2f4ef07f966590f215dc6d02a2272b3e18de02c886a0164b86f","source-2a47bfb800ef.pdf","application/pdf","121379","private-draft","requires-owner-review","[""migration/phase9/assets-manifest.jsonl"",""migration/phase9/content-manifest.jsonl"",""migration/phase9/manual-review.csv"",""migration/phase9/source-inventory.jsonl""]","[""Phase 9 warnings: private_draft_attachment_may_contain_personal_data"",""sourceFilename is deterministically redacted; authoritative filename evidence remains only in the Phase 9 manifest.""]","","","",""
"wix:asset:wix:activity:t4l6d:4892de32014c0a378b4d","document","attachment","activity","wix:activity:t4l6d","勇者試煉營","114","","migrate","migrated","activity-assets","activity-assets/<redacted>","activity-assets","wix:activity:t4l6d","869e8b6837b13c7c75aaf9a8bc4ce473535979e45f529bfe6aad7e8217b02208","source-869e8b6837b1.pdf","application/pdf","232204","private-draft","requires-owner-review","[""migration/phase9/assets-manifest.jsonl"",""migration/phase9/content-manifest.jsonl"",""migration/phase9/manual-review.csv"",""migration/phase9/source-inventory.jsonl""]","[""Historical sourceKey wix:asset-source:869e8b6837b13c7c75aaf9a8bc4ce473535979e45f529bfe6aad7e8217b02208 represents 2 source inventory rows with distinct URLs; assignments are normalized once and source-row provenance is retained."",""Phase 9 warnings: private_draft_attachment_may_contain_personal_data"",""Same source object has 2 distinct Storage/owner assignments; each assignment is preserved."",""sourceFilename is deterministically redacted; authoritative filename evidence remains only in the Phase 9 manifest.""]","","","",""
"wix:asset:wix:activity:t4l6d:7c0225add92412e98811","document","attachment","activity","wix:activity:t4l6d","勇者試煉營","114","","migrate","migrated","activity-assets","activity-assets/<redacted>","activity-assets","wix:activity:t4l6d","fc9654434e50e76c209dc8e04a8f66bc817e878816d7f150a35a4f0b3b9722fa","source-fc9654434e50.pdf","application/pdf","1423058","private-draft","requires-owner-review","[""migration/phase9/assets-manifest.jsonl"",""migration/phase9/content-manifest.jsonl"",""migration/phase9/manual-review.csv"",""migration/phase9/source-inventory.jsonl""]","[""Phase 9 warnings: private_draft_attachment_may_contain_personal_data"",""sourceFilename is deterministically redacted; authoritative filename evidence remains only in the Phase 9 manifest.""]","","","",""
"wix:asset:wix:activity:t4l6d:7c0d7eb75fd7adf0bd6f","document","attachment","activity","wix:activity:t4l6d","勇者試煉營","114","","migrate","migrated","activity-assets","activity-assets/<redacted>","activity-assets","wix:activity:t4l6d","476f4ac26d9ad0490566d6e1281962e406f1d10d1aa310ca65cd50380d211a0c","source-476f4ac26d9a.pdf","application/pdf","62020","private-draft","requires-owner-review","[""migration/phase9/assets-manifest.jsonl"",""migration/phase9/content-manifest.jsonl"",""migration/phase9/manual-review.csv"",""migration/phase9/source-inventory.jsonl""]","[""Phase 9 warnings: private_draft_attachment_may_contain_personal_data"",""sourceFilename is deterministically redacted; authoritative filename evidence remains only in the Phase 9 manifest.""]","","","",""
"wix:asset:wix:activity:t4l6d:bf0adee779b30b90f739","image","cover","activity","wix:activity:t4l6d","勇者試煉營","114","","migrate","migrated","activity-assets","activity-assets/<redacted>","activity-assets","wix:activity:t4l6d","7fd2866959cd9a48e6b67e445e2bb9a72962e0d345e42ba433771af8cc13519b","source-7fd2866959cd.jpg","image/jpeg","385691","private-draft","requires-owner-review","[""migration/phase9/assets-manifest.jsonl"",""migration/phase9/content-manifest.jsonl"",""migration/phase9/manual-review.csv"",""migration/phase9/source-inventory.jsonl""]","[""sourceFilename is deterministically redacted; authoritative filename evidence remains only in the Phase 9 manifest.""]","","","",""
"wix:asset:wix:activity:u61it:2e8b74040eea3bce99c7","image","gallery","activity","wix:activity:u61it","週末桌遊歡樂派","110","","migrate","migrated","activity-assets","activity-assets/<redacted>","activity-assets","wix:activity:u61it","3211e601cfc83c97a4c2a41d8ff7a4c60e4d9de7bc357c00c1233009ac8088ee","source-3211e601cfc8.jpg","image/jpeg","422509","private-draft","requires-owner-review","[""migration/phase9/assets-manifest.jsonl"",""migration/phase9/content-manifest.jsonl"",""migration/phase9/manual-review.csv"",""migration/phase9/source-inventory.jsonl""]","[""sourceFilename is deterministically redacted; authoritative filename evidence remains only in the Phase 9 manifest.""]","","","",""
"wix:asset:wix:activity:u61it:400cb761e0816e00c246","document","attachment","activity","wix:activity:u61it","週末桌遊歡樂派","110","","migrate","migrated","activity-assets","activity-assets/<redacted>","activity-assets","wix:activity:u61it","71824eb6838c30e9fb72e4a14bfa5eb1aeff4d09b2fd68353164e3629d6df18b","source-71824eb6838c.pdf","application/pdf","80261","private-draft","requires-owner-review","[""migration/phase9/assets-manifest.jsonl"",""migration/phase9/content-manifest.jsonl"",""migration/phase9/manual-review.csv"",""migration/phase9/source-inventory.jsonl""]","[""Phase 9 warnings: private_draft_attachment_may_contain_personal_data"",""sourceFilename is deterministically redacted; authoritative filename evidence remains only in the Phase 9 manifest.""]","","","",""
"wix:asset:wix:activity:u61it:4a4480a5de7e5068e224","document","attachment","activity","wix:activity:u61it","週末桌遊歡樂派","110","","migrate","migrated","activity-assets","activity-assets/<redacted>","activity-assets","wix:activity:u61it","bc623f881bd1ee319f22f82b4d932f6456351d84c326307ceb4f8883131bc36d","source-bc623f881bd1.pdf","application/pdf","196578","private-draft","requires-owner-review","[""migration/phase9/assets-manifest.jsonl"",""migration/phase9/content-manifest.jsonl"",""migration/phase9/manual-review.csv"",""migration/phase9/source-inventory.jsonl""]","[""Phase 9 warnings: private_draft_attachment_may_contain_personal_data"",""sourceFilename is deterministically redacted; authoritative filename evidence remains only in the Phase 9 manifest.""]","","","",""
"wix:asset:wix:activity:u61it:7214781d5c6d7fd4bc87","image","cover","activity","wix:activity:u61it","週末桌遊歡樂派","110","","migrate","migrated","activity-assets","activity-assets/<redacted>","activity-assets","wix:activity:u61it","80220a75e6537140d7ea0056fbe12f1c3a2a2f67998f0e896b5f3958558d5b2a","source-80220a75e653.jpg","image/jpeg","430491","private-draft","requires-owner-review","[""migration/phase9/assets-manifest.jsonl"",""migration/phase9/content-manifest.jsonl"",""migration/phase9/manual-review.csv"",""migration/phase9/source-inventory.jsonl""]","[""sourceFilename is deterministically redacted; authoritative filename evidence remains only in the Phase 9 manifest.""]","","","",""
"wix:asset:wix:activity:u61it:89ef2216579af6212c46","document","attachment","activity","wix:activity:u61it","週末桌遊歡樂派","110","","migrate","migrated","activity-assets","activity-assets/<redacted>","activity-assets","wix:activity:u61it","a4c315930fa36bc7e739c17b7f0cda5b9b384550ddbc1d56deccf6a134f31c41","source-a4c315930fa3.pdf","application/pdf","359592","private-draft","requires-owner-review","[""migration/phase9/assets-manifest.jsonl"",""migration/phase9/content-manifest.jsonl"",""migration/phase9/manual-review.csv"",""migration/phase9/source-inventory.jsonl""]","[""Phase 9 warnings: private_draft_attachment_may_contain_personal_data"",""sourceFilename is deterministically redacted; authoritative filename evidence remains only in the Phase 9 manifest.""]","","","",""
"wix:asset:wix:activity:u61it:9643e73919cba7e412e8","image","gallery","activity","wix:activity:u61it","週末桌遊歡樂派","110","","migrate","migrated","activity-assets","activity-assets/<redacted>","activity-assets","wix:activity:u61it","b57879e7c8757bb814ad3ab346f163b0293daa7701483da3062952ccf63a8bc9","source-b57879e7c875.jpg","image/jpeg","461743","private-draft","requires-owner-review","[""migration/phase9/assets-manifest.jsonl"",""migration/phase9/content-manifest.jsonl"",""migration/phase9/manual-review.csv"",""migration/phase9/source-inventory.jsonl""]","[""sourceFilename is deterministically redacted; authoritative filename evidence remains only in the Phase 9 manifest.""]","","","",""
"wix:asset:wix:activity:u61it:ba7cb5e72b75c1172dc3","document","attachment","activity","wix:activity:u61it","週末桌遊歡樂派","110","","migrate","migrated","activity-assets","activity-assets/<redacted>","activity-assets","wix:activity:u61it","cf60e4320b4f027d9fb2640e09e7b2be47299f5a337dba3464b824df1cd02687","source-cf60e4320b4f.pdf","application/pdf","301726","private-draft","requires-owner-review","[""migration/phase9/assets-manifest.jsonl"",""migration/phase9/content-manifest.jsonl"",""migration/phase9/manual-review.csv"",""migration/phase9/source-inventory.jsonl""]","[""Phase 9 warnings: private_draft_attachment_may_contain_personal_data"",""sourceFilename is deterministically redacted; authoritative filename evidence remains only in the Phase 9 manifest.""]","","","",""
"wix:asset:wix:activity:u61it:ce2b2855b78f5d529140","document","attachment","activity","wix:activity:u61it","週末桌遊歡樂派","110","","migrate","migrated","activity-assets","activity-assets/<redacted>","activity-assets","wix:activity:u61it","c4150559fe72bf65616bd147b3298621654af487dd3b21554dbdea80aa16d90a","source-c4150559fe72.pdf","application/pdf","210495","private-draft","requires-owner-review","[""migration/phase9/assets-manifest.jsonl"",""migration/phase9/content-manifest.jsonl"",""migration/phase9/manual-review.csv"",""migration/phase9/source-inventory.jsonl""]","[""Phase 9 warnings: private_draft_attachment_may_contain_personal_data"",""sourceFilename is deterministically redacted; authoritative filename evidence remains only in the Phase 9 manifest.""]","","","",""
"wix:asset:wix:activity:u61it:ee9e9bc124a508c02f4f","document","attachment","activity","wix:activity:u61it","週末桌遊歡樂派","110","","migrate","migrated","activity-assets","activity-assets/<redacted>","activity-assets","wix:activity:u61it","1b94f32d55bd3973fc522de0396c0018dd09a7d208084b123b8d81d1aa0f5bff","source-1b94f32d55bd.pdf","application/pdf","188053","private-draft","requires-owner-review","[""migration/phase9/assets-manifest.jsonl"",""migration/phase9/content-manifest.jsonl"",""migration/phase9/manual-review.csv"",""migration/phase9/source-inventory.jsonl""]","[""Phase 9 warnings: private_draft_attachment_may_contain_personal_data"",""sourceFilename is deterministically redacted; authoritative filename evidence remains only in the Phase 9 manifest.""]","","","",""
"wix:asset:wix:activity:vro4w:119f1b6d092da0874a29","image","gallery","activity","wix:activity:vro4w","親子慈善園遊會113","113","","migrate","migrated","activity-assets","activity-assets/<redacted>","activity-assets","wix:activity:vro4w","7a2df9ff8d7a7a8da5bae8794447367885d31ebe80fd48305884a264e8e54a8c","source-7a2df9ff8d7a.jpg","image/jpeg","4720719","private-draft","requires-owner-review","[""migration/phase9/assets-manifest.jsonl"",""migration/phase9/content-manifest.jsonl"",""migration/phase9/manual-review.csv"",""migration/phase9/source-inventory.jsonl""]","[""sourceFilename is deterministically redacted; authoritative filename evidence remains only in the Phase 9 manifest.""]","","","",""
"wix:asset:wix:activity:vro4w:150f89771f66a802c130","document","attachment","activity","wix:activity:vro4w","親子慈善園遊會113","113","","migrate","migrated","activity-assets","activity-assets/<redacted>","activity-assets","wix:activity:vro4w","e690d14123d2fc3bfe40455ba7168038635188f889c783c41c58fe9b2b0f88e6","source-e690d14123d2.pdf","application/pdf","174378","private-draft","requires-owner-review","[""migration/phase9/assets-manifest.jsonl"",""migration/phase9/content-manifest.jsonl"",""migration/phase9/manual-review.csv"",""migration/phase9/source-inventory.jsonl""]","[""Phase 9 warnings: private_draft_attachment_may_contain_personal_data"",""sourceFilename is deterministically redacted; authoritative filename evidence remains only in the Phase 9 manifest.""]","","","",""
"wix:asset:wix:activity:vro4w:26ff6d1a98c310192e1e","document","attachment","activity","wix:activity:vro4w","親子慈善園遊會113","113","","migrate","migrated","activity-assets","activity-assets/<redacted>","activity-assets","wix:activity:vro4w","17cc243cd674b1c8dc330d785a9775849c9317160822f245648c5188c472993c","source-17cc243cd674.pdf","application/pdf","81754","private-draft","requires-owner-review","[""migration/phase9/assets-manifest.jsonl"",""migration/phase9/content-manifest.jsonl"",""migration/phase9/manual-review.csv"",""migration/phase9/source-inventory.jsonl""]","[""Phase 9 warnings: private_draft_attachment_may_contain_personal_data"",""sourceFilename is deterministically redacted; authoritative filename evidence remains only in the Phase 9 manifest.""]","","","",""
"wix:asset:wix:activity:vro4w:78f6c349564e10f80e97","image","gallery","activity","wix:activity:vro4w","親子慈善園遊會113","113","","migrate","migrated","activity-assets","activity-assets/<redacted>","activity-assets","wix:activity:vro4w","f308a14bd1a3c30849a843eeb0f23e91b2a29e7619d46b318cd5d8902efa1b39","source-f308a14bd1a3.jpg","image/jpeg","5962263","private-draft","requires-owner-review","[""migration/phase9/assets-manifest.jsonl"",""migration/phase9/content-manifest.jsonl"",""migration/phase9/manual-review.csv"",""migration/phase9/source-inventory.jsonl""]","[""sourceFilename is deterministically redacted; authoritative filename evidence remains only in the Phase 9 manifest.""]","","","",""
"wix:asset:wix:activity:vro4w:814c88229fc16bd9a03e","document","attachment","activity","wix:activity:vro4w","親子慈善園遊會113","113","","migrate","migrated","activity-assets","activity-assets/<redacted>","activity-assets","wix:activity:vro4w","408b2008a1ae519b898bd5a20645cffd1f449196c419603578082bfc590ec751","source-408b2008a1ae.pdf","application/pdf","192645","private-draft","requires-owner-review","[""migration/phase9/assets-manifest.jsonl"",""migration/phase9/content-manifest.jsonl"",""migration/phase9/manual-review.csv"",""migration/phase9/source-inventory.jsonl""]","[""Phase 9 warnings: private_draft_attachment_may_contain_personal_data"",""sourceFilename is deterministically redacted; authoritative filename evidence remains only in the Phase 9 manifest.""]","","","",""
"wix:asset:wix:activity:vro4w:cb7cf7529fb0ef3f9e5f","document","attachment","activity","wix:activity:vro4w","親子慈善園遊會113","113","","migrate","migrated","activity-assets","activity-assets/<redacted>","activity-assets","wix:activity:vro4w","6ddb09af31f4e1a39ba8ac8cd69a8da3769532b5e2b0d3ce2e8e3fbfab731c8d","source-6ddb09af31f4.pdf","application/pdf","152617","private-draft","requires-owner-review","[""migration/phase9/assets-manifest.jsonl"",""migration/phase9/content-manifest.jsonl"",""migration/phase9/manual-review.csv"",""migration/phase9/source-inventory.jsonl""]","[""Phase 9 warnings: private_draft_attachment_may_contain_personal_data"",""sourceFilename is deterministically redacted; authoritative filename evidence remains only in the Phase 9 manifest.""]","","","",""
"wix:asset:wix:activity:vro4w:e27808548f218fe098b4","document","attachment","activity","wix:activity:vro4w","親子慈善園遊會113","113","","migrate","migrated","activity-assets","activity-assets/<redacted>","activity-assets","wix:activity:vro4w","8b625c5787f1dfdca4cee4499ee4e604e87389985e475a6016b52076ab93f129","source-8b625c5787f1.pdf","application/pdf","78221","private-draft","requires-owner-review","[""migration/phase9/assets-manifest.jsonl"",""migration/phase9/content-manifest.jsonl"",""migration/phase9/manual-review.csv"",""migration/phase9/source-inventory.jsonl""]","[""Phase 9 warnings: private_draft_attachment_may_contain_personal_data"",""sourceFilename is deterministically redacted; authoritative filename evidence remains only in the Phase 9 manifest.""]","","","",""
"wix:asset:wix:activity:vro4w:ee1f506b847e8c4bc4cb","image","cover","activity","wix:activity:vro4w","親子慈善園遊會113","113","","migrate","migrated","activity-assets","activity-assets/<redacted>","activity-assets","wix:activity:vro4w","a5b33ea0908a32c095fe24e436f317b27bcd9ee32fcfeacd51d2dbe9afc24e9c","source-a5b33ea0908a.webp","image/webp","95351","private-draft","requires-owner-review","[""migration/phase9/assets-manifest.jsonl"",""migration/phase9/content-manifest.jsonl"",""migration/phase9/manual-review.csv"",""migration/phase9/source-inventory.jsonl""]","[""Same source object has 2 distinct Storage/owner assignments; each assignment is preserved."",""sourceFilename is deterministically redacted; authoritative filename evidence remains only in the Phase 9 manifest.""]","","","",""
"wix:asset:wix:activity:vro4w:ee937dba12486cfafe66","document","attachment","activity","wix:activity:vro4w","親子慈善園遊會113","113","","migrate","migrated","activity-assets","activity-assets/<redacted>","activity-assets","wix:activity:vro4w","c032e2477d417106f424d9fbf2a0763835ea7769449bbbb66c7c06d82fd46488","source-c032e2477d41.pdf","application/pdf","221823","private-draft","requires-owner-review","[""migration/phase9/assets-manifest.jsonl"",""migration/phase9/content-manifest.jsonl"",""migration/phase9/manual-review.csv"",""migration/phase9/source-inventory.jsonl""]","[""Phase 9 warnings: private_draft_attachment_may_contain_personal_data"",""sourceFilename is deterministically redacted; authoritative filename evidence remains only in the Phase 9 manifest.""]","","","",""
"wix:asset:wix:activity:vzfv3:13bec2756ab39ac9e3e1","document","attachment","activity","wix:activity:vzfv3","登山博覽會","114","","migrate","migrated","activity-assets","activity-assets/<redacted>","activity-assets","wix:activity:vzfv3","e1c6ba7ba2a8473357e6a0174ddd763950c1d7c3d4428116ac3faea22a4d41c7","source-e1c6ba7ba2a8.pdf","application/pdf","57997","private-draft","requires-owner-review","[""migration/phase9/assets-manifest.jsonl"",""migration/phase9/content-manifest.jsonl"",""migration/phase9/manual-review.csv"",""migration/phase9/source-inventory.jsonl""]","[""Phase 9 warnings: private_draft_attachment_may_contain_personal_data"",""sourceFilename is deterministically redacted; authoritative filename evidence remains only in the Phase 9 manifest.""]","","","",""
"wix:asset:wix:activity:vzfv3:367212840c395955bec8","document","attachment","activity","wix:activity:vzfv3","登山博覽會","114","","migrate","migrated","activity-assets","activity-assets/<redacted>","activity-assets","wix:activity:vzfv3","869e8b6837b13c7c75aaf9a8bc4ce473535979e45f529bfe6aad7e8217b02208","source-869e8b6837b1.pdf","application/pdf","232204","private-draft","requires-owner-review","[""migration/phase9/assets-manifest.jsonl"",""migration/phase9/content-manifest.jsonl"",""migration/phase9/manual-review.csv"",""migration/phase9/source-inventory.jsonl""]","[""Historical sourceKey wix:asset-source:869e8b6837b13c7c75aaf9a8bc4ce473535979e45f529bfe6aad7e8217b02208 represents 2 source inventory rows with distinct URLs; assignments are normalized once and source-row provenance is retained."",""Phase 9 warnings: private_draft_attachment_may_contain_personal_data"",""Same source object has 2 distinct Storage/owner assignments; each assignment is preserved."",""sourceFilename is deterministically redacted; authoritative filename evidence remains only in the Phase 9 manifest.""]","","","",""
"wix:asset:wix:activity:vzfv3:38f95271f68b7e7264a8","image","gallery","activity","wix:activity:vzfv3","登山博覽會","114","","migrate","migrated","activity-assets","activity-assets/<redacted>","activity-assets","wix:activity:vzfv3","517bed19cdab75379ce37849d5ce0986413d960976507e739a55e4c38f5f07d4","source-517bed19cdab.jpg","image/jpeg","409876","private-draft","requires-owner-review","[""migration/phase9/assets-manifest.jsonl"",""migration/phase9/content-manifest.jsonl"",""migration/phase9/manual-review.csv"",""migration/phase9/source-inventory.jsonl""]","[""sourceFilename is deterministically redacted; authoritative filename evidence remains only in the Phase 9 manifest.""]","","","",""
"wix:asset:wix:activity:vzfv3:63596261cc990cf98900","image","gallery","activity","wix:activity:vzfv3","登山博覽會","114","","migrate","migrated","activity-assets","activity-assets/<redacted>","activity-assets","wix:activity:vzfv3","6cc63a63e6a6806b716a498938460860fb2e8e21c571578a1e7f4833561100f1","source-6cc63a63e6a6.jpg","image/jpeg","421041","private-draft","requires-owner-review","[""migration/phase9/assets-manifest.jsonl"",""migration/phase9/content-manifest.jsonl"",""migration/phase9/manual-review.csv"",""migration/phase9/source-inventory.jsonl""]","[""sourceFilename is deterministically redacted; authoritative filename evidence remains only in the Phase 9 manifest.""]","","","",""
"wix:asset:wix:activity:vzfv3:8f20ccbfe43e523e0dcf","document","attachment","activity","wix:activity:vzfv3","登山博覽會","114","","migrate","migrated","activity-assets","activity-assets/<redacted>","activity-assets","wix:activity:vzfv3","945701a2c39c5dc9fbf95908f4a7495d2cbb501e90a5222418982421fd3de7bf","source-945701a2c39c.pdf","application/pdf","163099","private-draft","requires-owner-review","[""migration/phase9/assets-manifest.jsonl"",""migration/phase9/content-manifest.jsonl"",""migration/phase9/manual-review.csv"",""migration/phase9/source-inventory.jsonl""]","[""Phase 9 warnings: private_draft_attachment_may_contain_personal_data"",""sourceFilename is deterministically redacted; authoritative filename evidence remains only in the Phase 9 manifest.""]","","","",""
"wix:asset:wix:activity:vzfv3:c2dbb04ed597d5fe5841","document","attachment","activity","wix:activity:vzfv3","登山博覽會","114","","migrate","migrated","activity-assets","activity-assets/<redacted>","activity-assets","wix:activity:vzfv3","70cc001128afe0b1c9e24fa58f1d00165bac245dbe9d1ccaeed2078301044473","source-70cc001128af.pdf","application/pdf","220127","private-draft","requires-owner-review","[""migration/phase9/assets-manifest.jsonl"",""migration/phase9/content-manifest.jsonl"",""migration/phase9/manual-review.csv"",""migration/phase9/source-inventory.jsonl""]","[""Phase 9 warnings: private_draft_attachment_may_contain_personal_data"",""sourceFilename is deterministically redacted; authoritative filename evidence remains only in the Phase 9 manifest.""]","","","",""
"wix:asset:wix:activity:vzfv3:de76e05f5e87783acaa1","image","cover","activity","wix:activity:vzfv3","登山博覽會","114","","migrate","migrated","activity-assets","activity-assets/<redacted>","activity-assets","wix:activity:vzfv3","64479d956595171fe924009a2e4d9daacff4da8adb90a58950c71526eb820e2f","source-64479d956595.jpg","image/jpeg","567663","private-draft","requires-owner-review","[""migration/phase9/assets-manifest.jsonl"",""migration/phase9/content-manifest.jsonl"",""migration/phase9/manual-review.csv"",""migration/phase9/source-inventory.jsonl""]","[""sourceFilename is deterministically redacted; authoritative filename evidence remains only in the Phase 9 manifest.""]","","","",""
"wix:asset:wix:activity:vzfv3:f036fa918c9a95be4d78","document","attachment","activity","wix:activity:vzfv3","登山博覽會","114","","migrate","migrated","activity-assets","activity-assets/<redacted>","activity-assets","wix:activity:vzfv3","a7421def12816a8e99134845fc618cd14db72de44351ddbc90ba1021f788fdd1","source-a7421def1281.pdf","application/pdf","318176","private-draft","requires-owner-review","[""migration/phase9/assets-manifest.jsonl"",""migration/phase9/content-manifest.jsonl"",""migration/phase9/manual-review.csv"",""migration/phase9/source-inventory.jsonl""]","[""Phase 9 warnings: private_draft_attachment_may_contain_personal_data"",""sourceFilename is deterministically redacted; authoritative filename evidence remains only in the Phase 9 manifest.""]","","","",""
"wix:asset:wix:activity:wiy6e:3c361e3f521685998055","document","attachment","activity","wix:activity:wiy6e","長照服務","110","","migrate","migrated","activity-assets","activity-assets/<redacted>","activity-assets","wix:activity:wiy6e","defae18831c0ce80e91fda2a3be95b356fc170babc7f96bc91a38ce77de806d9","source-defae18831c0.pdf","application/pdf","200332","private-draft","requires-owner-review","[""migration/phase9/assets-manifest.jsonl"",""migration/phase9/content-manifest.jsonl"",""migration/phase9/manual-review.csv"",""migration/phase9/source-inventory.jsonl""]","[""Phase 9 warnings: private_draft_attachment_may_contain_personal_data"",""Same source object has 2 distinct Storage/owner assignments; each assignment is preserved."",""sourceFilename is deterministically redacted; authoritative filename evidence remains only in the Phase 9 manifest.""]","","","",""
"wix:asset:wix:activity:wiy6e:50d70067b07ca0f53e6d","document","attachment","activity","wix:activity:wiy6e","長照服務","110","","migrate","migrated","activity-assets","activity-assets/<redacted>","activity-assets","wix:activity:wiy6e","f44b40de06a54c57df701a21eb7c67b8327a605164b9f50ee3e8f9c375736c4e","source-f44b40de06a5.pdf","application/pdf","273789","private-draft","requires-owner-review","[""migration/phase9/assets-manifest.jsonl"",""migration/phase9/content-manifest.jsonl"",""migration/phase9/manual-review.csv"",""migration/phase9/source-inventory.jsonl""]","[""Phase 9 warnings: private_draft_attachment_may_contain_personal_data"",""sourceFilename is deterministically redacted; authoritative filename evidence remains only in the Phase 9 manifest.""]","","","",""
"wix:asset:wix:activity:wiy6e:b8339667504fc6e45fe0","document","attachment","activity","wix:activity:wiy6e","長照服務","110","","migrate","migrated","activity-assets","activity-assets/<redacted>","activity-assets","wix:activity:wiy6e","0abdc2fa1a173e39b5ac46db3aea7a139f503309f13db8809c919e079144a1a5","source-0abdc2fa1a17.pdf","application/pdf","182532","private-draft","requires-owner-review","[""migration/phase9/assets-manifest.jsonl"",""migration/phase9/content-manifest.jsonl"",""migration/phase9/manual-review.csv"",""migration/phase9/source-inventory.jsonl""]","[""Phase 9 warnings: private_draft_attachment_may_contain_personal_data"",""sourceFilename is deterministically redacted; authoritative filename evidence remains only in the Phase 9 manifest.""]","","","",""
"wix:asset:wix:activity:wiy6e:c9bd317af9d3bd14d14a","image","gallery","activity","wix:activity:wiy6e","長照服務","110","","migrate","migrated","activity-assets","activity-assets/<redacted>","activity-assets","wix:activity:wiy6e","743c8afb8e59360347277c77a58331f39b9c0afe41817fb5de1604afedcfc519","source-743c8afb8e59.jpg","image/jpeg","912940","private-draft","requires-owner-review","[""migration/phase9/assets-manifest.jsonl"",""migration/phase9/content-manifest.jsonl"",""migration/phase9/manual-review.csv"",""migration/phase9/source-inventory.jsonl""]","[""sourceFilename is deterministically redacted; authoritative filename evidence remains only in the Phase 9 manifest.""]","","","",""
"wix:asset:wix:activity:wiy6e:db6639a8025f423381f5","image","cover","activity","wix:activity:wiy6e","長照服務","110","","migrate","migrated","activity-assets","activity-assets/<redacted>","activity-assets","wix:activity:wiy6e","86f1b49f66653351d6fd11d9bf5c30247c1a36b22d0608878ccf75a3ed0ae9b2","source-86f1b49f6665.jpg","image/jpeg","169719","private-draft","requires-owner-review","[""migration/phase9/assets-manifest.jsonl"",""migration/phase9/content-manifest.jsonl"",""migration/phase9/manual-review.csv"",""migration/phase9/source-inventory.jsonl""]","[""sourceFilename is deterministically redacted; authoritative filename evidence remains only in the Phase 9 manifest.""]","","","",""
"wix:asset:wix:activity:wiy6e:db7be3ed34688ae7b002","document","attachment","activity","wix:activity:wiy6e","長照服務","110","","migrate","migrated","activity-assets","activity-assets/<redacted>","activity-assets","wix:activity:wiy6e","1feb20e7a57d0f9b1e68f2388f1ec9549ab4bbb9c593ae9f30fc5fbaba03a8e1","source-1feb20e7a57d.pdf","application/pdf","325794","private-draft","requires-owner-review","[""migration/phase9/assets-manifest.jsonl"",""migration/phase9/content-manifest.jsonl"",""migration/phase9/manual-review.csv"",""migration/phase9/source-inventory.jsonl""]","[""Phase 9 warnings: private_draft_attachment_may_contain_personal_data"",""sourceFilename is deterministically redacted; authoritative filename evidence remains only in the Phase 9 manifest.""]","","","",""
"wix:asset:wix:activity:wiy6e:df942dcc7ff126dd0e48","image","gallery","activity","wix:activity:wiy6e","長照服務","110","","migrate","migrated","activity-assets","activity-assets/<redacted>","activity-assets","wix:activity:wiy6e","04cff86192f0add1c6ff1ee7adbc7713e0d7f9920aab54edd2533c8db331e94c","source-04cff86192f0.jpg","image/jpeg","974240","private-draft","requires-owner-review","[""migration/phase9/assets-manifest.jsonl"",""migration/phase9/content-manifest.jsonl"",""migration/phase9/manual-review.csv"",""migration/phase9/source-inventory.jsonl""]","[""sourceFilename is deterministically redacted; authoritative filename evidence remains only in the Phase 9 manifest.""]","","","",""
"wix:asset:wix:activity:wiy6e:e5912760b79b4a8edb00","document","attachment","activity","wix:activity:wiy6e","長照服務","110","","migrate","migrated","activity-assets","activity-assets/<redacted>","activity-assets","wix:activity:wiy6e","38b136a8d75671ee72ac4b1f1a3d0184f29f582c377bd34157e93fe59a6b2daf","source-38b136a8d756.pdf","application/pdf","195992","private-draft","requires-owner-review","[""migration/phase9/assets-manifest.jsonl"",""migration/phase9/content-manifest.jsonl"",""migration/phase9/manual-review.csv"",""migration/phase9/source-inventory.jsonl""]","[""Phase 9 warnings: private_draft_attachment_may_contain_personal_data"",""sourceFilename is deterministically redacted; authoritative filename evidence remains only in the Phase 9 manifest.""]","","","",""
"wix:asset:wix:activity:wiy6e:f4850b325b50548cd8de","document","attachment","activity","wix:activity:wiy6e","長照服務","110","","migrate","migrated","activity-assets","activity-assets/<redacted>","activity-assets","wix:activity:wiy6e","592b164dbaa237a3a5e89179802c80589a9d87fe87e82aae2121c3f675b28f7e","source-592b164dbaa2.pdf","application/pdf","152878","private-draft","requires-owner-review","[""migration/phase9/assets-manifest.jsonl"",""migration/phase9/content-manifest.jsonl"",""migration/phase9/manual-review.csv"",""migration/phase9/source-inventory.jsonl""]","[""Phase 9 warnings: private_draft_attachment_may_contain_personal_data"",""sourceFilename is deterministically redacted; authoritative filename evidence remains only in the Phase 9 manifest.""]","","","",""
"wix:asset:wix:activity:wnlfh:00eee81ec35defa9f5e0","document","attachment","activity","wix:activity:wnlfh","兒童假日品格營112","112","","migrate","migrated","activity-assets","activity-assets/<redacted>","activity-assets","wix:activity:wnlfh","0e3e71a0da0ec1d9f7c9cbb85ec33f8713dbf4a8477dda10908b0c65cb5cb387","source-0e3e71a0da0e.pdf","application/pdf","58776","private-draft","requires-owner-review","[""migration/phase9/assets-manifest.jsonl"",""migration/phase9/content-manifest.jsonl"",""migration/phase9/manual-review.csv"",""migration/phase9/source-inventory.jsonl""]","[""Phase 9 warnings: private_draft_attachment_may_contain_personal_data"",""sourceFilename is deterministically redacted; authoritative filename evidence remains only in the Phase 9 manifest.""]","","","",""
"wix:asset:wix:activity:wnlfh:21b0dd16877d0ec96baf","image","gallery","activity","wix:activity:wnlfh","兒童假日品格營112","112","","migrate","migrated","activity-assets","activity-assets/<redacted>","activity-assets","wix:activity:wnlfh","5f591799c094463bb7a6eb56f340c227d3689e2ae3fa74526f0e2124c531e911","source-5f591799c094.jpg","image/jpeg","310574","private-draft","requires-owner-review","[""migration/phase9/assets-manifest.jsonl"",""migration/phase9/content-manifest.jsonl"",""migration/phase9/manual-review.csv"",""migration/phase9/source-inventory.jsonl""]","[""sourceFilename is deterministically redacted; authoritative filename evidence remains only in the Phase 9 manifest.""]","","","",""
"wix:asset:wix:activity:wnlfh:3c361e3f521685998055","document","attachment","activity","wix:activity:wnlfh","兒童假日品格營112","112","","migrate","migrated","activity-assets","activity-assets/<redacted>","activity-assets","wix:activity:wnlfh","defae18831c0ce80e91fda2a3be95b356fc170babc7f96bc91a38ce77de806d9","source-defae18831c0.pdf","application/pdf","200332","private-draft","requires-owner-review","[""migration/phase9/assets-manifest.jsonl"",""migration/phase9/content-manifest.jsonl"",""migration/phase9/manual-review.csv"",""migration/phase9/source-inventory.jsonl""]","[""Phase 9 warnings: private_draft_attachment_may_contain_personal_data"",""Same source object has 2 distinct Storage/owner assignments; each assignment is preserved."",""sourceFilename is deterministically redacted; authoritative filename evidence remains only in the Phase 9 manifest.""]","","","",""
"wix:asset:wix:activity:wnlfh:4a554f5f6402ac8a1d24","document","attachment","activity","wix:activity:wnlfh","兒童假日品格營112","112","","migrate","migrated","activity-assets","activity-assets/<redacted>","activity-assets","wix:activity:wnlfh","fae338451bbc7a562d037e46fe5b3d5267f3aae05357a9cf17fb94139d18e571","source-fae338451bbc.pdf","application/pdf","188836","private-draft","requires-owner-review","[""migration/phase9/assets-manifest.jsonl"",""migration/phase9/content-manifest.jsonl"",""migration/phase9/manual-review.csv"",""migration/phase9/source-inventory.jsonl""]","[""Phase 9 warnings: private_draft_attachment_may_contain_personal_data"",""sourceFilename is deterministically redacted; authoritative filename evidence remains only in the Phase 9 manifest.""]","","","",""
"wix:asset:wix:activity:wnlfh:a434992de75a53f2400a","image","cover","activity","wix:activity:wnlfh","兒童假日品格營112","112","","migrate","migrated","activity-assets","activity-assets/<redacted>","activity-assets","wix:activity:wnlfh","4f7df8041b654ad60f189b47e1eecb90193f2947c81f8c0f4f4a61033abf34a5","source-4f7df8041b65.jpg","image/jpeg","330591","private-draft","requires-owner-review","[""migration/phase9/assets-manifest.jsonl"",""migration/phase9/content-manifest.jsonl"",""migration/phase9/manual-review.csv"",""migration/phase9/source-inventory.jsonl""]","[""sourceFilename is deterministically redacted; authoritative filename evidence remains only in the Phase 9 manifest.""]","","","",""
"wix:asset:wix:activity:wnlfh:ae99415fde180ac7147c","document","attachment","activity","wix:activity:wnlfh","兒童假日品格營112","112","","migrate","migrated","activity-assets","activity-assets/<redacted>","activity-assets","wix:activity:wnlfh","2f2aac0a9d756cdfb3a8f5242c19cdd5c2372b1fdd833a5726ebff1e5b05cda1","source-2f2aac0a9d75.pdf","application/pdf","205496","private-draft","requires-owner-review","[""migration/phase9/assets-manifest.jsonl"",""migration/phase9/content-manifest.jsonl"",""migration/phase9/manual-review.csv"",""migration/phase9/source-inventory.jsonl""]","[""Phase 9 warnings: private_draft_attachment_may_contain_personal_data"",""sourceFilename is deterministically redacted; authoritative filename evidence remains only in the Phase 9 manifest.""]","","","",""
"wix:asset:wix:activity:wnlfh:b1c8cbeff501673f6ac0","document","attachment","activity","wix:activity:wnlfh","兒童假日品格營112","112","","migrate","migrated","activity-assets","activity-assets/<redacted>","activity-assets","wix:activity:wnlfh","00ef9791709c8a28976743e6b584813eb58ac051ab59ba6cd3f26566fa3dda48","source-00ef9791709c.pdf","application/pdf","59784","private-draft","requires-owner-review","[""migration/phase9/assets-manifest.jsonl"",""migration/phase9/content-manifest.jsonl"",""migration/phase9/manual-review.csv"",""migration/phase9/source-inventory.jsonl""]","[""Phase 9 warnings: private_draft_attachment_may_contain_personal_data"",""sourceFilename is deterministically redacted; authoritative filename evidence remains only in the Phase 9 manifest.""]","","","",""
"wix:asset:wix:activity:wnlfh:f92abc54f184c381fe8c","document","attachment","activity","wix:activity:wnlfh","兒童假日品格營112","112","","migrate","migrated","activity-assets","activity-assets/<redacted>","activity-assets","wix:activity:wnlfh","f59717f57a112c585a85f1cf22f6650846d7f7d7d45c2abca5592b7f993517be","source-f59717f57a11.pdf","application/pdf","543709","private-draft","requires-owner-review","[""migration/phase9/assets-manifest.jsonl"",""migration/phase9/content-manifest.jsonl"",""migration/phase9/manual-review.csv"",""migration/phase9/source-inventory.jsonl""]","[""Phase 9 warnings: private_draft_attachment_may_contain_personal_data"",""sourceFilename is deterministically redacted; authoritative filename evidence remains only in the Phase 9 manifest.""]","","","",""
"wix:asset:wix:activity:wquq1:06759be1d573cbc4bfde","document","attachment","activity","wix:activity:wquq1","愛潮校慶校友回娘家","110","","migrate","migrated","activity-assets","activity-assets/<redacted>","activity-assets","wix:activity:wquq1","a17e93985ace5678beed506e3e40c804e2239f654c1e29703a2a48bc5822f73b","source-a17e93985ace.pdf","application/pdf","188726","private-draft","requires-owner-review","[""migration/phase9/assets-manifest.jsonl"",""migration/phase9/content-manifest.jsonl"",""migration/phase9/manual-review.csv"",""migration/phase9/source-inventory.jsonl""]","[""Phase 9 warnings: private_draft_attachment_may_contain_personal_data"",""sourceFilename is deterministically redacted; authoritative filename evidence remains only in the Phase 9 manifest.""]","","","",""
"wix:asset:wix:activity:wquq1:38c8f99f02bd7c2bfcf3","document","attachment","activity","wix:activity:wquq1","愛潮校慶校友回娘家","110","","migrate","migrated","activity-assets","activity-assets/<redacted>","activity-assets","wix:activity:wquq1","7e02c1c8ebb8099f03a774a14a447f18830c7e15137f4298b7b19be1f1b310fc","source-7e02c1c8ebb8.pdf","application/pdf","341221","private-draft","requires-owner-review","[""migration/phase9/assets-manifest.jsonl"",""migration/phase9/content-manifest.jsonl"",""migration/phase9/manual-review.csv"",""migration/phase9/source-inventory.jsonl""]","[""Phase 9 warnings: private_draft_attachment_may_contain_personal_data"",""sourceFilename is deterministically redacted; authoritative filename evidence remains only in the Phase 9 manifest.""]","","","",""
"wix:asset:wix:activity:wquq1:3c4d4b5fdf70475a7dd6","image","cover","activity","wix:activity:wquq1","愛潮校慶校友回娘家","110","","migrate","migrated","activity-assets","activity-assets/<redacted>","activity-assets","wix:activity:wquq1","7c1b3426b41a462ba231254f366dd6589991105ae877421ed30bbf56db65d99d","source-7c1b3426b41a.jpg","image/jpeg","73956","private-draft","requires-owner-review","[""migration/phase9/assets-manifest.jsonl"",""migration/phase9/content-manifest.jsonl"",""migration/phase9/manual-review.csv"",""migration/phase9/source-inventory.jsonl""]","[""sourceFilename is deterministically redacted; authoritative filename evidence remains only in the Phase 9 manifest.""]","","","",""
"wix:asset:wix:activity:wquq1:5ad1eeb64c5272ce13f9","document","attachment","activity","wix:activity:wquq1","愛潮校慶校友回娘家","110","","migrate","migrated","activity-assets","activity-assets/<redacted>","activity-assets","wix:activity:wquq1","ea83d0914cf3f265a594338b1ca7b2c70c99a01f8eb7984dfafe4f7118d19953","source-ea83d0914cf3.pdf","application/pdf","195773","private-draft","requires-owner-review","[""migration/phase9/assets-manifest.jsonl"",""migration/phase9/content-manifest.jsonl"",""migration/phase9/manual-review.csv"",""migration/phase9/source-inventory.jsonl""]","[""Phase 9 warnings: private_draft_attachment_may_contain_personal_data"",""sourceFilename is deterministically redacted; authoritative filename evidence remains only in the Phase 9 manifest.""]","","","",""
"wix:asset:wix:activity:wquq1:6f0e304229e8ba9a18c6","document","attachment","activity","wix:activity:wquq1","愛潮校慶校友回娘家","110","","migrate","migrated","activity-assets","activity-assets/<redacted>","activity-assets","wix:activity:wquq1","74fe465599c1b8c92df4ac67cca46ebe8c19a3665fddb4c5a41363118a19af99","source-74fe465599c1.pdf","application/pdf","243748","private-draft","requires-owner-review","[""migration/phase9/assets-manifest.jsonl"",""migration/phase9/content-manifest.jsonl"",""migration/phase9/manual-review.csv"",""migration/phase9/source-inventory.jsonl""]","[""Phase 9 warnings: private_draft_attachment_may_contain_personal_data"",""sourceFilename is deterministically redacted; authoritative filename evidence remains only in the Phase 9 manifest.""]","","","",""
"wix:asset:wix:activity:wquq1:7f456cd3edd40864eeed","document","attachment","activity","wix:activity:wquq1","愛潮校慶校友回娘家","110","","migrate","migrated","activity-assets","activity-assets/<redacted>","activity-assets","wix:activity:wquq1","1a01db141371675176ed5b048da03460c5b8da66f0d6497844dacb278d4c0f4f","source-1a01db141371.pdf","application/pdf","65865","private-draft","requires-owner-review","[""migration/phase9/assets-manifest.jsonl"",""migration/phase9/content-manifest.jsonl"",""migration/phase9/manual-review.csv"",""migration/phase9/source-inventory.jsonl""]","[""Phase 9 warnings: private_draft_attachment_may_contain_personal_data"",""sourceFilename is deterministically redacted; authoritative filename evidence remains only in the Phase 9 manifest.""]","","","",""
"wix:asset:wix:activity:wquq1:917d65dcbd1a83a975bf","image","gallery","activity","wix:activity:wquq1","愛潮校慶校友回娘家","110","","migrate","migrated","activity-assets","activity-assets/<redacted>","activity-assets","wix:activity:wquq1","8b7d17c27c4ec619c8474f3641116e8f1a8c779663192b6ecb9ea4bda9a4468d","source-8b7d17c27c4e.jpg","image/jpeg","85187","private-draft","requires-owner-review","[""migration/phase9/assets-manifest.jsonl"",""migration/phase9/content-manifest.jsonl"",""migration/phase9/manual-review.csv"",""migration/phase9/source-inventory.jsonl""]","[""sourceFilename is deterministically redacted; authoritative filename evidence remains only in the Phase 9 manifest.""]","","","",""
"wix:asset:wix:activity:wquq1:ce075dfae960881ee10b","document","attachment","activity","wix:activity:wquq1","愛潮校慶校友回娘家","110","","migrate","migrated","activity-assets","activity-assets/<redacted>","activity-assets","wix:activity:wquq1","d7a935c56e55f92611ad987e419c8581ddb06b661defd9abf9f0b4663531a5cc","source-d7a935c56e55.pdf","application/pdf","204527","private-draft","requires-owner-review","[""migration/phase9/assets-manifest.jsonl"",""migration/phase9/content-manifest.jsonl"",""migration/phase9/manual-review.csv"",""migration/phase9/source-inventory.jsonl""]","[""Phase 9 warnings: private_draft_attachment_may_contain_personal_data"",""sourceFilename is deterministically redacted; authoritative filename evidence remains only in the Phase 9 manifest.""]","","","",""
"wix:asset:wix:activity:wquq1:d5f73977efca0532877b","image","gallery","activity","wix:activity:wquq1","愛潮校慶校友回娘家","110","","migrate","migrated","activity-assets","activity-assets/<redacted>","activity-assets","wix:activity:wquq1","4697e130ff6e390b256a7b26f51a377f3780d668a43f9b833a8bc4d2f04be720","source-4697e130ff6e.jpg","image/jpeg","155484","private-draft","requires-owner-review","[""migration/phase9/assets-manifest.jsonl"",""migration/phase9/content-manifest.jsonl"",""migration/phase9/manual-review.csv"",""migration/phase9/source-inventory.jsonl""]","[""sourceFilename is deterministically redacted; authoritative filename evidence remains only in the Phase 9 manifest.""]","","","",""
"wix:asset:wix:activity:xhbeh:26ca9e9819dcf964467b","document","attachment","activity","wix:activity:xhbeh","迎新烤肉肉","113","","migrate","migrated","activity-assets","activity-assets/<redacted>","activity-assets","wix:activity:xhbeh","b80059e1a939067b6575e828b7195f3e0aa6d4d6329f452a4a1925be2a7a661e","source-b80059e1a939.pdf","application/pdf","153867","private-draft","requires-owner-review","[""migration/phase9/assets-manifest.jsonl"",""migration/phase9/content-manifest.jsonl"",""migration/phase9/manual-review.csv"",""migration/phase9/source-inventory.jsonl""]","[""Phase 9 warnings: private_draft_attachment_may_contain_personal_data"",""sourceFilename is deterministically redacted; authoritative filename evidence remains only in the Phase 9 manifest.""]","","","",""
"wix:asset:wix:activity:xhbeh:27d8088a539e872bfc56","document","attachment","activity","wix:activity:xhbeh","迎新烤肉肉","113","","migrate","migrated","activity-assets","activity-assets/<redacted>","activity-assets","wix:activity:xhbeh","fa0d5a575e273e6ed876c25639b6c12d698fa62ef661b9eb776e7f8182511e0c","source-fa0d5a575e27.pdf","application/pdf","192282","private-draft","requires-owner-review","[""migration/phase9/assets-manifest.jsonl"",""migration/phase9/content-manifest.jsonl"",""migration/phase9/manual-review.csv"",""migration/phase9/source-inventory.jsonl""]","[""Phase 9 warnings: private_draft_attachment_may_contain_personal_data"",""sourceFilename is deterministically redacted; authoritative filename evidence remains only in the Phase 9 manifest.""]","","","",""
"wix:asset:wix:activity:xhbeh:5dcbad331ec385a3ed23","image","gallery","activity","wix:activity:xhbeh","迎新烤肉肉","113","","migrate","migrated","activity-assets","activity-assets/<redacted>","activity-assets","wix:activity:xhbeh","8ec77327ee29051c712b6373af6a7070ebf6647ffdf63658bb4e16f4da5a2b4e","source-8ec77327ee29.jpg","image/jpeg","1383822","private-draft","requires-owner-review","[""migration/phase9/assets-manifest.jsonl"",""migration/phase9/content-manifest.jsonl"",""migration/phase9/manual-review.csv"",""migration/phase9/source-inventory.jsonl""]","[""Same source object has 2 distinct Storage/owner assignments; each assignment is preserved."",""sourceFilename is deterministically redacted; authoritative filename evidence remains only in the Phase 9 manifest.""]","","","",""
"wix:asset:wix:activity:xhbeh:701bd6c862e2ed08e72f","image","cover","activity","wix:activity:xhbeh","迎新烤肉肉","113","","migrate","migrated","activity-assets","activity-assets/<redacted>","activity-assets","wix:activity:xhbeh","4bad273147e61750e4aeb01e6a2cc423611bfcb1596e539bea7a6d3ba81acccd","source-4bad273147e6.jpg","image/jpeg","1115511","private-draft","requires-owner-review","[""migration/phase9/assets-manifest.jsonl"",""migration/phase9/content-manifest.jsonl"",""migration/phase9/manual-review.csv"",""migration/phase9/source-inventory.jsonl""]","[""Same source object has 2 distinct Storage/owner assignments; each assignment is preserved."",""sourceFilename is deterministically redacted; authoritative filename evidence remains only in the Phase 9 manifest.""]","","","",""
"wix:asset:wix:activity:xhbeh:79062af9fbaaa72a9b92","document","attachment","activity","wix:activity:xhbeh","迎新烤肉肉","113","","migrate","migrated","activity-assets","activity-assets/<redacted>","activity-assets","wix:activity:xhbeh","d0659f030e4b5a6da3e198619e53cf6f7d698bce9c3b1c6070e272cde4eeb9ca","source-d0659f030e4b.pdf","application/pdf","68826","private-draft","requires-owner-review","[""migration/phase9/assets-manifest.jsonl"",""migration/phase9/content-manifest.jsonl"",""migration/phase9/manual-review.csv"",""migration/phase9/source-inventory.jsonl""]","[""Phase 9 warnings: private_draft_attachment_may_contain_personal_data"",""sourceFilename is deterministically redacted; authoritative filename evidence remains only in the Phase 9 manifest.""]","","","",""
"wix:asset:wix:activity:xhbeh:803518444d55af745154","document","attachment","activity","wix:activity:xhbeh","迎新烤肉肉","113","","migrate","migrated","activity-assets","activity-assets/<redacted>","activity-assets","wix:activity:xhbeh","b87d2b195b928a6ff000d85ec74084fc00da486c801df52ae4e5efb0e628647c","source-b87d2b195b92.pdf","application/pdf","168492","private-draft","requires-owner-review","[""migration/phase9/assets-manifest.jsonl"",""migration/phase9/content-manifest.jsonl"",""migration/phase9/manual-review.csv"",""migration/phase9/source-inventory.jsonl""]","[""Phase 9 warnings: private_draft_attachment_may_contain_personal_data"",""sourceFilename is deterministically redacted; authoritative filename evidence remains only in the Phase 9 manifest.""]","","","",""
"wix:asset:wix:activity:xhbeh:c28d5d53bc4031704264","document","attachment","activity","wix:activity:xhbeh","迎新烤肉肉","113","","migrate","migrated","activity-assets","activity-assets/<redacted>","activity-assets","wix:activity:xhbeh","e6c82dcb61a022bfec86d93d25bd4adc7cf3d5c891197e0fc89839777e18bef4","source-e6c82dcb61a0.pdf","application/pdf","197602","private-draft","requires-owner-review","[""migration/phase9/assets-manifest.jsonl"",""migration/phase9/content-manifest.jsonl"",""migration/phase9/manual-review.csv"",""migration/phase9/source-inventory.jsonl""]","[""Phase 9 warnings: private_draft_attachment_may_contain_personal_data"",""sourceFilename is deterministically redacted; authoritative filename evidence remains only in the Phase 9 manifest.""]","","","",""
"wix:asset:wix:activity:xhbeh:fdb2bca1f6548166e2d7","image","gallery","activity","wix:activity:xhbeh","迎新烤肉肉","113","","migrate","migrated","activity-assets","activity-assets/<redacted>","activity-assets","wix:activity:xhbeh","200cf2a321b9e74f12fbcb74f53200c18a6daaa7834d35d820c01ecb0928357d","source-200cf2a321b9.jpg","image/jpeg","1212153","private-draft","requires-owner-review","[""migration/phase9/assets-manifest.jsonl"",""migration/phase9/content-manifest.jsonl"",""migration/phase9/manual-review.csv"",""migration/phase9/source-inventory.jsonl""]","[""Same source object has 2 distinct Storage/owner assignments; each assignment is preserved."",""sourceFilename is deterministically redacted; authoritative filename evidence remains only in the Phase 9 manifest.""]","","","",""
"wix:asset:wix:activity:y2p9y:29766935d14fc347524d","document","attachment","activity","wix:activity:y2p9y","聖誕音樂會","114","","migrate","migrated","activity-assets","activity-assets/<redacted>","activity-assets","wix:activity:y2p9y","1c6ea02cf39e1b159ff69c2c9cef10fd80bcf05192e0f0bbbdce8596fc5aa428","source-1c6ea02cf39e.pdf","application/pdf","60862","private-draft","requires-owner-review","[""migration/phase9/assets-manifest.jsonl"",""migration/phase9/content-manifest.jsonl"",""migration/phase9/manual-review.csv"",""migration/phase9/source-inventory.jsonl""]","[""Phase 9 warnings: private_draft_attachment_may_contain_personal_data"",""sourceFilename is deterministically redacted; authoritative filename evidence remains only in the Phase 9 manifest.""]","","","",""
"wix:asset:wix:activity:y2p9y:394a02cc06ff616ac40f","document","attachment","activity","wix:activity:y2p9y","聖誕音樂會","114","","migrate","migrated","activity-assets","activity-assets/<redacted>","activity-assets","wix:activity:y2p9y","f09f499876bff6894143a6505cd011882b6d380d899f85ef5a19c796d3a6a01b","source-f09f499876bf.pdf","application/pdf","1516301","private-draft","requires-owner-review","[""migration/phase9/assets-manifest.jsonl"",""migration/phase9/content-manifest.jsonl"",""migration/phase9/manual-review.csv"",""migration/phase9/source-inventory.jsonl""]","[""Phase 9 warnings: private_draft_attachment_may_contain_personal_data"",""sourceFilename is deterministically redacted; authoritative filename evidence remains only in the Phase 9 manifest.""]","","","",""
"wix:asset:wix:activity:y2p9y:3d069d2a81e82c6a0f09","image","cover","activity","wix:activity:y2p9y","聖誕音樂會","114","","migrate","migrated","activity-assets","activity-assets/<redacted>","activity-assets","wix:activity:y2p9y","0b76efd21f7be28201f238c00a9e8a60cb80488abcafa484eeb5ad2df1623386","source-0b76efd21f7b.jpg","image/jpeg","305427","private-draft","requires-owner-review","[""migration/phase9/assets-manifest.jsonl"",""migration/phase9/content-manifest.jsonl"",""migration/phase9/manual-review.csv"",""migration/phase9/source-inventory.jsonl""]","[""sourceFilename is deterministically redacted; authoritative filename evidence remains only in the Phase 9 manifest.""]","","","",""
"wix:asset:wix:activity:y2p9y:40a5ddd00aea74356923","document","attachment","activity","wix:activity:y2p9y","聖誕音樂會","114","","migrate","migrated","activity-assets","activity-assets/<redacted>","activity-assets","wix:activity:y2p9y","20a279c5be8e6a511a2034051ce9427ba5a745278f01bf3da4dcfa59f680c4c6","source-20a279c5be8e.pdf","application/pdf","206432","private-draft","requires-owner-review","[""migration/phase9/assets-manifest.jsonl"",""migration/phase9/content-manifest.jsonl"",""migration/phase9/manual-review.csv"",""migration/phase9/source-inventory.jsonl""]","[""Phase 9 warnings: private_draft_attachment_may_contain_personal_data"",""sourceFilename is deterministically redacted; authoritative filename evidence remains only in the Phase 9 manifest.""]","","","",""
"wix:asset:wix:activity:y2p9y:cca4e9217ce3c5652e2e","image","gallery","activity","wix:activity:y2p9y","聖誕音樂會","114","","migrate","migrated","activity-assets","activity-assets/<redacted>","activity-assets","wix:activity:y2p9y","e89509a4cb5309dba1ee78d2b129a624b470d41e6dfa66cfe8f33994460c9d90","source-e89509a4cb53.jpg","image/jpeg","366076","private-draft","requires-owner-review","[""migration/phase9/assets-manifest.jsonl"",""migration/phase9/content-manifest.jsonl"",""migration/phase9/manual-review.csv"",""migration/phase9/source-inventory.jsonl""]","[""sourceFilename is deterministically redacted; authoritative filename evidence remains only in the Phase 9 manifest.""]","","","",""
"wix:asset:wix:activity:y2p9y:d8fcd158a00f6044ce44","image","gallery","activity","wix:activity:y2p9y","聖誕音樂會","114","","migrate","migrated","activity-assets","activity-assets/<redacted>","activity-assets","wix:activity:y2p9y","d3e79d3c13391acb1c5d606972bce23907ff4ebda6bf259bba755b4273e1178a","source-d3e79d3c1339.jpg","image/jpeg","297954","private-draft","requires-owner-review","[""migration/phase9/assets-manifest.jsonl"",""migration/phase9/content-manifest.jsonl"",""migration/phase9/manual-review.csv"",""migration/phase9/source-inventory.jsonl""]","[""sourceFilename is deterministically redacted; authoritative filename evidence remains only in the Phase 9 manifest.""]","","","",""
"wix:asset:wix:activity:y2p9y:f6f5d078184ef502bcca","document","attachment","activity","wix:activity:y2p9y","聖誕音樂會","114","","migrate","migrated","activity-assets","activity-assets/<redacted>","activity-assets","wix:activity:y2p9y","b949393f4b3695b1568f500b2e26fcb7a884a247c8270e49ea4820f5e3b7d8c9","source-b949393f4b36.pdf","application/pdf","64821","private-draft","requires-owner-review","[""migration/phase9/assets-manifest.jsonl"",""migration/phase9/content-manifest.jsonl"",""migration/phase9/manual-review.csv"",""migration/phase9/source-inventory.jsonl""]","[""Phase 9 warnings: private_draft_attachment_may_contain_personal_data"",""sourceFilename is deterministically redacted; authoritative filename evidence remains only in the Phase 9 manifest.""]","","","",""
"wix:asset:wix:activity:yq45v:19dc20f71c55ae3d3d78","document","attachment","activity","wix:activity:yq45v","清寒國中生早餐募款計畫","114","","migrate","migrated","activity-assets","activity-assets/<redacted>","activity-assets","wix:activity:yq45v","fa494d7add48305d88be86edff91339218b26d3d4a52c852bd081fe53716c0fd","source-fa494d7add48.pdf","application/pdf","65113","private-draft","requires-owner-review","[""migration/phase9/assets-manifest.jsonl"",""migration/phase9/content-manifest.jsonl"",""migration/phase9/manual-review.csv"",""migration/phase9/source-inventory.jsonl""]","[""Phase 9 warnings: private_draft_attachment_may_contain_personal_data"",""sourceFilename is deterministically redacted; authoritative filename evidence remains only in the Phase 9 manifest.""]","","","",""
"wix:asset:wix:activity:yq45v:4faed95a291a89690bc9","document","attachment","activity","wix:activity:yq45v","清寒國中生早餐募款計畫","114","","migrate","migrated","activity-assets","activity-assets/<redacted>","activity-assets","wix:activity:yq45v","c7440565460425db63796db3e5e8a60fb90973371b3a6204dd0118a6a2a7ec51","source-c74405654604.pdf","application/pdf","212216","private-draft","requires-owner-review","[""migration/phase9/assets-manifest.jsonl"",""migration/phase9/content-manifest.jsonl"",""migration/phase9/manual-review.csv"",""migration/phase9/source-inventory.jsonl""]","[""Phase 9 warnings: private_draft_attachment_may_contain_personal_data"",""sourceFilename is deterministically redacted; authoritative filename evidence remains only in the Phase 9 manifest.""]","","","",""
"wix:asset:wix:activity:yq45v:8943f9f2bb6d07b34896","image","gallery","activity","wix:activity:yq45v","清寒國中生早餐募款計畫","114","","migrate","migrated","activity-assets","activity-assets/<redacted>","activity-assets","wix:activity:yq45v","2d1ede1b1c8d5b5c463761dbd5a1f7c7fd99a08ac829586339190bdc77ebe41d","source-2d1ede1b1c8d.jpg","image/jpeg","187132","private-draft","requires-owner-review","[""migration/phase9/assets-manifest.jsonl"",""migration/phase9/content-manifest.jsonl"",""migration/phase9/manual-review.csv"",""migration/phase9/source-inventory.jsonl""]","[""sourceFilename is deterministically redacted; authoritative filename evidence remains only in the Phase 9 manifest.""]","","","",""
"wix:asset:wix:activity:yq45v:9d87b26d79ec37a3c467","image","cover","activity","wix:activity:yq45v","清寒國中生早餐募款計畫","114","","migrate","migrated","activity-assets","activity-assets/<redacted>","activity-assets","wix:activity:yq45v","0816bef699f9fb2a4022e8e9b7114360e0475a868b79833a356dad3cad9c156c","source-0816bef699f9.jpg","image/jpeg","507982","private-draft","requires-owner-review","[""migration/phase9/assets-manifest.jsonl"",""migration/phase9/content-manifest.jsonl"",""migration/phase9/manual-review.csv"",""migration/phase9/source-inventory.jsonl""]","[""sourceFilename is deterministically redacted; authoritative filename evidence remains only in the Phase 9 manifest.""]","","","",""
"wix:asset:wix:activity:yq45v:abb4b1acf92bc6e96f28","document","attachment","activity","wix:activity:yq45v","清寒國中生早餐募款計畫","114","","migrate","migrated","activity-assets","activity-assets/<redacted>","activity-assets","wix:activity:yq45v","2553a4b71ceed2c7b74df92d5618e6d89b89e9e7a00827668b9fa7b4f8370b66","source-2553a4b71cee.pdf","application/pdf","189329","private-draft","requires-owner-review","[""migration/phase9/assets-manifest.jsonl"",""migration/phase9/content-manifest.jsonl"",""migration/phase9/manual-review.csv"",""migration/phase9/source-inventory.jsonl""]","[""Phase 9 warnings: private_draft_attachment_may_contain_personal_data"",""sourceFilename is deterministically redacted; authoritative filename evidence remains only in the Phase 9 manifest.""]","","","",""
"wix:asset:wix:activity:yq45v:b120d75eb82c1ba65dfe","document","attachment","activity","wix:activity:yq45v","清寒國中生早餐募款計畫","114","","migrate","migrated","activity-assets","activity-assets/<redacted>","activity-assets","wix:activity:yq45v","381b3513ec9dc70dedc8f404afef126e8de1655d14747a28bdc59716ac96c38d","source-381b3513ec9d.pdf","application/pdf","56029","private-draft","requires-owner-review","[""migration/phase9/assets-manifest.jsonl"",""migration/phase9/content-manifest.jsonl"",""migration/phase9/manual-review.csv"",""migration/phase9/source-inventory.jsonl""]","[""Phase 9 warnings: private_draft_attachment_may_contain_personal_data"",""sourceFilename is deterministically redacted; authoritative filename evidence remains only in the Phase 9 manifest.""]","","","",""
"wix:asset:wix:activity:yq45v:da8741b49dce9038c58b","document","attachment","activity","wix:activity:yq45v","清寒國中生早餐募款計畫","114","","migrate","migrated","activity-assets","activity-assets/<redacted>","activity-assets","wix:activity:yq45v","2e259b22dcf6679e3fb7e899b0f92341dc78e2b41901ce3182d75d02e430a468","source-2e259b22dcf6.pdf","application/pdf","172782","private-draft","requires-owner-review","[""migration/phase9/assets-manifest.jsonl"",""migration/phase9/content-manifest.jsonl"",""migration/phase9/manual-review.csv"",""migration/phase9/source-inventory.jsonl""]","[""Phase 9 warnings: private_draft_attachment_may_contain_personal_data"",""sourceFilename is deterministically redacted; authoritative filename evidence remains only in the Phase 9 manifest.""]","","","",""
"wix:asset:wix:activity:yq45v:f69350d68f4a0b84ac39","image","gallery","activity","wix:activity:yq45v","清寒國中生早餐募款計畫","114","","migrate","migrated","activity-assets","activity-assets/<redacted>","activity-assets","wix:activity:yq45v","670466bea211555e8af575b4ddc8ec3ba7660c94268cd83f84a0334810a35912","source-670466bea211.jpg","image/jpeg","447296","private-draft","requires-owner-review","[""migration/phase9/assets-manifest.jsonl"",""migration/phase9/content-manifest.jsonl"",""migration/phase9/manual-review.csv"",""migration/phase9/source-inventory.jsonl""]","[""sourceFilename is deterministically redacted; authoritative filename evidence remains only in the Phase 9 manifest.""]","","","",""
"wix:asset:wix:activity:zsngn:16c16326e4d720be12ee","document","attachment","activity","wix:activity:zsngn","愛潮新舊幹部訓練","110","","migrate","migrated","activity-assets","activity-assets/<redacted>","activity-assets","wix:activity:zsngn","79f4df98ce54f4d8bec9b832c5b37f8623e22d60fa7faae86da1b7c460e56a41","source-79f4df98ce54.pdf","application/pdf","228154","private-draft","requires-owner-review","[""migration/phase9/assets-manifest.jsonl"",""migration/phase9/content-manifest.jsonl"",""migration/phase9/manual-review.csv"",""migration/phase9/source-inventory.jsonl""]","[""Phase 9 warnings: private_draft_attachment_may_contain_personal_data"",""sourceFilename is deterministically redacted; authoritative filename evidence remains only in the Phase 9 manifest.""]","","","",""
"wix:asset:wix:activity:zsngn:5801aba4a75b304b00fd","image","gallery","activity","wix:activity:zsngn","愛潮新舊幹部訓練","110","","migrate","migrated","activity-assets","activity-assets/<redacted>","activity-assets","wix:activity:zsngn","1a6313dcb063aa7bf2f3c3deb7b477371fcc53156fee84de5749122ce237226a","source-1a6313dcb063.jpg","image/jpeg","346221","private-draft","requires-owner-review","[""migration/phase9/assets-manifest.jsonl"",""migration/phase9/content-manifest.jsonl"",""migration/phase9/manual-review.csv"",""migration/phase9/source-inventory.jsonl""]","[""sourceFilename is deterministically redacted; authoritative filename evidence remains only in the Phase 9 manifest.""]","","","",""
"wix:asset:wix:activity:zsngn:89c967318e08fd1fe391","document","attachment","activity","wix:activity:zsngn","愛潮新舊幹部訓練","110","","migrate","migrated","activity-assets","activity-assets/<redacted>","activity-assets","wix:activity:zsngn","0ddd3fbe993bfc7c67b0bdd306782251575ba6dfd2e95ab867e7f1375b8df146","source-0ddd3fbe993b.pdf","application/pdf","343750","private-draft","requires-owner-review","[""migration/phase9/assets-manifest.jsonl"",""migration/phase9/content-manifest.jsonl"",""migration/phase9/manual-review.csv"",""migration/phase9/source-inventory.jsonl""]","[""Phase 9 warnings: private_draft_attachment_may_contain_personal_data"",""sourceFilename is deterministically redacted; authoritative filename evidence remains only in the Phase 9 manifest.""]","","","",""
"wix:asset:wix:activity:zsngn:95d70cd1d2dac157f2b5","image","gallery","activity","wix:activity:zsngn","愛潮新舊幹部訓練","110","","migrate","migrated","activity-assets","activity-assets/<redacted>","activity-assets","wix:activity:zsngn","0dedcbe17aa5c4f80cb2b2d525f5f14aa41d71bc2959fdf573308257462822b4","source-0dedcbe17aa5.jpg","image/jpeg","537409","private-draft","requires-owner-review","[""migration/phase9/assets-manifest.jsonl"",""migration/phase9/content-manifest.jsonl"",""migration/phase9/manual-review.csv"",""migration/phase9/source-inventory.jsonl""]","[""sourceFilename is deterministically redacted; authoritative filename evidence remains only in the Phase 9 manifest.""]","","","",""
"wix:asset:wix:activity:zsngn:973e0b62377dd28b8ef1","image","cover","activity","wix:activity:zsngn","愛潮新舊幹部訓練","110","","migrate","migrated","activity-assets","activity-assets/<redacted>","activity-assets","wix:activity:zsngn","7adb12fe0f05a9a7509722ea8a2d83a55156d3081b6d7367825240bc4d6cf173","source-7adb12fe0f05.jpg","image/jpeg","487547","private-draft","requires-owner-review","[""migration/phase9/assets-manifest.jsonl"",""migration/phase9/content-manifest.jsonl"",""migration/phase9/manual-review.csv"",""migration/phase9/source-inventory.jsonl""]","[""sourceFilename is deterministically redacted; authoritative filename evidence remains only in the Phase 9 manifest.""]","","","",""
"wix:asset:wix:activity:zsngn:a169b864937a45bfaa11","document","attachment","activity","wix:activity:zsngn","愛潮新舊幹部訓練","110","","migrate","migrated","activity-assets","activity-assets/<redacted>","activity-assets","wix:activity:zsngn","e17fea5a0754bee09804087bb35551d3a1255451070ea35855f85c85da4a4019","source-e17fea5a0754.pdf","application/pdf","299208","private-draft","requires-owner-review","[""migration/phase9/assets-manifest.jsonl"",""migration/phase9/content-manifest.jsonl"",""migration/phase9/manual-review.csv"",""migration/phase9/source-inventory.jsonl""]","[""Phase 9 warnings: private_draft_attachment_may_contain_personal_data"",""sourceFilename is deterministically redacted; authoritative filename evidence remains only in the Phase 9 manifest.""]","","","",""
"wix:asset:wix:activity:zsngn:b33f04b46bad7949b669","document","attachment","activity","wix:activity:zsngn","愛潮新舊幹部訓練","110","","migrate","migrated","activity-assets","activity-assets/<redacted>","activity-assets","wix:activity:zsngn","a8d0777609e96f4210ad9b81166ca916844d961cb495e4120ff042b88edfd7e9","source-a8d0777609e9.pdf","application/pdf","228831","private-draft","requires-owner-review","[""migration/phase9/assets-manifest.jsonl"",""migration/phase9/content-manifest.jsonl"",""migration/phase9/manual-review.csv"",""migration/phase9/source-inventory.jsonl""]","[""Phase 9 warnings: private_draft_attachment_may_contain_personal_data"",""sourceFilename is deterministically redacted; authoritative filename evidence remains only in the Phase 9 manifest.""]","","","",""
"wix:asset:wix:activity:zsngn:dabe2f6fbfb58ae0160b","document","attachment","activity","wix:activity:zsngn","愛潮新舊幹部訓練","110","","migrate","migrated","activity-assets","activity-assets/<redacted>","activity-assets","wix:activity:zsngn","6f0f4c6c53e3e94a6c4fd8ca416f29c834b27e63e671bd09619255773928ac37","source-6f0f4c6c53e3.pdf","application/pdf","189441","private-draft","requires-owner-review","[""migration/phase9/assets-manifest.jsonl"",""migration/phase9/content-manifest.jsonl"",""migration/phase9/manual-review.csv"",""migration/phase9/source-inventory.jsonl""]","[""Phase 9 warnings: private_draft_attachment_may_contain_personal_data"",""sourceFilename is deterministically redacted; authoritative filename evidence remains only in the Phase 9 manifest.""]","","","",""
"wix:asset:wix:activity:zsngn:dc5c364cfa4d65236903","document","attachment","activity","wix:activity:zsngn","愛潮新舊幹部訓練","110","","migrate","migrated","activity-assets","activity-assets/<redacted>","activity-assets","wix:activity:zsngn","4c438442abe9abcebf595ed948a4fb04466fdb1990492e05240b90262e194728","source-4c438442abe9.pdf","application/pdf","98456","private-draft","requires-owner-review","[""migration/phase9/assets-manifest.jsonl"",""migration/phase9/content-manifest.jsonl"",""migration/phase9/manual-review.csv"",""migration/phase9/source-inventory.jsonl""]","[""Phase 9 warnings: private_draft_attachment_may_contain_personal_data"",""sourceFilename is deterministically redacted; authoritative filename evidence remains only in the Phase 9 manifest.""]","","","",""
"wix:asset:wix:file:2642b76d6996564aa309ac96:2642b76d6996564aa309","document","download","file","wix:file:2642b76d6996564aa309ac96","f3ba24_062f9d3d257045dc83313cbee3be4e56","111","finance","migrate","migrated","downloads","downloads/<redacted>","file","wix:file:2642b76d6996564aa309ac96","2642b76d6996564aa309ac9645aa93e7dc6005a28f1acf3435469768c73115a2","source-2642b76d6996.pdf","application/pdf","188106","private-draft","requires-owner-review","[""migration/phase9/assets-manifest.jsonl"",""migration/phase9/content-manifest.jsonl"",""migration/phase9/manual-review.csv"",""migration/phase9/source-inventory.jsonl""]","[""sourceFilename is deterministically redacted; authoritative filename evidence remains only in the Phase 9 manifest.""]","","","",""
"wix:asset:wix:file:30190e56aab62c7f108079d1:30190e56aab62c7f1080","document","download","file","wix:file:30190e56aab62c7f108079d1","f3ba24_a7a61f886f8946de84f26cbfc7691c22","112","organization","migrate","migrated","downloads","downloads/<redacted>","file","wix:file:30190e56aab62c7f108079d1","30190e56aab62c7f108079d11b3e28be1f075544a299b4499616ef2749a918d3","source-30190e56aab6.pdf","application/pdf","111208","private-draft","requires-owner-review","[""migration/phase9/assets-manifest.jsonl"",""migration/phase9/content-manifest.jsonl"",""migration/phase9/manual-review.csv"",""migration/phase9/source-inventory.jsonl""]","[""sourceFilename is deterministically redacted; authoritative filename evidence remains only in the Phase 9 manifest.""]","","","",""
"wix:asset:wix:file:4c029f4e34dbd6107e4def18:4c029f4e34dbd6107e4d","document","download","file","wix:file:4c029f4e34dbd6107e4def18","f3ba24_f656a14cd9d349dda7930d8aff4343d2","111","finance","migrate","migrated","downloads","downloads/<redacted>","file","wix:file:4c029f4e34dbd6107e4def18","4c029f4e34dbd6107e4def18cf97bd2333dcd4186f68ab4b3a923971a76b890a","source-4c029f4e34db.pdf","application/pdf","182419","private-draft","requires-owner-review","[""migration/phase9/assets-manifest.jsonl"",""migration/phase9/content-manifest.jsonl"",""migration/phase9/manual-review.csv"",""migration/phase9/source-inventory.jsonl""]","[""sourceFilename is deterministically redacted; authoritative filename evidence remains only in the Phase 9 manifest.""]","","","",""
"wix:asset:wix:file:56af2bce6dcf1cf08a4958c0:56af2bce6dcf1cf08a49","document","download","file","wix:file:56af2bce6dcf1cf08a4958c0","f3ba24_e570624a72c64e4e8f6c8ef77ff08eaa","111","finance","migrate","migrated","downloads","downloads/<redacted>","file","wix:file:56af2bce6dcf1cf08a4958c0","56af2bce6dcf1cf08a4958c0350e584720087a3bce1dc3469216fd0a8f4279da","source-56af2bce6dcf.pdf","application/pdf","186349","private-draft","requires-owner-review","[""migration/phase9/assets-manifest.jsonl"",""migration/phase9/content-manifest.jsonl"",""migration/phase9/manual-review.csv"",""migration/phase9/source-inventory.jsonl""]","[""sourceFilename is deterministically redacted; authoritative filename evidence remains only in the Phase 9 manifest.""]","","","",""
"wix:asset:wix:file:5f3e6d8ae5c8f95e2fddd990:5f3e6d8ae5c8f95e2fdd","document","download","file","wix:file:5f3e6d8ae5c8f95e2fddd990","學期活動預算表","112","finance","migrate","migrated","downloads","downloads/<redacted>","file","wix:file:5f3e6d8ae5c8f95e2fddd990","5f3e6d8ae5c8f95e2fddd99026716a029101033a901ccafe501461b38a1f8bae","source-5f3e6d8ae5c8.pdf","application/pdf","98901","private-draft","requires-owner-review","[""migration/phase9/assets-manifest.jsonl"",""migration/phase9/content-manifest.jsonl"",""migration/phase9/manual-review.csv"",""migration/phase9/source-inventory.jsonl""]","[""sourceFilename is deterministically redacted; authoritative filename evidence remains only in the Phase 9 manifest.""]","","","",""
"wix:asset:wix:file:60339fa72b13d2999f69dd06:60339fa72b13d2999f69","document","download","file","wix:file:60339fa72b13d2999f69dd06","f3ba24_963987e9f53340af9a098b2b0600bf78","109","organization","migrate","migrated","downloads","downloads/<redacted>","file","wix:file:60339fa72b13d2999f69dd06","60339fa72b13d2999f69dd0691fb1133b3279250091e143b255a9102fa5e7e99","source-60339fa72b13.pdf","application/pdf","456218","private-draft","requires-owner-review","[""migration/phase9/assets-manifest.jsonl"",""migration/phase9/content-manifest.jsonl"",""migration/phase9/manual-review.csv"",""migration/phase9/source-inventory.jsonl""]","[""Phase 9 warnings: private_draft_document_may_contain_personal_data"",""sourceFilename is deterministically redacted; authoritative filename evidence remains only in the Phase 9 manifest.""]","","","",""
"wix:asset:wix:file:63cfed568f7d99489500216c:63cfed568f7d99489500","document","download","file","wix:file:63cfed568f7d99489500216c","f3ba24_9bcb072972104a34835ee74cf28a5e63","111","finance","migrate","migrated","downloads","downloads/<redacted>","file","wix:file:63cfed568f7d99489500216c","63cfed568f7d99489500216c74060c821efcae81014175db672305f58de0e8c6","source-63cfed568f7d.pdf","application/pdf","188360","private-draft","requires-owner-review","[""migration/phase9/assets-manifest.jsonl"",""migration/phase9/content-manifest.jsonl"",""migration/phase9/manual-review.csv"",""migration/phase9/source-inventory.jsonl""]","[""sourceFilename is deterministically redacted; authoritative filename evidence remains only in the Phase 9 manifest.""]","","","",""
"wix:asset:wix:file:65b1e1abce9823ceb2f35dda:65b1e1abce9823ceb2f3","document","download","file","wix:file:65b1e1abce9823ceb2f35dda","f3ba24_d15a514701ce41558362cc4cbadd25f8","111","finance","migrate","migrated","downloads","downloads/<redacted>","file","wix:file:65b1e1abce9823ceb2f35dda","65b1e1abce9823ceb2f35ddac678ff414e6c84f773424bde560857a607ce130c","source-65b1e1abce98.pdf","application/pdf","193288","private-draft","requires-owner-review","[""migration/phase9/assets-manifest.jsonl"",""migration/phase9/content-manifest.jsonl"",""migration/phase9/manual-review.csv"",""migration/phase9/source-inventory.jsonl""]","[""sourceFilename is deterministically redacted; authoritative filename evidence remains only in the Phase 9 manifest.""]","","","",""
"wix:asset:wix:file:72d413405514683aa64f5891:72d413405514683aa64f","document","download","file","wix:file:72d413405514683aa64f5891","Wix 文件 72d41340","111","organization","migrate","migrated","downloads","downloads/<redacted>","file","wix:file:72d413405514683aa64f5891","72d413405514683aa64f5891ceed7d67de7800d724048f4e68da0b090889a8c7","source-72d413405514.pdf","application/pdf","73613","private-draft","requires-owner-review","[""migration/phase9/assets-manifest.jsonl"",""migration/phase9/content-manifest.jsonl"",""migration/phase9/manual-review.csv"",""migration/phase9/source-inventory.jsonl""]","[""sourceFilename is deterministically redacted; authoritative filename evidence remains only in the Phase 9 manifest.""]","","","",""
"wix:asset:wix:file:761807c59197dd1755c8e662:761807c59197dd1755c8","document","download","file","wix:file:761807c59197dd1755c8e662","f3ba24_f258fe0f683d4a4b85233e3ae4204a48","111","finance","migrate","migrated","downloads","downloads/<redacted>","file","wix:file:761807c59197dd1755c8e662","761807c59197dd1755c8e6623d95e56616fa562b1891342c51e6fe8731cded63","source-761807c59197.pdf","application/pdf","211709","private-draft","requires-owner-review","[""migration/phase9/assets-manifest.jsonl"",""migration/phase9/content-manifest.jsonl"",""migration/phase9/manual-review.csv"",""migration/phase9/source-inventory.jsonl""]","[""sourceFilename is deterministically redacted; authoritative filename evidence remains only in the Phase 9 manifest.""]","","","",""
"wix:asset:wix:file:8490a7532a6706aa4b4fa12f:8490a7532a6706aa4b4f","document","download","file","wix:file:8490a7532a6706aa4b4fa12f","f3ba24_668193f4f9dc40abbd5360c4349b7f3e","112","organization","migrate","migrated","downloads","downloads/<redacted>","file","wix:file:8490a7532a6706aa4b4fa12f","8490a7532a6706aa4b4fa12f920ebadd7852b81f504ecd48dbbaf29ac95e3988","source-8490a7532a67.pdf","application/pdf","107757","private-draft","requires-owner-review","[""migration/phase9/assets-manifest.jsonl"",""migration/phase9/content-manifest.jsonl"",""migration/phase9/manual-review.csv"",""migration/phase9/source-inventory.jsonl""]","[""sourceFilename is deterministically redacted; authoritative filename evidence remains only in the Phase 9 manifest.""]","","","",""
"wix:asset:wix:file:a84719ce6814635cd33ebf42:a84719ce6814635cd33e","document","download","file","wix:file:a84719ce6814635cd33ebf42","f3ba24_f40afbb0dcf44d349e553d8c11fabead","114","organization","migrate","migrated","downloads","downloads/<redacted>","file","wix:file:a84719ce6814635cd33ebf42","a84719ce6814635cd33ebf424d7dedb954c583ea2fdd7e5f0d9595276993ef8c","source-a84719ce6814.pdf","application/pdf","58978","private-draft","requires-owner-review","[""migration/phase9/assets-manifest.jsonl"",""migration/phase9/content-manifest.jsonl"",""migration/phase9/manual-review.csv"",""migration/phase9/source-inventory.jsonl""]","[""sourceFilename is deterministically redacted; authoritative filename evidence remains only in the Phase 9 manifest.""]","","","",""
"wix:asset:wix:file:a8dd4833fe0e8f39782a96c1:a8dd4833fe0e8f39782a","document","download","file","wix:file:a8dd4833fe0e8f39782a96c1","f3ba24_cf51bc921bb64f2ebff5317986a4319e","111","finance","migrate","migrated","downloads","downloads/<redacted>","file","wix:file:a8dd4833fe0e8f39782a96c1","a8dd4833fe0e8f39782a96c18110db15cd9ed2f591fa8eaa48d1c5cfb9de5f90","source-a8dd4833fe0e.pdf","application/pdf","195769","private-draft","requires-owner-review","[""migration/phase9/assets-manifest.jsonl"",""migration/phase9/content-manifest.jsonl"",""migration/phase9/manual-review.csv"",""migration/phase9/source-inventory.jsonl""]","[""sourceFilename is deterministically redacted; authoritative filename evidence remains only in the Phase 9 manifest.""]","","","",""
"wix:asset:wix:file:b18e08a186c9bcb684812f5d:b18e08a186c9bcb68481","document","download","file","wix:file:b18e08a186c9bcb684812f5d","f3ba24_092d10a0375242089d318b33f68e1b40","114","finance","migrate","migrated","downloads","downloads/<redacted>","file","wix:file:b18e08a186c9bcb684812f5d","b18e08a186c9bcb684812f5d9726d4e54e771d7ddb91b4f9f597bc3542ea55e9","source-b18e08a186c9.pdf","application/pdf","206434","private-draft","requires-owner-review","[""migration/phase9/assets-manifest.jsonl"",""migration/phase9/content-manifest.jsonl"",""migration/phase9/manual-review.csv"",""migration/phase9/source-inventory.jsonl""]","[""sourceFilename is deterministically redacted; authoritative filename evidence remains only in the Phase 9 manifest.""]","","","",""
"wix:asset:wix:file:b3e6692cb0c07293a5fe23e4:b3e6692cb0c07293a5fe","document","download","file","wix:file:b3e6692cb0c07293a5fe23e4","Wix 文件 b3e6692c","111","organization","migrate","migrated","downloads","downloads/<redacted>","file","wix:file:b3e6692cb0c07293a5fe23e4","b3e6692cb0c07293a5fe23e4bffae369e9204af7c4ad63e5599aef479d1ef687","source-b3e6692cb0c0.pdf","application/pdf","82623","private-draft","requires-owner-review","[""migration/phase9/assets-manifest.jsonl"",""migration/phase9/content-manifest.jsonl"",""migration/phase9/manual-review.csv"",""migration/phase9/source-inventory.jsonl""]","[""sourceFilename is deterministically redacted; authoritative filename evidence remains only in the Phase 9 manifest.""]","","","",""
"wix:asset:wix:file:c40624c3103a6418dd4cd931:c40624c3103a6418dd4c","document","download","file","wix:file:c40624c3103a6418dd4cd931","f3ba24_600a746b8ab9419186b6d41af929ee07","113","finance","migrate","migrated","downloads","downloads/<redacted>","file","wix:file:c40624c3103a6418dd4cd931","c40624c3103a6418dd4cd931c3d03cc022ea3637854f6848a0335894460a56d7","source-c40624c3103a.pdf","application/pdf","332976","private-draft","requires-owner-review","[""migration/phase9/assets-manifest.jsonl"",""migration/phase9/content-manifest.jsonl"",""migration/phase9/manual-review.csv"",""migration/phase9/source-inventory.jsonl""]","[""sourceFilename is deterministically redacted; authoritative filename evidence remains only in the Phase 9 manifest.""]","","","",""
"wix:asset:wix:file:dcb696435cf76e68685e1eda:dcb696435cf76e68685e","document","download","file","wix:file:dcb696435cf76e68685e1eda","f3ba24_b4aa815adf6c4970957dd65622d236a3","114","organization","migrate","migrated","downloads","downloads/<redacted>","file","wix:file:dcb696435cf76e68685e1eda","dcb696435cf76e68685e1edafe8e81fa9d67dbd640be5c55db4c2506cefba09c","source-dcb696435cf7.pdf","application/pdf","57758","private-draft","requires-owner-review","[""migration/phase9/assets-manifest.jsonl"",""migration/phase9/content-manifest.jsonl"",""migration/phase9/manual-review.csv"",""migration/phase9/source-inventory.jsonl""]","[""sourceFilename is deterministically redacted; authoritative filename evidence remains only in the Phase 9 manifest.""]","","","",""
"wix:asset:wix:file:edf9ad6849ee0ce35383ffad:edf9ad6849ee0ce35383","document","download","file","wix:file:edf9ad6849ee0ce35383ffad","f3ba24_2c45f7c4945d4dffbfff13c0de369884","113","finance","migrate","migrated","downloads","downloads/<redacted>","file","wix:file:edf9ad6849ee0ce35383ffad","edf9ad6849ee0ce35383ffad39283a6929dad3571240253b35a3cf593617e504","source-edf9ad6849ee.pdf","application/pdf","161103","private-draft","requires-owner-review","[""migration/phase9/assets-manifest.jsonl"",""migration/phase9/content-manifest.jsonl"",""migration/phase9/manual-review.csv"",""migration/phase9/source-inventory.jsonl""]","[""sourceFilename is deterministically redacted; authoritative filename evidence remains only in the Phase 9 manifest.""]","","","",""
